Customer Name,Age,Satisfaction,Ticket_Count,Avg_Response_Hours,Avg_Resolution_Hours,High_Priority_Tickets,Cluster,PCA1,PCA2,Segment
Aaron Abbott,59,,1,,,0,3,-0.5608204212472517,0.42548567290777034,
Aaron Adams,53,,1,,,0,3,-0.5560375600109259,0.2716673703352278,
Aaron Aguilar,25,4.0,1,18.0,17.0,0,6,-0.28820789563909627,0.43165479048083905,
Aaron Brown,28,,1,,,0,4,-0.5361089715262347,-0.3692422237170325,
Aaron Carter,68,,1,,,1,1,0.9634448854789786,0.3616937275764834,High Value Satisfied Customers
Aaron Chavez,35,,1,21.0,,0,0,-0.5363882951255058,0.7907271271979982,Low Engagement Customers
Aaron Dixon,27,,1,20.0,,1,1,1.000880105441717,0.1896841064028572,High Value Satisfied Customers
Aaron Henry,70,2.0,2,20.0,10.5,0,5,2.0526780659642796,2.1238383790997624,
Aaron Hensley,65,,1,,,0,3,-0.5656032824835776,0.5793039754803129,
Aaron Kelly,27,3.0,1,0.0,20.0,0,4,-0.16574354061655847,-0.36599659218004904,
Aaron Martinez,45,5.0,1,12.0,7.0,1,2,0.797794305537244,-1.85216696689903,Frequent Support Users
Aaron Miller,36,,1,14.0,,0,4,-0.5410238629650759,0.10633565040186943,
Aaron Morales,24,1.0,2,1.0,20.0,0,5,2.484255710561445,0.8453114755231796,
Aaron Nelson,41,,1,,,1,1,0.984967761042445,-0.3304886339999579,High Value Satisfied Customers
Aaron Norris,26,,2,16.0,,1,5,3.629207505262084,-0.22298741491170374,
Aaron Petty,38,2.0,1,19.0,8.0,0,0,-0.656469461781058,0.8559989975033837,Low Engagement Customers
Aaron Pope,19,2.0,1,16.0,13.0,0,4,-0.4342005073549333,0.7193050139394555,
Aaron Powell,55,4.0,1,4.0,14.0,0,3,-0.44506001011922186,-0.6121263952373311,
Aaron Reed,19,4.0,1,5.0,17.0,1,6,1.2408860619061812,-1.3353060808899253,
Aaron Reese,21,,1,,,0,4,-0.5305289667505212,-0.5486969100516654,
Aaron Roberts,31,,1,9.0,,1,1,0.9916597216695939,-0.8235284251402685,High Value Satisfied Customers
Aaron Salazar,51,4.0,1,22.0,7.0,0,0,-0.7242767746758891,0.19454104944697642,Low Engagement Customers
Aaron Stephens,43,,1,10.0,,0,4,-0.5487972530551793,-0.11993986929676577,
Abigail Davis,42,,1,4.0,,0,4,-0.5512901874873768,-0.7541715621087582,
Abigail Harrison,19,1.0,1,13.0,5.0,0,4,-0.7612068558844721,-0.0484597809904882,
Abigail Jones,41,,1,5.0,,0,4,-0.5499446976193916,-0.6783753943625317,
Abigail Kennedy,31,,1,11.0,,0,4,-0.5386831842539301,-0.3261439229335337,
Abigail Lee,60,5.0,1,18.0,20.0,1,6,1.3319247224432496,0.8431810009281548,
Abigail Vaughn,29,,1,22.0,,1,1,1.0003825110201365,0.44382197694367204,High Value Satisfied Customers
Abigail Walls,35,,1,14.0,,0,4,-0.5402267194256882,0.080699266639779,
Abigail White PhD,40,,1,,,0,4,-0.5456746939988865,-0.06160561857194756,
Adam Beltran,30,,1,,,1,1,0.9937363399757091,-0.6124888553829524,High Value Satisfied Customers
Adam Bennett,55,,1,1.0,,0,3,-0.5632980924852087,-0.725196227726534,
Adam Booth,68,1.0,1,10.0,12.0,0,3,-0.5096363556712865,1.8199983162440283,
Adam Carlson,39,,1,19.0,,0,0,-0.5406735619402513,0.6904075592297257,Low Engagement Customers
Adam Carroll Jr.,45,,1,11.0,,0,3,-0.5498431938053572,0.0327654497357321,
Adam Delgado,65,2.0,1,22.0,6.0,0,0,-0.7598546048241528,1.5906010286284797,Low Engagement Customers
Adam Dennis,50,1.0,1,14.0,6.0,0,0,-0.7436163060441813,0.9786396596307799,Low Engagement Customers
Adam Ellis,46,,1,17.0,,0,0,-0.5473502593731598,0.6669971425477247,Low Engagement Customers
Adam French,48,,1,8.0,,0,3,-0.5538796634093126,-0.19462305350294767,
Adam Garcia,44,5.0,1,12.0,22.0,0,6,-0.10654335101343133,0.380800935851203,
Adam Green,30,3.0,1,10.0,9.0,0,4,-0.6219416935085608,-0.7150908431802374,
Adam Hamilton,59,1.0,1,19.0,1.0,0,0,-0.9568171324192346,1.0618349085904377,Low Engagement Customers
Adam Hayes,45,,1,,,0,3,-0.5496604116958247,0.0665763002385045,
Adam Henson,28,,1,9.0,,0,4,-0.5373884462929622,-0.6059181772364389,
Adam Howard,69,,1,18.0,,0,0,-0.5651362144504782,1.3580665205841214,Low Engagement Customers
Adam Jensen,61,,1,,,1,1,0.9690248902546921,0.18223904124185047,High Value Satisfied Customers
Adam Johnson,48,1.0,1,4.0,5.0,0,3,-0.7892591354840913,-0.2178976154647192,
Adam Jones MD,53,3.0,1,14.0,4.0,0,3,-0.8468508757636387,-0.3744187730596307,
Adam Lee,43,4.0,1,14.0,16.0,0,6,-0.34650351789517436,0.3564404996770505,
Adam Lopez,28,3.0,1,13.0,2.0,0,4,-0.9109779400729658,-1.3786389035965043,
Adam Martin,32,,1,19.0,,0,0,-0.5350935571645378,0.510952872895093,Low Engagement Customers
Adam Matthews,65,,1,,,0,3,-0.5656032824835776,0.5793039754803129,
Adam Morales,41,4.0,1,15.0,19.0,0,6,-0.2190999247896703,0.7994172611256312,
Adam Morgan,53,,1,5.0,,1,1,0.9719291784886757,-0.6652581884075475,High Value Satisfied Customers
Adam Nelson,21,,1,2.0,,1,1,0.995792732763288,-1.7899201233193918,High Value Satisfied Customers
Adam Nunez,47,,1,17.0,,0,0,-0.5481474029125475,0.6926335263098151,Low Engagement Customers
Adam Pope,55,,1,22.0,,0,0,-0.5517828195846612,1.4048873539481237,Low Engagement Customers
Adam Powers,22,,1,,,1,1,1.00011348829081,-0.8175799254796757,High Value Satisfied Customers
Adam Reeves,46,2.0,1,19.0,3.0,1,1,0.6598247223210078,0.11187570596926527,High Value Satisfied Customers
Adam Silva,69,,1,22.0,,0,0,-0.5629428291360883,1.7637967266173895,Low Engagement Customers
Adam Smith,42,,1,9.0,,1,1,0.9828911427363298,-0.541528203757274,High Value Satisfied Customers
Adrian Curry,23,,1,19.0,,0,0,-0.527919265310049,0.2802254190362791,Low Engagement Customers
Adrian Ford,35,2.0,1,5.0,9.0,1,1,0.9114383720501694,-0.8045462816012785,High Value Satisfied Customers
Adrian Glover,19,,1,5.0,,0,4,-0.5324075397528634,-1.2423758371285207,
Adrian Harmon,63,5.0,1,13.0,18.0,0,6,-0.28815534486404076,0.4455688088866454,
Adrian Knight,40,,1,,,0,4,-0.5456746939988865,-0.06160561857194756,
Adrian Morris,50,1.0,1,15.0,17.0,0,7,-0.2837777741557694,2.520401128508727,
Adrian Valenzuela,19,,1,6.0,,0,4,-0.5318591934242659,-1.1409432856202038,
Adrian Williams,39,,1,,,0,4,-0.5448775504594988,-0.08724200233403799,
Adriana Mason,41,,1,,,0,4,-0.5464718375382741,-0.03596923480985717,
Adriana Sanders,60,5.0,1,19.0,15.0,0,6,-0.40773479597242407,0.5844379891858318,
Adriana Warner,18,,1,,,1,1,1.0033020624483606,-0.9201254605280375,High Value Satisfied Customers
Adrienne Foley,63,,1,0.0,,0,3,-0.5702235871289073,-0.6215377091381276,
Adrienne Johns,29,,1,,,0,4,-0.5369061150656224,-0.34360583995494215,
Adrienne Mcfarland,42,,1,,,0,4,-0.5472689810776618,-0.010332851047766755,
Adrienne Smith MD,22,,1,3.0,,1,1,0.9955439355524978,-1.6628511880489842,High Value Satisfied Customers
Aimee Vasquez,43,1.0,1,21.0,2.0,0,0,-0.901212489899127,0.9854568639017733,Low Engagement Customers
Alan Barton,48,,1,,,0,3,-0.5520518423139876,0.14348545152477576,
Alan Ford,64,,1,6.0,,0,3,-0.56773065269671,0.012693983673864857,
Alan Garcia,22,,1,,,0,4,-0.5313261102899088,-0.523060526289575,
Alan Krueger,39,,1,18.0,,0,0,-0.5412219082688489,0.5889750077214088,Low Engagement Customers
Alan Smith,45,,1,,,0,3,-0.5496604116958247,0.0665763002385045,
Alan Vang,39,3.0,1,15.0,18.0,0,7,-0.25059137462566855,1.201250300613495,
Albert Escobar,52,,1,22.0,,0,0,-0.5493913889664983,1.3279782026618525,Low Engagement Customers
Alec Robinson,28,,1,22.0,,1,1,1.0011796545595242,0.4181855931815816,High Value Satisfied Customers
Alejandra Hernandez,69,,1,,,0,3,-0.5687918566411282,0.6818495105286746,
Alejandro Delgado,49,,1,,,1,1,0.9785906127273438,-0.12539756390323456,High Value Satisfied Customers
Alex Allen,46,,1,13.0,,0,3,-0.5495436446875499,0.2612669365144566,
Alex Chaney,37,,1,,,0,4,-0.5432832633807235,-0.13851476985821884,
Alex Collins,52,,1,,,0,3,-0.5552404164715382,0.2460309865731374,
Alex Faulkner,38,,1,15.0,,1,1,0.9893697948654654,-0.03547842975573348,High Value Satisfied Customers
Alex Henderson,21,,1,19.0,,0,0,-0.5263249782312737,0.22895265151209826,Low Engagement Customers
Alex Hill,25,4.0,1,0.0,9.0,0,4,-0.6321073554155344,-2.4416430765740524,
Alex Jones,23,,1,,,0,4,-0.5321232538292965,-0.4974241425274846,
Alex Rhodes,65,,1,20.0,,0,0,-0.5608509476357326,1.4583860885523938,Low Engagement Customers
Alex Thomas,43,1.0,1,18.0,10.0,1,1,0.9626112955574829,1.4341517500919068,High Value Satisfied Customers
Alex Valdez,27,,1,,,0,4,-0.5353118279868471,-0.39487860747912296,
Alexa Alvarado,27,,1,,,0,4,-0.5353118279868471,-0.39487860747912296,
Alexa Boyd,50,,1,,,1,1,0.9777934691879562,-0.09976118014114416,High Value Satisfied Customers
Alexa Wilson,70,2.0,1,22.0,0.0,1,1,0.5170773566633656,0.6386295933199418,High Value Satisfied Customers
Alexander Andrade,27,4.0,1,7.0,6.0,0,2,-0.7551241778922584,-2.073159425956097,Frequent Support Users
Alexander Blake,37,,1,,,0,4,-0.5432832633807235,-0.13851476985821884,
Alexander Carroll,67,1.0,1,0.0,19.0,0,7,-0.22204710278890105,1.696609364815805,
Alexander Duarte,68,,1,,,0,3,-0.5679947131017405,0.6562131267665842,
Alexander Garcia,69,,1,2.0,,0,3,-0.5739097557080381,-0.26485430354895106,
Alexander Gonzales,59,4.0,1,4.0,13.0,1,1,1.0414373610712362,-0.9350392518672184,High Value Satisfied Customers
Alexander Gonzalez,25,,1,19.0,,0,0,-0.5295135523888242,0.33149818656046,Low Engagement Customers
Alexander Guzman,65,3.0,1,9.0,21.0,0,7,-0.14934622492320115,1.6520179468423881,
Alexander Henry,25,,1,,,0,4,-0.5337175409080718,-0.4461513750033039,
Alexander Lee,20,5.0,1,0.0,6.0,0,2,-0.7620505137346643,-3.5466867723491418,Frequent Support Users
Alexander Martin,33,,1,,,0,4,-0.5400946892231729,-0.24106030490658048,
Alexander Moore,38,,1,,,0,4,-0.5440804069201112,-0.11287838609612842,
Alexander Nunez,33,,1,,,0,4,-0.5400946892231729,-0.24106030490658048,
Alexander Perez,64,2.0,1,6.0,22.0,0,7,-0.09977255081895871,2.0370677005436875,
Alexander Ramos,20,,1,10.0,,0,4,-0.5304629516492635,-0.7095766958248453,
Alexander Ritter,29,2.0,1,11.0,20.0,1,7,1.3788014968178945,1.090559642245711,
Alexander Walton,41,,1,8.0,,0,4,-0.5482996586335991,-0.37407773983758064,
Alexandra Blake,41,4.0,1,15.0,1.0,0,2,-0.9706656829784576,-1.557484603661036,Frequent Support Users
Alexandra Flores,70,1.0,1,3.0,18.0,1,7,1.2668924509267372,1.6523577789487782,
Alexandra Gonzalez,26,3.0,1,1.0,19.0,0,4,-0.20615170398128374,-0.42113941692197077,
Alexandra Hall,18,,1,,,0,4,-0.5281375361323583,-0.6256060613379367,
Alexandra Harvey,66,,1,,,0,3,-0.5664004260229653,0.6049403592424033,
Alexandra Jones,67,,1,12.0,,1,1,0.9646075932374312,0.4036790448199375,High Value Satisfied Customers
Alexandra Leblanc,36,,1,,,0,4,-0.5424861198413359,-0.16415115362030927,
Alexandra Robinson,36,,1,22.0,,0,0,-0.5366370923362959,0.9177960624684057,Low Engagement Customers
Alexandra Sanchez,62,,1,19.0,,0,0,-0.5590078633461673,1.2800443857578054,Low Engagement Customers
Alexandra Solis,46,,1,,,0,3,-0.5504575552352123,0.09221268400059492,
Alexandra Wells,19,,1,,,0,4,-0.5289346796717459,-0.5999696775758463,
Alexandria Burke,70,,1,,,0,3,-0.5695890001805158,0.7074858942907649,
Alexandria Knight,37,,1,23.0,,0,0,-0.536885889547086,1.0448649977388131,Low Engagement Customers
Alexandria Mendoza,47,,1,18.0,,1,1,0.9838405419967691,0.4995466786280313,High Value Satisfied Customers
Alexandria Rivera,68,,1,20.0,,0,0,-0.5632423782538956,1.535295239838665,Low Engagement Customers
Alexandria Wilson,21,3.0,1,12.0,22.0,0,7,-0.07087321697164174,0.9592537083235091,
Alexis Allen,62,3.0,1,2.0,5.0,0,3,-0.8188516703285871,-1.229942944812473,
Alexis Baker,52,,1,7.0,,0,3,-0.5576165838954608,-0.1935100699629031,
Alexis Barrett,35,3.0,1,21.0,14.0,0,0,-0.4111273354273746,1.1835441046624426,Low Engagement Customers
Alexis Bell,18,3.0,1,14.0,19.0,0,4,-0.19264605339441507,0.6923926825894273,
Alexis Dodson,62,2.0,1,21.0,15.0,0,0,-0.3822286414401938,2.590710258227225,Low Engagement Customers
Alexis Hodge,48,3.0,1,0.0,6.0,0,3,-0.7670347002016447,-1.6607784280102247,
Alexis Ingram,49,5.0,1,8.0,18.0,0,6,-0.27973706695560124,-0.42050332132420565,
Alexis Lynn,69,,1,19.0,,1,1,0.9668517304588383,1.1649796729023376,High Value Satisfied Customers
Alexis Savage,43,,1,19.0,,0,0,-0.5438621360978019,0.7929530942780875,Low Engagement Customers
Alexis Wagner,18,4.0,1,4.0,10.0,0,4,-0.5825803120927205,-2.084428564387269,
Alexis Warren,32,,1,17.0,,0,0,-0.5361902498217328,0.3080877698784589,Low Engagement Customers
Alfred Ortiz,63,5.0,1,19.0,15.0,0,6,-0.410126226590587,0.6613471404721031,
Alfred Vincent,46,,1,,,0,3,-0.5504575552352123,0.09221268400059492,
Alfred Williams,53,,1,12.0,,0,3,-0.5556719957918609,0.33928907134077246,
Alicia Bell,21,4.0,1,21.0,11.0,0,0,-0.5338962018920156,-0.1522270449714604,Low Engagement Customers
Alicia Johnson,67,2.0,2,11.0,16.0,1,5,3.811219070985692,1.559681323733352,
Alicia Lane,50,,1,,,0,3,-0.5536461293927629,0.19475821904895657,
Alicia Martin,53,4.0,1,5.0,22.0,0,6,-0.10888815085016575,0.4855453286519904,
Alicia Medina,37,,1,23.0,,0,0,-0.536885889547086,1.0448649977388131,Low Engagement Customers
Alicia Patterson,21,2.0,1,12.0,4.0,0,4,-0.8137710588424921,-0.8136033569629653,
Alicia Stewart,29,,1,22.0,,0,0,-0.5310570875605823,0.7383413761337728,Low Engagement Customers
Alisha Jackson,60,,1,,,0,3,-0.5616175647866394,0.45112205666986077,
Alisha Vazquez,67,,1,20.0,,0,0,-0.5624452347145079,1.5096588560765747,Low Engagement Customers
Alison Carroll,22,3.0,1,11.0,7.0,0,4,-0.698523505330283,-1.08062734674494,
Alison Clark,28,3.0,1,4.0,18.0,0,4,-0.24785460530697692,-0.19650798736098685,
Alison Duran,52,,1,,,0,3,-0.5552404164715382,0.2460309865731374,
Alison Ford,69,,1,10.0,,0,3,-0.5695229850792582,0.5466061085175852,
Alison Gates,59,1.0,1,14.0,17.0,0,7,-0.2915004123388557,2.6496960308592237,
Alison Gibson,47,1.0,1,18.0,9.0,0,0,-0.6137705304134972,1.700277691842221,Low Engagement Customers
Alison Hall,56,,1,,,1,1,0.9730106079516303,0.054057122431398374,High Value Satisfied Customers
Alison Larsen,57,4.0,1,10.0,22.0,0,6,-0.10933499336472886,1.0952536212419373,
Alison Thompson,59,,1,,,0,3,-0.5608204212472517,0.42548567290777034,
Alison Williams,36,,1,4.0,,1,1,0.9849322723296682,-1.2025092638714017,High Value Satisfied Customers
Allen Anderson Jr.,59,,1,15.0,,1,1,0.9726297805383248,0.5028856292481654,High Value Satisfied Customers
Allen Davis,19,,1,,,0,4,-0.5289346796717459,-0.5999696775758463,
Allen Guzman,58,,1,,,0,3,-0.5600232777078641,0.3998492891456799,
Allen Johnson,47,,1,,,1,1,0.9801848998061191,-0.17667033142741542,High Value Satisfied Customers
Allen Jones,59,,1,,,0,3,-0.5608204212472517,0.42548567290777034,
Allen Patterson DDS,47,,1,,,0,3,-0.5512546987746,0.11784906776268533,
Allen Scott,29,,1,,,0,4,-0.5369061150656224,-0.34360583995494215,
Allen Singleton,43,,1,,,0,4,-0.5480661246170494,0.015303532714323676,
Allen Sosa,39,,1,12.0,,0,4,-0.5445119862404338,-0.019620301328493368,
Allison Castro,33,,1,5.0,,0,4,-0.5435675493042904,-0.883466464459255,
Allison Edwards,23,,1,16.0,,0,4,-0.5295643042958414,-0.024072235488671895,
Allison Hart,67,2.0,1,20.0,12.0,1,1,1.0194159334168582,1.9301232488748148,High Value Satisfied Customers
Allison Hartman,69,5.0,1,14.0,6.0,0,2,-0.7934336985642939,-0.8704482468902731,Frequent Support Users
Allison Johnson,18,,1,,,1,1,1.0033020624483606,-0.9201254605280375,High Value Satisfied Customers
Allison Jones,40,,1,0.0,,0,4,-0.5518892857229915,-1.2111745356662071,
Allison King,67,,2,16.0,,1,5,3.59652462014719,0.8281043193340036,
Allison Knapp,57,3.0,1,10.0,19.0,0,7,-0.2259280367449233,1.2864814432776854,
Allison Lewis,25,,1,,,0,4,-0.5337175409080718,-0.4461513750033039,
Allison Morales,69,,1,,,0,3,-0.5687918566411282,0.6818495105286746,
Allison Nicholson,30,,1,,,1,1,0.9937363399757091,-0.6124888553829524,High Value Satisfied Customers
Allison Peterson,35,1.0,1,3.0,2.0,0,4,-0.9047055754987807,-1.0454201333446564,
Allison Sanchez,38,2.0,1,13.0,5.0,1,1,0.7464190991299448,-0.4399326882010638,High Value Satisfied Customers
Allison Stevenson,21,2.0,1,14.0,15.0,0,4,-0.35338418062548277,0.8295906634232987,
Allison Sullivan,61,3.0,1,17.0,21.0,0,7,-0.1417708801368706,2.360932823860563,
Allison Webster,41,,1,7.0,,0,4,-0.5488480049621965,-0.4755102913458977,
Alvin Frazier,62,,1,,,0,3,-0.5632118518654147,0.5023948241940417,
Alvin Stephenson,21,4.0,1,22.0,10.0,0,0,-0.5751015087961284,-0.18173348595129146,Low Engagement Customers
Alyssa Baxter,60,4.0,1,5.0,23.0,0,6,-0.07271450239316891,0.7959390074747714,
Alyssa Brown,67,1.0,1,18.0,11.0,0,0,-0.5462060947358293,2.4748833520603264,Low Engagement Customers
Alyssa Bryant,25,2.0,1,15.0,19.0,1,7,1.3424298030571247,1.2628053207424692,
Alyssa Bush,64,,1,,,0,3,-0.56480613894419,0.5536675917182224,
Alyssa Hughes,59,,1,16.0,,0,3,-0.5582614717137968,0.8988375799465831,
Alyssa Lucas,69,,1,22.0,,1,1,0.9684967694446308,1.4692773274272888,High Value Satisfied Customers
Alyssa Medina,63,4.0,1,5.0,1.0,1,2,0.5377532944497584,-2.3023290751683176,Frequent Support Users
Alyssa Moore,49,3.0,1,12.0,13.0,0,3,-0.4689761151688896,0.4986215212687071,
Alyssa Reynolds,39,,1,,,0,4,-0.5448775504594988,-0.08724200233403799,
Alyssa Spence,65,,1,,,0,3,-0.5656032824835776,0.5793039754803129,
Alyssa Vazquez,58,,1,7.0,,0,3,-0.5623994451317866,-0.039691767390360594,
Alyssa Williams,36,,1,1.0,,0,4,-0.5481523652368434,-1.2122875192062519,
Amanda Anderson,56,,1,13.0,,0,3,-0.5575150800814264,0.5176307741353608,
Amanda Bond,67,,1,23.0,,1,1,0.9706394028520037,1.519437111411425,High Value Satisfied Customers
Amanda Bradford,21,,1,,,0,4,-0.5305289667505212,-0.5486969100516654,
Amanda Brown,52,,1,,,0,3,-0.5552404164715382,0.2460309865731374,
Amanda Burton,40,1.0,1,0.0,11.0,0,4,-0.5345534530871178,-0.043084936665821846,
Amanda Cherry,49,1.0,1,5.0,3.0,1,1,0.6584243594204168,-0.6472260643607091,High Value Satisfied Customers
Amanda Copeland,52,,1,,,1,1,0.9761991821091809,-0.04848841261696332,High Value Satisfied Customers
Amanda Davis,42,2.5,2,11.5,8.0,0,5,1.9616190500333104,-0.07552693502993106,
Amanda Evans,60,,1,,,0,3,-0.5616175647866394,0.45112205666986077,
Amanda Flores,65,,1,3.0,,1,1,0.961266763358829,-0.5604866862790965,High Value Satisfied Customers
Amanda Flores DVM,29,,1,,,0,4,-0.5369061150656224,-0.34360583995494215,
Amanda Franklin,40,,1,,,0,4,-0.5456746939988865,-0.06160561857194756,
Amanda Frazier,33,,1,17.0,,0,0,-0.5369873933611204,0.3337241536405493,Low Engagement Customers
Amanda Garrett,41,,1,19.0,,0,0,-0.5422678490190266,0.7416803267539066,Low Engagement Customers
Amanda Garrison,69,5.0,1,7.0,22.0,0,6,-0.12921367114110996,0.5145477723618785,
Amanda Gilmore,63,5.0,1,18.0,17.0,0,6,-0.3271672664537637,0.8217925739400823,
Amanda Gray,46,,1,1.0,,1,1,0.9753157979499992,-1.2504430807754483,High Value Satisfied Customers
Amanda Greene,68,2.0,1,11.0,19.0,0,7,-0.22548035303165306,2.25395901566919,
Amanda Hall DDS,70,,1,,,0,3,-0.5695890001805158,0.7074858942907649,
Amanda Hartman,70,3.0,1,18.0,19.0,0,7,-0.2319041321281827,2.431214844251397,
Amanda Hayes,45,5.0,1,10.0,12.0,0,6,-0.525973719537118,-1.1058177082848222,
Amanda Higgins,63,,1,21.0,,0,0,-0.5587083142283599,1.50854587253653,Low Engagement Customers
Amanda Jenkins,70,,1,2.0,,1,1,0.9567326993332932,-0.5337373189769614,High Value Satisfied Customers
Amanda Johnson,55,,2,0.0,,1,5,3.5973168013622816,-1.1024531099441541,
Amanda Jones,55,,1,,,0,3,-0.5576318470897011,0.32294013785940867,
Amanda Jordan,59,,1,14.0,,1,1,0.9720814342097273,0.40145307773984823,High Value Satisfied Customers
Amanda King,56,,1,16.0,,0,0,-0.5558700410956339,0.8219284286603119,Low Engagement Customers
Amanda Lewis,48,,1,11.0,,0,3,-0.5522346244235201,0.10967460102200335,
Amanda Lopez,52,,1,,,0,3,-0.5552404164715382,0.2460309865731374,
Amanda Martinez,60,,1,,,0,3,-0.5616175647866394,0.45112205666986077,
Amanda Mccoy,44,,1,0.0,,0,3,-0.555077859880542,-1.1086290006178454,
Amanda Mcdowell,26,,1,,,0,4,-0.5345146844474594,-0.42051499124121344,
Amanda Miller,31,,1,19.0,,0,0,-0.5342964136251501,0.48531648913300246,Low Engagement Customers
Amanda Munoz,19,,1,8.0,,0,4,-0.5307625007670709,-0.9380781826035698,
Amanda Nguyen,30,3.0,1,13.0,2.0,1,1,0.618867371428978,-1.6218855352624244,High Value Satisfied Customers
Amanda Perkins,69,,1,,,1,1,0.9626477419395909,0.3873301113385738,High Value Satisfied Customers
Amanda Perry,66,,1,,,1,1,0.9650391725577538,0.3104209600523025,High Value Satisfied Customers
Amanda Potter,28,,2,0.0,,1,5,3.6188396769257483,-1.794635471520595,
Amanda Pratt,29,,1,11.0,,0,4,-0.5370888971751548,-0.37741669045771453,
Amanda Ramirez,61,,1,,,1,1,0.9690248902546921,0.18223904124185047,High Value Satisfied Customers
Amanda Robertson,18,2.5,2,15.0,12.0,0,5,2.1496843200595475,0.18796975491160117,
Amanda Salazar,35,,1,,,0,4,-0.5416889763019482,-0.18978753738239967,
Amanda Sanchez,30,4.0,1,14.0,14.0,0,6,-0.4196479583485557,-0.23871047420642139,
Amanda Scott,66,,1,,,0,3,-0.5664004260229653,0.6049403592424033,
Amanda Simpson,58,5.0,1,18.0,10.0,1,2,0.9159824771949209,-0.5174816914775077,Frequent Support Users
Amanda Smith,30,4.5,3,16.333333333333332,21.5,0,5,5.149897240695271,0.7253756601855955,
Amanda Stevens,43,,1,,,0,4,-0.5480661246170494,0.015303532714323676,
Amanda Suarez,65,4.0,1,4.0,21.0,1,6,1.3706837256965936,0.2662909906105095,
Amanda Thompson,47,1.0,1,12.0,10.0,0,7,-0.5753069551523717,1.222621375280467,
Amanda Walsh,61,5.0,1,16.0,15.0,0,6,-0.4101769784976042,0.3057767184229711,
Amanda Ward,59,1.0,1,7.0,23.0,1,7,1.4866226813379433,2.430782726039792,
Amanda Waters,65,,1,4.0,,1,1,0.9618151096874265,-0.4590541347707795,High Value Satisfied Customers
Amanda Wells,52,1.0,1,11.0,16.0,0,7,-0.3293190997816451,2.0350046975114915,
Amanda Wiggins,26,,1,,,0,4,-0.5345146844474594,-0.42051499124121344,
Amanda Wilson,18,,1,12.0,,1,1,1.0036676266674258,-0.8525037595224929,High Value Satisfied Customers
Amanda Young,21,,1,,,0,4,-0.5305289667505212,-0.5486969100516654,
Amber Black,64,,1,,,0,3,-0.56480613894419,0.5536675917182224,
Amber Chapman,18,,1,21.0,,0,0,-0.5228368549559158,0.3549086032424611,Low Engagement Customers
Amber Chen,50,,1,11.0,,0,3,-0.5538289115022954,0.16094736854618416,
Amber Cherry,51,,1,15.0,,0,0,-0.5524326697272931,0.5923139583415428,Low Engagement Customers
Amber Conley,51,,1,10.0,,0,3,-0.5551744013702806,0.08515120079995757,
Amber Dixon,55,,1,,,0,3,-0.5576318470897011,0.32294013785940867,
Amber Erickson,23,5.0,1,18.0,5.0,1,2,0.7351142349099364,-2.0694500855914133,Frequent Support Users
Amber Gentry,18,5.0,1,0.0,2.0,0,2,-0.9274708395867306,-4.121715509825917,Frequent Support Users
Amber Harris,63,4.0,1,3.0,22.0,0,6,-0.11795627890123724,0.5390440632562608,
Amber Heath,24,4.0,2,7.5,6.0,1,5,3.4087046660662916,-2.3751766321975127,
Amber Henson,52,,1,,,0,3,-0.5552404164715382,0.2460309865731374,
Amber Hernandez,35,,1,3.0,,0,4,-0.5462585290402607,-1.0350587999517082,
Amber Herrera,26,4.0,1,0.0,18.0,0,6,-0.25712161986052845,-1.2375557604186287,
Amber Hill,41,,1,,,1,1,0.984967761042445,-0.3304886339999579,High Value Satisfied Customers
Amber Jenkins,22,,1,20.0,,0,0,-0.5265737754420639,0.35602158678250584,Low Engagement Customers
Amber Long,52,1.0,1,1.0,11.0,0,3,-0.5435708292311721,0.3659842199875801,
Amber Miller,19,,1,,,0,4,-0.5289346796717459,-0.5999696775758463,
Amber Nelson,63,4.0,1,11.0,5.0,0,2,-0.8233816132285341,-0.875458396975722,Frequent Support Users
Amber Nguyen,55,3.0,1,15.0,7.0,0,0,-0.7226358568156853,0.17110352343731167,Low Engagement Customers
Amber Palmer,20,,1,8.0,,0,4,-0.5315596443064585,-0.9124417988414794,
Amber Phillips,44,1.0,1,21.0,15.0,0,7,-0.35921214141327934,2.71330015000979,
Amber Shaw,26,,1,10.0,,0,4,-0.5352458128855894,-0.5557583932523028,
Amber Stewart,42,3.0,1,19.0,13.0,0,0,-0.4595576860929935,1.0291946954922935,Low Engagement Customers
Amber West,53,3.0,1,16.0,15.0,0,0,-0.38646399754662936,1.2687752473266334,Low Engagement Customers
Amber White,23,,1,,,1,1,0.9993163447514226,-0.7919435417175853,High Value Satisfied Customers
Amber Williams,40,3.0,1,1.0,10.0,1,1,0.9383450059536147,-1.5352003758361392,High Value Satisfied Customers
Amber Yates,22,,1,,,1,1,1.00011348829081,-0.8175799254796757,High Value Satisfied Customers
Amber Zamora,40,3.0,1,3.0,15.0,0,4,-0.3832296338063574,-0.38312091118866354,
Amy Anderson,40,,1,2.0,,0,4,-0.5507925930657964,-1.008309432649573,
Amy Atkins,56,,1,,,1,1,0.9730106079516303,0.054057122431398374,High Value Satisfied Customers
Amy Barr,49,5.0,1,13.0,16.0,0,6,-0.3605026417780346,-0.1752185487589168,
Amy Berry,59,,1,,,1,1,0.9706191773334674,0.1309662737176696,High Value Satisfied Customers
Amy Bradley,60,5.0,1,7.0,11.0,1,6,0.9501100337342835,-1.4510279980566658,
Amy Braun,61,,1,20.0,,0,0,-0.557662373478182,1.355840553504032,Low Engagement Customers
Amy Byrd,24,2.0,1,4.0,17.0,0,7,-0.27775176806419993,0.1540522846026959,
Amy Campbell,58,,1,,,0,3,-0.5600232777078641,0.3998492891456799,
Amy Carlson,51,,1,,,0,3,-0.5544432729321506,0.220394602811047,
Amy Chase,21,1.0,1,18.0,7.0,0,0,-0.6765521048548391,0.771853729051574,Low Engagement Customers
Amy Church,48,,1,0.0,,0,3,-0.5582664340380926,-1.0060834655694837,
Amy Clark,34,,2,,,0,5,2.0888318088328086,-0.19672885266369233,
Amy Crosby,23,,1,,,0,4,-0.5321232538292965,-0.4974241425274846,
Amy Ellis,63,1.0,1,2.0,1.0,1,1,0.5621120044177764,-0.8544923311926905,High Value Satisfied Customers
Amy Estrada,43,,1,,,0,4,-0.5480661246170494,0.015303532714323676,
Amy Ferguson,53,,1,2.0,,1,1,0.9702841395028832,-0.9695558429324985,High Value Satisfied Customers
Amy Fisher,19,1.0,1,13.0,5.0,0,4,-0.7612068558844721,-0.0484597809904882,
Amy Fuentes,50,,1,2.0,,1,1,0.9726755701210461,-1.0464649942187698,High Value Satisfied Customers
Amy Garcia,67,4.0,2,16.0,20.0,0,5,2.4321999843429283,1.7170298514172448,
Amy Goodman,51,,1,,,1,1,0.9769963256485685,-0.07412479637905373,High Value Satisfied Customers
Amy Green,38,,2,12.0,,1,5,3.617448397475042,-0.32108101579988685,
Amy Gross,56,,1,,,0,3,-0.5584289906290888,0.3485765216214991,
Amy Harding,66,,1,21.0,,0,0,-0.5610997448465228,1.5854550238228011,Low Engagement Customers
Amy Harris,50,,1,3.0,,0,3,-0.5582156821310754,-0.650513043520352,
Amy Hayes,47,,2,11.0,,2,5,5.141165357872675,-0.48630551263949084,
Amy Hernandez,29,2.0,1,8.0,17.0,1,7,1.251895498133971,0.39344501025631534,
Amy Hill,48,4.0,1,6.0,23.0,1,6,1.4688391649887993,0.29521555464790256,
Amy House,23,,1,,,1,1,0.9993163447514226,-0.7919435417175853,High Value Satisfied Customers
Amy Jacobs,48,,1,20.0,,1,1,0.9841400911145765,0.7280481654067559,High Value Satisfied Customers
Amy Jennings,31,,1,16.0,,0,4,-0.5359414526109426,0.18101883460805138,
Amy Johnson,58,,2,9.5,,0,5,2.068695062285076,0.23258467986122966,
Amy Lara,69,2.0,1,19.0,1.0,0,0,-0.9734564841310479,0.7341539467111493,Low Engagement Customers
Amy Lee,45,,1,,,1,1,0.9817791868848944,-0.22794309895159623,High Value Satisfied Customers
Amy Lewis,33,4.0,1,4.0,21.0,1,6,1.3961923189569982,-0.5540732897763837,
Amy Mann,41,,1,,,0,4,-0.5464718375382741,-0.03596923480985717,
Amy Martin,40,,1,20.0,,0,0,-0.5409223591510415,0.8174764945001333,Low Engagement Customers
Amy Martinez,44,,1,18.0,,0,0,-0.5452076259657871,0.7171569265318609,Low Engagement Customers
Amy Mcintyre,28,5.0,1,2.0,11.0,0,2,-0.5585627032290184,-2.4840356367950434,Frequent Support Users
Amy Miller,60,,1,2.0,,0,3,-0.5667354638535493,-0.49558175740776483,
Amy Mills,56,2.0,1,11.0,16.0,0,7,-0.3411755902571325,1.5535054330596603,
Amy Neal,54,1.0,1,2.0,21.0,0,7,-0.12708023765424578,1.8280794639015598,
Amy Norton,54,,1,16.0,,1,1,0.9771638445638605,0.47613626194603026,High Value Satisfied Customers
Amy Ochoa,28,,1,20.0,,0,0,-0.5313566366783897,0.5098398893550484,Low Engagement Customers
Amy Page,58,,1,3.0,,0,3,-0.5645928304461766,-0.4454219734236287,
Amy Payne,60,,1,,,0,3,-0.5616175647866394,0.45112205666986077,
Amy Reynolds,44,1.0,1,13.0,18.0,0,7,-0.23833795234392807,2.2946567154076987,
Amy Riley,21,5.0,1,13.0,6.0,0,2,-0.7557191550022844,-2.2024272189789302,Frequent Support Users
Amy Roach,47,,1,19.0,,0,0,-0.5470507102553526,0.8954986293264491,Low Engagement Customers
Amy Rodriguez,29,4.5,3,7.666666666666667,6.0,2,5,7.56163962144124,-2.7979360185950743,
Amy Sanchez,70,,1,22.0,,0,0,-0.5637399726754759,1.7894331103794798,Low Engagement Customers
Amy Scott,36,,1,,,0,4,-0.5424861198413359,-0.16415115362030927,
Amy Smith,56,,2,16.0,,0,5,2.0738536004997354,0.8406234971411096,
Amy Turner,62,,1,,,0,3,-0.5632118518654147,0.5023948241940417,
Amy Ward,63,4.0,1,18.0,23.0,0,6,-0.06797743073956443,2.1914713283691643,
Amy Watson,35,,1,,,1,1,0.9897506222787709,-0.4843069365725004,High Value Satisfied Customers
Amy Watts,31,2.0,1,0.0,11.0,0,4,-0.5360470775505658,-0.8578571900248283,
Amy White,22,,1,,,1,1,1.00011348829081,-0.8175799254796757,High Value Satisfied Customers
Amy Wilson,57,,1,14.0,,0,3,-0.5577638772922164,0.6446997094057683,
Amy Wood,58,2.0,1,21.0,6.0,1,1,0.7766166522036823,1.015194391595429,High Value Satisfied Customers
Ana Medina,56,,1,10.0,,0,3,-0.5591601190672189,0.21333311961040965,
Ana Salazar,69,,1,,,0,3,-0.5687918566411282,0.6818495105286746,
Andre Jones,29,,2,16.0,,1,5,3.6268160746439206,-0.14607826362543244,
Andre Wagner Jr.,42,4.0,1,9.0,3.0,0,2,-0.8912455980240094,-1.8785655439725513,Frequent Support Users
Andrea Bates,19,,1,22.0,,0,0,-0.5230856521667059,0.4819775385128686,Low Engagement Customers
Andrea Benson,21,1.0,1,4.0,19.0,0,7,-0.18318511466267928,0.9230659177929138,
Andrea Bowen,55,,1,4.0,,0,3,-0.5616530534994162,-0.42089857320158286,
Andrea Brown,43,,1,,,1,1,0.9833734739636697,-0.27921586647577706,High Value Satisfied Customers
Andrea Castaneda,26,,1,,,0,4,-0.5345146844474594,-0.42051499124121344,
Andrea Cole,62,,1,20.0,,0,0,-0.5584595170175697,1.3814769372661226,Low Engagement Customers
Andrea Cross,40,,1,0.0,,0,4,-0.5518892857229915,-1.2111745356662071,
Andrea Cruz,42,5.0,2,13.0,8.0,1,5,3.472211377312084,-1.6780095057080382,
Andrea Garcia,36,5.0,1,22.0,11.0,0,6,-0.5539729249721697,-0.25029353653197983,
Andrea Herrera,62,5.0,1,0.0,2.0,0,2,-0.962545155319787,-2.993714624293937,Frequent Support Users
Andrea Jensen,49,5.0,1,17.0,13.0,0,6,-0.4835702161617758,-0.1623053201900932,
Andrea Jones,26,,1,2.0,,0,4,-0.5396325835143694,-1.367218805318839,
Andrea Lewis,46,,1,,,0,3,-0.5504575552352123,0.09221268400059492,
Andrea Madden,44,,1,,,1,1,0.982576330424282,-0.25357948271368663,High Value Satisfied Customers
Andrea Mccarthy,65,,1,18.0,,0,0,-0.5619476402929277,1.2555209855357596,Low Engagement Customers
Andrea Moreno,56,,1,,,0,3,-0.5584289906290888,0.3485765216214991,
Andrea Newman,55,,1,,,1,1,0.973807751491018,0.028420738669307916,High Value Satisfied Customers
Andrea Patterson,27,,1,4.0,,1,1,0.992106564184157,-1.433236717730215,High Value Satisfied Customers
Andrea Reed,21,,1,,,0,4,-0.5305289667505212,-0.5486969100516654,
Andrea Strickland,61,,1,5.0,,0,3,-0.5658875684071445,-0.16564771912072337,
Andrea Wilson,36,,1,0.0,,1,1,0.9827388870152782,-1.6082394699046696,High Value Satisfied Customers
Andrea Wood,55,,1,4.0,,0,3,-0.5616530534994162,-0.42089857320158286,
Andres Cabrera,18,2.0,1,14.0,17.0,0,7,-0.267485443541899,1.0145594971133238,
Andres Shelton,43,,1,,,0,4,-0.5480661246170494,0.015303532714323676,
Andres Tate,20,,1,,,0,4,-0.5297318232111335,-0.5743332938137559,
Andrew Acevedo,36,,1,,,0,4,-0.5424861198413359,-0.16415115362030927,
Andrew Adams,32,,1,,,0,4,-0.5392975456837853,-0.2666966886686709,
Andrew Alvarado,62,,1,,,0,3,-0.5632118518654147,0.5023948241940417,
Andrew Alvarez,33,,1,,,0,4,-0.5400946892231729,-0.24106030490658048,
Andrew Armstrong,62,,1,1.0,,1,1,0.9625615013197969,-0.8402609405820018,High Value Satisfied Customers
Andrew Atkins,68,4.0,2,16.5,10.0,0,5,2.014140481640735,0.4839925860520122,
Andrew Bailey,61,1.0,1,20.0,5.0,1,1,0.7405911383421483,1.4437767983854275,High Value Satisfied Customers
Andrew Baker,34,,1,2.0,,0,4,-0.5460097318294705,-1.1621277352221155,
Andrew Bennett,31,,1,,,0,4,-0.5385004021443976,-0.29233307243076134,
Andrew Blackwell,49,,1,5.0,,0,3,-0.5563218459344927,-0.4732843242658084,
Andrew Blevins,59,4.0,1,7.0,14.0,1,1,1.084836053289739,-0.49980260485411915,High Value Satisfied Customers
Andrew Campbell,43,4.0,1,2.0,4.0,0,2,-0.8541275126308691,-2.4320180282805315,Frequent Support Users
Andrew Coleman,63,,1,12.0,,0,3,-0.5636434311857373,0.5956529089616767,
Andrew Cunningham,65,3.0,1,5.0,12.0,1,1,1.0041171092487342,-0.22668259077431432,High Value Satisfied Customers
Andrew Dougherty,34,4.0,1,0.0,13.0,0,4,-0.4722670343391817,-1.6871596527626462,
Andrew Duke,36,,1,,,1,1,0.9889534787393832,-0.45867055281041,High Value Satisfied Customers
Andrew Elliott,34,,1,19.0,,1,1,0.9947517543374059,0.26770624122917297,High Value Satisfied Customers
Andrew Foster,39,,1,,,0,4,-0.5448775504594988,-0.08724200233403799,
Andrew Friedman,66,4.0,1,2.0,15.0,0,3,-0.4131716284769706,-0.4020522843828225,
Andrew Harrison,65,2.0,1,11.0,15.0,0,3,-0.39010353534433173,1.653293894430326,
Andrew Haynes,51,,1,17.0,,0,0,-0.5513359770700981,0.7951790613581767,Low Engagement Customers
Andrew Hudson,21,,1,7.0,,0,4,-0.5329051341744436,-0.9882379665877059,
Andrew Johnson,58,,1,2.0,,0,3,-0.565141176774774,-0.5468545249319456,
Andrew Jones,32,,2,,,1,5,3.621865694492303,-0.5425210193779739,
Andrew Kelly,24,3.0,2,21.0,19.0,2,5,5.499012348426249,0.9858951158207852,
Andrew Lester,39,,1,19.0,,0,0,-0.5406735619402513,0.6904075592297257,Low Engagement Customers
Andrew Martin,56,,1,,,0,3,-0.5584289906290888,0.3485765216214991,
Andrew Mckenzie,21,,1,0.0,,1,1,0.9946960401060929,-1.9927852263360257,High Value Satisfied Customers
Andrew Moody,24,,1,,,0,4,-0.5329203973686841,-0.4717877587653943,
Andrew Moore,47,,1,7.0,,0,3,-0.5536308661985225,-0.32169198877335514,
Andrew Mosley,20,5.0,1,11.0,14.0,0,6,-0.4219894782584086,-1.3834167658524694,
Andrew Murphy,25,,1,6.0,,0,4,-0.5366420546605918,-0.9871249830476612,
Andrew Nguyen,49,,1,6.0,,0,3,-0.5557734996058953,-0.3718517727574914,
Andrew Palmer,58,2.0,1,1.0,4.0,0,3,-0.8492971794144076,-0.9808152243571073,
Andrew Peterson,63,,1,15.0,,0,3,-0.5619983921999449,0.8999505634866278,
Andrew Riley,46,5.0,1,21.0,1.0,0,2,-0.9800292390217477,-1.4047521753008745,Frequent Support Users
Andrew Rios,34,,1,,,0,4,-0.5408918327625606,-0.21542392114449005,
Andrew Rivers,42,,1,,,0,4,-0.5472689810776618,-0.010332851047766755,
Andrew Smith,21,4.0,2,6.5,9.5,0,5,2.0252459380896246,-1.8007124620934818,
Andrew Steele,46,,1,,,0,3,-0.5504575552352123,0.09221268400059492,
Andrew Stone,45,,1,17.0,,0,0,-0.5465531158337722,0.6413607587856343,Low Engagement Customers
Andrew Taylor,32,,1,6.0,,1,1,0.9892175391444138,-1.1021896959031292,High Value Satisfied Customers
Andrew Thompson,46,,2,3.5,,1,5,3.606410305366862,-0.9781666335238582,
Andrew Tran,22,3.0,1,16.0,15.0,0,4,-0.3617525478256123,0.47404735070183035,
Andrew Turner,46,,1,,,0,3,-0.5504575552352123,0.09221268400059492,
Andrew Villarreal,61,4.0,1,3.0,0.0,1,2,0.4964972356386282,-2.687405938197281,Frequent Support Users
Andrew Walls,24,,1,,,0,4,-0.5329203973686841,-0.4717877587653943,
Andrew Wells,70,,1,21.0,,1,1,0.9671512795766457,1.3934811596810621,High Value Satisfied Customers
Andrew Williams,20,4.0,1,17.0,7.0,1,1,0.8291325419828595,-1.4018690039095125,High Value Satisfied Customers
Andrew Wright,37,,1,,,0,4,-0.5432832633807235,-0.13851476985821884,
Andrew Yu,41,3.0,1,10.0,13.0,0,4,-0.46369565951098335,0.09066534815534974,
Angel Briggs,69,,1,15.0,,0,3,-0.5667812534362707,1.0537688660591704,
Angel Fry,65,,1,,,0,3,-0.5656032824835776,0.5793039754803129,
Angel Garcia MD,41,,1,18.0,,0,0,-0.5428161953476242,0.6402477752455896,Low Engagement Customers
Angel Hodge,52,,1,,,0,3,-0.5552404164715382,0.2460309865731374,
Angel Huerta,19,,1,,,0,4,-0.5289346796717459,-0.5999696775758463,
Angel Jackson,20,1.0,1,18.0,19.0,0,7,-0.17471112252292667,2.317485255147262,
Angel Malone,41,,1,7.0,,0,4,-0.5488480049621965,-0.4755102913458977,
Angel Porter,61,,1,16.0,,0,3,-0.5598557587925721,0.950110347470764,
Angel Saunders,44,4.0,1,15.0,18.0,0,6,-0.2632450086405436,0.7453874199237542,
Angel Simmons,52,2.0,1,13.0,2.0,0,3,-0.9214414687003325,-0.1793208938061418,
Angela Adams,28,,1,,,0,4,-0.5361089715262347,-0.3692422237170325,
Angela Bailey,22,,1,8.0,,0,4,-0.5331539313852338,-0.8611690313172985,
Angela Clark,42,,1,,,1,1,0.9841706175030573,-0.3048522502378675,High Value Satisfied Customers
Angela Conner,37,,1,,,0,4,-0.5432832633807235,-0.13851476985821884,
Angela Day,36,5.0,1,8.0,2.0,1,2,0.5940069459137909,-3.143319589231853,Frequent Support Users
Angela Duarte,55,,1,,,0,3,-0.5576318470897011,0.32294013785940867,
Angela Franco,55,,1,,,1,1,0.973807751491018,0.028420738669307916,High Value Satisfied Customers
Angela Frey,47,,1,14.0,,0,0,-0.54979244189834,0.38833587178486406,Low Engagement Customers
Angela Garcia,41,5.0,1,3.0,6.0,0,2,-0.7771454890760123,-2.704025058820292,Frequent Support Users
Angela Gray,18,,1,4.0,,0,4,-0.5321587425420732,-1.3694447723989283,
Angela Green,42,,1,,,0,4,-0.5472689810776618,-0.010332851047766755,
Angela Guzman,31,,1,5.0,,0,4,-0.5419732622255151,-0.9347392319834358,
Angela Hall,44,3.0,1,3.0,11.0,0,3,-0.5534328208947495,-0.8043313460928946,
Angela Hudson,56,,1,,,0,3,-0.5584289906290888,0.3485765216214991,
Angela Humphrey,55,2.0,1,17.0,6.0,1,1,0.7768146975074552,0.5325550342758897,High Value Satisfied Customers
Angela Jacobs,50,,1,0.0,,0,3,-0.5598607211168679,-0.954810698045303,
Angela Jensen,39,,1,,,0,4,-0.5448775504594988,-0.08724200233403799,
Angela Johnson,55,,2,23.0,,1,5,3.6099287669200244,1.2304955747471378,
Angela Kim,42,,1,16.0,,1,1,0.9867295670365123,0.16849965680094525,High Value Satisfied Customers
Angela Lozano,46,1.0,1,21.0,13.0,1,1,1.0871258636232435,2.2081755333675734,High Value Satisfied Customers
Angela Martin,18,,1,14.0,,1,1,1.0047643193246207,-0.6496386565058587,High Value Satisfied Customers
Angela Martinez,23,,1,10.0,,1,1,0.9985852163132926,-0.9271869437286747,High Value Satisfied Customers
Angela Miller,41,5.0,2,12.0,8.0,0,5,1.941020575942155,-1.5105590417883448,
Angela Murray,20,5.0,1,8.0,19.0,0,6,-0.21486625108064905,-1.0330194579366794,
Angela Nelson,61,,2,,,1,5,3.598748531850061,0.2009341097226482,
Angela Nguyen,19,,1,0.0,,0,4,-0.5351492713958509,-1.7495385946701059,
Angela Parrish,52,,1,,,0,3,-0.5552404164715382,0.2460309865731374,
Angela Peterson,67,1.0,1,6.0,5.0,0,3,-0.8033081700752617,0.4720587790316326,
Angela Phillips,32,,1,5.0,,1,1,0.9886691928158163,-1.2036222474114462,High Value Satisfied Customers
Angela Reynolds,44,5.0,1,13.0,14.0,0,6,-0.4400242305465171,-0.5652784525456654,
Angela Rivers,63,,1,16.0,,1,1,0.9699895527093717,0.7068637158048441,High Value Satisfied Customers
Angela Rodriguez,37,2.0,3,8.0,10.0,0,5,4.681250461799916,0.013872669087697713,
Angela Rogers,53,2.0,1,11.0,12.0,0,3,-0.5057987725698111,0.9528403118207964,
Angela Stafford,41,,1,,,0,4,-0.5464718375382741,-0.03596923480985717,
Angela Tanner,37,2.0,1,20.0,5.0,0,0,-0.7803849316112041,0.5389781877851659,Low Engagement Customers
Angela Thompson,18,,1,14.0,,1,1,1.0047643193246207,-0.6496386565058587,High Value Satisfied Customers
Angela Tran,52,5.0,1,0.0,4.0,1,2,0.6603731851202292,-3.282719876128646,Frequent Support Users
Angela Turner,58,,1,20.0,,0,0,-0.5552709428600191,1.278931402217761,Low Engagement Customers
Angela White,64,,1,5.0,,0,3,-0.5682789990253074,-0.08873856783445218,
Angela Williams,61,,1,,,0,3,-0.562414708326027,0.4767584404319512,
Angela Willis,43,1.0,1,1.0,8.0,1,1,0.8697821015059046,-0.5520796105257789,High Value Satisfied Customers
Angela Wilson,21,1.0,1,20.0,0.0,0,0,-0.967730984826617,0.05814588465117097,Low Engagement Customers
Angelica Price,54,4.0,1,7.0,8.0,1,1,0.838299851590415,-1.4136184785934602,High Value Satisfied Customers
Angelica Tucker,53,4.0,1,22.0,16.0,1,6,1.1813514159204481,1.1297453501743902,
Angie Henry,20,,1,,,0,4,-0.5297318232111335,-0.5743332938137559,
Angie Mendoza,69,3.0,1,2.0,22.0,0,7,-0.11461957014822373,1.1754746138206789,
Anita Green,41,,1,20.0,,0,0,-0.5417195026904291,0.8431128782622237,Low Engagement Customers
Anita Roberts,38,,1,23.0,,0,0,-0.5376830330864737,1.0705013815009037,Low Engagement Customers
Anita Robertson,32,5.0,1,15.0,15.0,0,6,-0.38760816218395994,-0.539110962185968,
Anita Smith,45,1.0,1,23.0,15.0,1,7,1.172527006285247,2.6472822375984135,
Anita Wilson,58,,1,12.0,,0,3,-0.5596577134887991,0.46747099015122456,
Ann Avila,51,3.0,1,14.0,18.0,0,7,-0.2607054434269178,1.4074543542502629,
Ann Baker,51,,1,,,1,1,0.9769963256485685,-0.07412479637905373,High Value Satisfied Customers
Ann Carter,18,,1,21.0,,1,1,1.0086027436248033,0.06038920405236037,High Value Satisfied Customers
Ann Clayton,43,,1,11.0,,0,4,-0.5482489067265819,-0.018507317788448736,
Ann Jones,50,,1,3.0,,1,1,0.9732239164496437,-0.9450324427104527,High Value Satisfied Customers
Ann Landry,50,,1,17.0,,0,0,-0.5505388335307104,0.7695426775960863,Low Engagement Customers
Ann Martinez,69,,1,,,0,3,-0.5687918566411282,0.6818495105286746,
Ann Molina,32,2.0,1,18.0,1.0,0,0,-0.9445105195023025,-0.31582480399451307,Low Engagement Customers
Ann Morris,34,,1,15.0,,1,1,0.992558369023016,-0.1380239648040951,High Value Satisfied Customers
Ann Parks,58,3.0,1,6.0,11.0,0,3,-0.5629477914603841,-0.14112431889867763,
Anna Barnes,67,3.0,1,20.0,23.0,0,7,-0.061401395921983154,3.0809267659343527,
Anna Chavez,60,,1,,,1,1,0.9698220337940797,0.15660265747976004,High Value Satisfied Customers
Anna Dickerson,68,,1,19.0,,0,0,-0.5637907245824931,1.433862688330348,Low Engagement Customers
Anna Gallegos,33,3.0,1,0.0,4.0,0,4,-0.8385848535762508,-2.3072021694178773,
Anna Garza MD,54,,1,10.0,,0,3,-0.5575658319884436,0.1620603520862288,
Anna Harris,67,,1,,,0,3,-0.5671975695623529,0.6305767430044937,
Anna Holland,26,3.0,1,5.0,9.0,1,1,0.9099447475867214,-1.619318534960285,High Value Satisfied Customers
Anna Jones,66,,1,,,0,3,-0.5664004260229653,0.6049403592424033,
Anna Lutz,31,,1,,,0,4,-0.5385004021443976,-0.29233307243076134,
Anna Martinez,24,,1,,,1,1,0.998519201212035,-0.766307157955495,High Value Satisfied Customers
Anna Miller,69,3.0,1,20.0,2.0,1,1,0.5916171976930422,0.08796129201732106,High Value Satisfied Customers
Anna Moore,66,1.0,1,1.0,6.0,1,1,0.767940493634568,-0.22432076897399567,High Value Satisfied Customers
Anna Pollard,45,4.0,1,10.0,2.0,1,2,0.5965972630344338,-2.125682232856212,Frequent Support Users
Anna Rivera,21,4.0,1,20.0,4.0,1,2,0.7047194777311332,-1.4647519430869151,Frequent Support Users
Anna Robertson,43,,1,9.0,,1,1,0.9820939991969422,-0.5158918199951835,High Value Satisfied Customers
Anna Schmidt MD,46,3.0,1,20.0,20.0,0,7,-0.1699223412929738,2.1497457294660096,
Anna Scott,49,,1,17.0,,1,1,0.9816979085893962,0.4493868946438952,High Value Satisfied Customers
Anna Shepherd,41,,1,,,0,4,-0.5464718375382741,-0.03596923480985717,
Anna Smith,55,,1,6.0,,0,3,-0.5605563608422212,-0.21803347018494884,
Anna Stone,45,2.0,1,15.0,7.0,0,0,-0.705996505103872,0.4987844853166003,Low Engagement Customers
Anna Stout,18,,1,11.0,,0,4,-0.5283203182418907,-0.6594169118407092,
Anna Velasquez,67,,1,,,0,3,-0.5671975695623529,0.6305767430044937,
Anna White,42,3.0,1,17.0,20.0,0,7,-0.1683788061212157,1.7429025398926965,
Anna Williams,33,,1,,,0,4,-0.5400946892231729,-0.24106030490658048,
Anne Benitez,62,,1,23.0,,0,0,-0.5568144780317772,1.6857745917910736,Low Engagement Customers
Anne Deleon,52,,1,11.0,,0,3,-0.5554231985810707,0.212220136070365,
Anne Esparza,29,1.0,1,20.0,0.0,0,0,-0.9741081331417182,0.2632369547478942,Low Engagement Customers
Anne Levy,56,,1,,,0,3,-0.5584289906290888,0.3485765216214991,
Anne Martinez,51,,1,18.0,,0,0,-0.5507876307415006,0.8966116128664938,Low Engagement Customers
Anne Miller,63,,1,,,0,3,-0.5640089954048023,0.5280312079561321,
Anne Ramsey,63,,1,19.0,,0,0,-0.5598050068855549,1.305680769519896,Low Engagement Customers
Anne Richards,59,,1,0.0,,1,1,0.9644045856093624,-1.01860264337659,High Value Satisfied Customers
Anne Sims,24,,1,4.0,,0,4,-0.5369416037783992,-1.2156264698263857,
Anne Stevenson,52,,1,6.0,,0,3,-0.5581649302240582,-0.29494262147122013,
Anne Underwood,43,,1,,,0,4,-0.5480661246170494,0.015303532714323676,
Anne Vaughn,66,1.0,1,12.0,0.0,0,3,-1.007989214727841,0.40032274187870326,
Annette Ashley,41,,1,,,0,4,-0.5464718375382741,-0.03596923480985717,
Annette Gomez,50,,1,17.0,,0,0,-0.5505388335307104,0.7695426775960863,Low Engagement Customers
Annette Haley,20,,1,,,0,4,-0.5297318232111335,-0.5743332938137559,
Annette Morales,27,,1,,,0,4,-0.5353118279868471,-0.39487860747912296,
Anthony Adams,25,,2,9.5,,0,5,2.0950007990848682,-0.613415984287754,
Anthony Ashley,31,3.0,1,7.0,14.0,0,4,-0.415615609870189,-0.3390571515023573,
Anthony Barnes,19,,1,0.0,,0,4,-0.5351492713958509,-1.7495385946701059,
Anthony Benitez,61,,1,20.0,,0,0,-0.557662373478182,1.355840553504032,Low Engagement Customers
Anthony Benjamin,26,3.0,1,11.0,18.0,0,4,-0.24242189392801913,0.4622471056730514,
Anthony Blackburn,24,,1,,,1,1,0.998519201212035,-0.766307157955495,High Value Satisfied Customers
Anthony Boyd,58,,1,2.0,,0,3,-0.565141176774774,-0.5468545249319456,
Anthony Brown,30,,2,14.0,,0,5,2.093482639866619,-0.028787583689875305,
Anthony Buchanan,34,,1,19.0,,0,0,-0.5366878442433131,0.5622256404192738,Low Engagement Customers
Anthony Byrd,53,2.0,1,17.0,18.0,1,7,1.2794528233787552,2.0525501766094867,
Anthony Davis,56,4.0,2,6.0,2.0,0,5,1.68391934180143,-1.9361977498355871,
Anthony Dickerson,59,,1,15.0,,0,3,-0.5588098180423943,0.7974050284382661,
Anthony English,46,,1,,,1,1,0.9809820433455068,-0.20230671518950583,High Value Satisfied Customers
Anthony Garrison,51,,1,5.0,,0,3,-0.557916133013268,-0.42201155674162755,
Anthony Giles,37,2.0,1,19.0,19.0,0,7,-0.19638213268185603,2.270691531110923,
Anthony Goodwin,62,,1,2.0,,0,3,-0.5683297509323246,-0.4443089898835841,
Anthony Gross,59,,1,9.0,,0,3,-0.5620998960139792,0.18880971938836386,
Anthony Hammond,22,,1,,,1,1,1.00011348829081,-0.8175799254796757,High Value Satisfied Customers
Anthony Harding,56,,1,18.0,,0,0,-0.5547733484384388,1.0247935316769459,Low Engagement Customers
Anthony Joyce,64,,1,,,0,3,-0.56480613894419,0.5536675917182224,
Anthony Kaufman,53,,1,5.0,,1,1,0.9719291784886757,-0.6652581884075475,High Value Satisfied Customers
Anthony Lopez,40,,1,7.0,,0,4,-0.5480508614228089,-0.501146675107988,
Anthony Luna,49,,1,,,0,3,-0.5528489858533753,0.16912183528686617,
Anthony Martin,55,2.0,1,19.0,4.0,0,0,-0.8370355148814896,0.7680615515063279,Low Engagement Customers
Anthony Mcguire,39,1.0,1,16.0,19.0,0,7,-0.19095354242848694,2.6017114436103457,
Anthony Miller,29,,1,,,0,4,-0.5369061150656224,-0.34360583995494215,
Anthony Moreno,50,,1,,,1,1,0.9777934691879562,-0.09976118014114416,High Value Satisfied Customers
Anthony Morrison,70,5.0,1,14.0,9.0,0,2,-0.6689698824055503,-0.4519948856637383,Frequent Support Users
Anthony Munoz,55,,1,,,0,3,-0.5576318470897011,0.32294013785940867,
Anthony Murray,33,1.0,1,12.0,7.0,0,4,-0.6894079052990759,0.4708950251467568,
Anthony Myers,65,1.0,1,4.0,5.0,1,1,0.7286290229270377,-0.07659849069928293,High Value Satisfied Customers
Anthony Peterson,31,,1,,,0,4,-0.5385004021443976,-0.29233307243076134,
Anthony Rivera,20,3.0,2,16.5,20.0,0,5,2.478607820176383,1.1468808898533467,
Anthony Salazar,25,,1,21.0,,1,1,1.0030227388490898,0.23984389038699333,High Value Satisfied Customers
Anthony Santana,19,3.0,1,19.0,18.0,0,4,-0.23245511852352563,1.0942528314049547,
Anthony Shaw,47,,1,11.0,,0,3,-0.5514374808841325,0.08403821725991292,
Anthony Silva,66,,1,9.0,,1,1,0.9637596977910263,0.07374500653289606,High Value Satisfied Customers
Anthony Smith,49,,1,,,0,3,-0.5528489858533753,0.16912183528686617,
Anthony Webb,31,3.0,1,0.0,10.0,0,4,-0.586468647101213,-1.5728409820131692,
Anthony Wells,42,,1,19.0,,0,0,-0.5430649925584142,0.767316710515997,Low Engagement Customers
Anthony Wright,48,,1,15.0,,0,0,-0.5500412391091302,0.5154048070552716,Low Engagement Customers
Antonio Edwards,45,,1,4.0,,0,3,-0.5536816181055397,-0.6772624108224871,
Antonio Ford,30,,1,16.0,,0,4,-0.535144309071555,0.155382450845961,
Antonio Garcia,18,,1,,,0,4,-0.5281375361323583,-0.6256060613379367,
Antonio Gardner,43,,1,22.0,,1,1,0.9892225014687096,0.802731349612938,High Value Satisfied Customers
Antonio Garner,37,2.0,1,6.0,6.0,1,1,0.7851314716018604,-1.0446579400332252,High Value Satisfied Customers
Antonio Herrera,37,3.0,1,8.0,13.0,1,1,1.0698358205700913,-0.5092646890997466,High Value Satisfied Customers
Antonio Macdonald,54,,1,12.0,,1,1,0.9749704592494706,0.07040605591276217,High Value Satisfied Customers
Antonio Salazar,28,1.0,1,17.0,5.0,0,0,-0.7661877624245709,0.5879978789015936,Low Engagement Customers
Antonio Scott,63,,1,9.0,,0,3,-0.5652884701715298,0.2913552544367256,
Antonio Shelton,18,,1,,,0,4,-0.5281375361323583,-0.6256060613379367,
Antonio Smith,49,,1,18.0,,0,0,-0.5491933436627253,0.845338845342313,Low Engagement Customers
Antonio Thompson,64,,1,16.0,,0,3,-0.562247189410735,1.0270194987570351,
Antonio Vasquez,25,5.0,1,13.0,2.0,0,2,-0.9259223420906767,-2.6236376538831614,Frequent Support Users
Antonio White,40,5.0,1,9.0,15.0,0,6,-0.39727538847064614,-0.9426152011391467,
Antonio Wise,57,3.0,1,14.0,22.0,0,7,-0.09847369173240202,2.0850286267753986,
April Anthony,55,3.0,1,7.0,16.0,1,1,1.1801998502306472,0.2435746445740083,High Value Satisfied Customers
April Ayers,48,,1,2.0,,1,1,0.9742698571998214,-1.0977377617429507,High Value Satisfied Customers
April Castillo,56,,1,,,0,3,-0.5584289906290888,0.3485765216214991,
April Clark,49,,1,,,1,1,0.9785906127273438,-0.12539756390323456,High Value Satisfied Customers
April Cobb,64,,1,,,0,3,-0.56480613894419,0.5536675917182224,
April Davis,30,,1,,,0,4,-0.53770325860501,-0.3179694561928517,
April Diaz,20,,1,8.0,,0,4,-0.5315596443064585,-0.9124417988414794,
April Evans,37,1.0,1,3.0,8.0,1,1,0.8756616553994255,-0.5030328100816872,High Value Satisfied Customers
April Hamilton,55,,1,,,1,1,0.973807751491018,0.028420738669307916,High Value Satisfied Customers
April Hart,62,,1,,,0,3,-0.5632118518654147,0.5023948241940417,
April Johnson,57,,1,12.0,,1,1,0.9725790286313076,0.14731520719903346,High Value Satisfied Customers
April Lopez,55,,1,7.0,,0,3,-0.5600080145136237,-0.11660091867663182,
April Mahoney,62,,1,,,0,3,-0.5632118518654147,0.5023948241940417,
April Martin,51,,1,,,0,3,-0.5544432729321506,0.220394602811047,
April Mcdaniel,53,2.0,1,23.0,16.0,0,0,-0.3322040036957996,2.6937868998731935,Low Engagement Customers
April Morgan,20,,1,2.0,,0,4,-0.5348497222780435,-1.5210371078913814,
April Mueller,36,,1,,,0,4,-0.5424861198413359,-0.16415115362030927,
April Pacheco,62,,1,14.0,,0,3,-0.5617495949891547,0.7728816282162203,
April Parker,43,,1,8.0,,0,4,-0.5498939457123744,-0.3228049723133998,
April Ramirez,43,3.0,1,19.0,23.0,1,7,1.488621301275442,2.0697016049457644,
April Robbins,35,,1,,,0,4,-0.5416889763019482,-0.18978753738239967,
April Rogers,59,2.0,1,17.0,17.0,0,7,-0.2985232896710001,2.369948885883982,
April Turner,45,3.0,1,5.0,18.0,1,1,1.2705818994327496,0.0462236889127664,High Value Satisfied Customers
April Wolf,43,1.0,1,16.0,12.0,0,7,-0.4864176892150104,1.78768403124167,
Ariana Deleon,27,4.0,1,9.0,14.0,1,1,1.1114413392073388,-1.1173017822243785,High Value Satisfied Customers
Ariana Gordon,51,5.0,1,21.0,6.0,0,2,-0.7752466905551338,-0.6218752940496816,Frequent Support Users
Ariana Howe,30,,1,,,0,4,-0.53770325860501,-0.3179694561928517,
Ariana Mann,22,,1,4.0,,1,1,0.9960922818810952,-1.5614186365406673,High Value Satisfied Customers
Ariel Carr,26,,1,,,0,4,-0.5345146844474594,-0.42051499124121344,
Ariel Davis,59,,1,1.0,,0,3,-0.5664866666427593,-0.6226506926781723,
Ariel Jones,46,,1,22.0,,0,0,-0.5446085277301724,1.17415990008931,Low Engagement Customers
Ariel Lee,54,1.0,1,14.0,6.0,1,1,0.7846347183789872,0.7866657954890408,High Value Satisfied Customers
Ariel Lester,31,,1,,,0,4,-0.5385004021443976,-0.29233307243076134,
Ariel Martinez,48,,1,,,0,3,-0.5520518423139876,0.14348545152477576,
Arthur Massey,21,,1,10.0,,1,1,1.0001795033920677,-0.9784597112528556,High Value Satisfied Customers
Arthur Mccullough,60,,1,19.0,,0,0,-0.557413576267392,1.2287716182336246,Low Engagement Customers
Arthur Norman,47,1.0,1,20.0,16.0,0,7,-0.3203982651273294,2.8197157422758923,
Ashlee Cooper,23,,1,,,1,1,0.9993163447514226,-0.7919435417175853,High Value Satisfied Customers
Ashlee King,66,3.0,1,23.0,7.0,0,0,-0.7270176651201694,1.2645641568868424,Low Engagement Customers
Ashlee Park,60,,1,,,1,1,0.9698220337940797,0.15660265747976004,High Value Satisfied Customers
Ashlee Rosales,54,,1,21.0,,0,0,-0.5515340223738711,1.2778184186777162,Low Engagement Customers
Ashlee Tyler,19,,1,,,0,4,-0.5289346796717459,-0.5999696775758463,
Ashley Acevedo,64,,1,1.0,,0,3,-0.5704723843396975,-0.4944687738677203,
Ashley Bailey,44,,1,1.0,,0,3,-0.5545295135519446,-1.0071964491095284,
Ashley Baker,63,,1,,,0,3,-0.5640089954048023,0.5280312079561321,
Ashley Ball,54,3.0,1,2.0,23.0,1,7,1.4705308347560202,0.6273484506873699,
Ashley Benitez,33,,1,,,1,1,0.9913449093575462,-0.5355797040966812,High Value Satisfied Customers
Ashley Boyd,50,5.0,1,10.0,11.0,0,2,-0.5717130904667667,-1.1085747819625182,Frequent Support Users
Ashley Brooks,58,,1,12.0,,0,3,-0.5596577134887991,0.46747099015122456,
Ashley Brown,21,,1,,,0,4,-0.5305289667505212,-0.5486969100516654,
Ashley Burnett,22,,1,,,0,4,-0.5313261102899088,-0.523060526289575,
Ashley Collins,38,,1,18.0,,0,0,-0.5404247647294612,0.5633386239593184,Low Engagement Customers
Ashley Daniels,21,,1,,,0,4,-0.5305289667505212,-0.5486969100516654,
Ashley Everett,45,,1,14.0,,0,0,-0.5481981548195647,0.3370631042606832,Low Engagement Customers
Ashley Flynn,18,5.0,1,21.0,11.0,1,6,0.9912669109889296,-1.1077003949480253,
Ashley Gardner,33,,1,22.0,,0,0,-0.5342456617181329,0.8408869111821344,Low Engagement Customers
Ashley Gould,63,,1,5.0,,0,3,-0.5674818554859198,-0.1143749515965425,
Ashley Gray,45,2.0,1,2.0,8.0,1,1,0.86006824443779,-0.9834190909934736,High Value Satisfied Customers
Ashley Gutierrez,56,4.0,1,5.0,15.0,0,6,-0.4035551540973016,-0.3541184674787756,
Ashley Hahn,25,,1,13.0,,0,4,-0.5328036303604092,-0.2770971224894421,
Ashley Hall,20,4.0,1,14.0,0.0,0,2,-0.9962276682126249,-2.3282202066613995,Frequent Support Users
Ashley Harris,63,,1,,,1,1,0.9674306031759168,0.23351180876603134,High Value Satisfied Customers
Ashley Hayden,30,3.0,1,15.0,18.0,0,7,-0.2434170827711797,0.9705228467546813,
Ashley Haynes,42,,1,,,0,4,-0.5472689810776618,-0.010332851047766755,
Ashley Huff,38,,1,,,0,4,-0.5440804069201112,-0.11287838609612842,
Ashley James,20,,1,,,0,4,-0.5297318232111335,-0.5743332938137559,
Ashley King,42,1.0,1,22.0,14.0,0,7,-0.39882316123861694,2.632520941505778,
Ashley Lee,57,,1,,,1,1,0.9722134644122427,0.0796935061934888,High Value Satisfied Customers
Ashley Love,40,,1,5.0,,1,1,0.9822920445007152,-0.9985311773147229,High Value Satisfied Customers
Ashley Lynch,20,4.0,1,9.0,22.0,0,6,-0.08038902873598343,0.045274870536274874,
Ashley Martin,30,,2,11.0,,0,5,2.091837600880827,-0.3330852382148264,
Ashley Martinez,19,,1,18.0,,1,1,1.0061605610996232,-0.21827206671050028,High Value Satisfied Customers
Ashley Mason,25,,1,16.0,,0,4,-0.5311585913746167,0.027200532035508918,
Ashley Mcdonald,22,,1,9.0,,0,4,-0.5326055850566364,-0.7597364798089815,
Ashley Mckee,59,,1,,,0,3,-0.5608204212472517,0.42548567290777034,
Ashley Michael,31,,1,1.0,,1,1,0.9872729510408139,-1.6349888372068047,High Value Satisfied Customers
Ashley Neal,68,,1,1.0,,1,1,0.957778640083471,-0.6864426380094593,High Value Satisfied Customers
Ashley Nguyen,20,,1,,,0,4,-0.5297318232111335,-0.5743332938137559,
Ashley Nicholson DVM,18,1.0,1,11.0,3.0,0,4,-0.8450137114677003,-0.5388392527455091,
Ashley Pham,18,,1,,,0,4,-0.5281375361323583,-0.6256060613379367,
Ashley Powell,25,,1,,,0,4,-0.5337175409080718,-0.4461513750033039,
Ashley Price,29,3.0,1,20.0,9.0,0,0,-0.6156610866831982,0.2735982881408424,Low Engagement Customers
Ashley Pruitt,60,5.0,1,17.0,13.0,0,6,-0.4923387950950399,0.11969490119290133,
Ashley Ramsey,51,,1,10.0,,0,3,-0.5551744013702806,0.08515120079995757,
Ashley Reyes,58,,1,,,0,3,-0.5600232777078641,0.3998492891456799,
Ashley Roberts,63,1.0,1,10.0,19.0,0,7,-0.21337506534537545,2.6083893448506137,
Ashley Rodriguez,58,,1,,,0,3,-0.5600232777078641,0.3998492891456799,
Ashley Rojas,52,,1,17.0,,0,0,-0.5521331206094857,0.8208154451202672,Low Engagement Customers
Ashley Smith,47,,3,14.0,,0,5,4.709654841292399,0.4257260087464595,
Ashley Soto,45,,1,9.0,,0,3,-0.5509398864625522,-0.17009965328090199,
Ashley Spears,28,5.0,1,16.0,7.0,0,2,-0.7179004675594951,-1.587735885631198,Frequent Support Users
Ashley Stevens,60,1.0,1,6.0,17.0,0,7,-0.29668432650702337,1.8638720025547777,
Ashley Stewart,18,,1,,,0,4,-0.5281375361323583,-0.6256060613379367,
Ashley Sutton,46,,1,,,0,3,-0.5504575552352123,0.09221268400059492,
Ashley Thomas,24,,1,,,0,4,-0.5329203973686841,-0.4717877587653943,
Ashley Trevino,48,,1,,,0,3,-0.5520518423139876,0.14348545152477576,
Ashley Walker,19,,1,11.0,,0,4,-0.5291174617812784,-0.6337805280786187,
Ashley White,20,5.0,1,15.0,1.0,0,2,-0.9625935849692537,-2.679893462165127,Frequent Support Users
Ashley Wiggins,65,,1,,,0,3,-0.5656032824835776,0.5793039754803129,
Ashley Yang,46,,1,11.0,,0,3,-0.5506403373447448,0.058401833497822526,
Ashley Yoder,33,,1,21.0,,0,0,-0.5347940080467305,0.7394543596738173,Low Engagement Customers
Audrey Gonzalez,48,,1,,,0,3,-0.5520518423139876,0.14348545152477576,
Audrey Griffin,31,,1,2.0,,0,4,-0.5436183012113076,-1.2390368865083867,
Audrey Mccarthy MD,25,,1,17.0,,0,4,-0.5306102450460193,0.12863308354382597,
Austin Brown,65,,2,,,2,5,5.12699955627323,0.008960245580909038,
Austin Campbell,61,1.0,1,17.0,18.0,0,7,-0.24969600719912807,3.136205445396504,
Austin Crawford,51,,1,,,0,3,-0.5544432729321506,0.220394602811047,
Austin Decker,61,1.0,1,2.0,7.0,1,1,0.814228210892814,-0.12013114378798247,High Value Satisfied Customers
Austin George,67,1.0,1,0.0,18.0,0,7,-0.26380075602161146,1.5656703723276568,
Austin Gray,59,,1,,,0,3,-0.5608204212472517,0.42548567290777034,
Austin Lane,56,,1,,,0,3,-0.5584289906290888,0.3485765216214991,
Austin Lee,29,3.0,1,15.0,6.0,0,4,-0.7436637780243168,-0.6263814468651873,
Austin Murphy,45,,1,,,0,3,-0.5496604116958247,0.0665763002385045,
Austin Nelson,55,2.0,1,16.0,10.0,0,0,-0.5881586344710197,1.249397851910266,Low Engagement Customers
Austin Price,63,4.0,1,19.0,20.0,0,6,-0.19269004410909815,1.9000869024130365,
Austin Salinas,45,,1,,,0,3,-0.5496604116958247,0.0665763002385045,
Austin Thomas,20,,1,8.0,,0,4,-0.5315596443064585,-0.9124417988414794,
Autumn Bell,34,,1,4.0,,0,4,-0.5449130391722756,-0.9592626322054814,
Autumn Garcia,63,,1,10.0,,0,3,-0.5647401238429324,0.39278780594504265,
Autumn Heath,68,,1,,,1,1,0.9634448854789786,0.3616937275764834,High Value Satisfied Customers
Autumn Mcgee,24,1.0,1,9.0,8.0,0,4,-0.6421249991976692,0.06680890925114015,
Autumn Mendez,41,,1,13.0,,0,4,-0.5455579269906116,0.1330850177040045,
Bailey Black,66,,1,22.0,,0,0,-0.5605513985179253,1.6868875753311183,Low Engagement Customers
Bailey Hamilton,24,,1,,,1,1,0.998519201212035,-0.766307157955495,High Value Satisfied Customers
Bailey Maxwell,68,,1,21.0,,0,0,-0.5626940319252981,1.636727791346982,Low Engagement Customers
Bailey Moore,46,,1,3.0,,0,3,-0.5550271079735248,-0.7530585785687137,
Bailey West,45,,1,9.0,,0,3,-0.5509398864625522,-0.17009965328090199,
Barbara Barnes,27,3.0,1,6.0,16.0,0,4,-0.32946807557581514,-0.2811572530827397,
Barbara Blair,57,,1,,,0,3,-0.5592261341684764,0.37421290538358953,
Barbara Brown,42,,1,,,1,1,0.9841706175030573,-0.3048522502378675,High Value Satisfied Customers
Barbara Carrillo,24,,1,0.0,,0,4,-0.5391349890927891,-1.6213566758596538,
Barbara Clark,46,,1,5.0,,0,3,-0.5539304153163298,-0.5501934755520796,
Barbara Cox,48,,1,9.0,,1,1,0.978108281500004,-0.3877099011847315,High Value Satisfied Customers
Barbara Davis,63,,1,11.0,,0,3,-0.5641917775143348,0.4942203574533597,
Barbara Gonzales,26,3.0,1,11.0,2.0,0,4,-0.9104803456513856,-1.6327767741373194,
Barbara Gregory,24,4.0,1,4.0,2.0,0,2,-0.9213923991907297,-2.978122201719912,Frequent Support Users
Barbara Harrison,49,,1,,,0,3,-0.5528489858533753,0.16912183528686617,
Barbara Lara,49,4.0,1,4.0,11.0,0,3,-0.5655381085810272,-1.158761675274318,
Barbara Lee,24,2.0,1,15.0,19.0,0,7,-0.18821265198420659,1.5316883361704796,
Barbara Martinez,42,,1,0.0,,0,4,-0.5534835728017667,-1.1599017681420263,
Barbara Neal,65,,1,,,0,3,-0.5656032824835776,0.5793039754803129,
Barbara Rogers,70,,1,,,1,1,0.9618505984002033,0.41296649510066413,High Value Satisfied Customers
Barbara Smith,67,,1,14.0,,0,3,-0.5657353126860929,0.9010635470266724,
Barry Matthews,48,,1,,,1,1,0.9793877562667315,-0.151033947665325,High Value Satisfied Customers
Barry Myers,49,,1,8.0,,0,3,-0.5546768069487003,-0.1689866697408573,
Barry Shelton,66,,1,0.0,,0,3,-0.5726150177470702,-0.5446285578518564,
Barry Walker,65,3.0,1,17.0,14.0,0,3,-0.437235026923394,1.546905411491887,
Becky Bailey,19,,1,4.0,,0,4,-0.5329558860814608,-1.3438083886368377,
Becky Brown,65,3.0,1,5.0,5.0,0,3,-0.8195980619609575,-0.8487361390012507,
Becky Evans,32,4.0,1,16.0,6.0,0,2,-0.7541747786318191,-1.0320845435707917,Frequent Support Users
Becky Johnson,39,,1,,,0,4,-0.5448775504594988,-0.08724200233403799,
Becky Ortiz,39,1.0,1,17.0,5.0,0,0,-0.7749563413578351,0.8699981002845882,Low Engagement Customers
Becky Stephenson,61,,1,,,1,1,0.9690248902546921,0.18223904124185047,High Value Satisfied Customers
Becky Torres,31,1.0,1,0.0,12.0,0,4,-0.4856255079999186,-0.1428733980364875,
Benjamin Allen,54,,1,,,0,3,-0.5568347035503135,0.29730375409731824,
Benjamin Ayers,20,1.0,1,14.0,15.0,0,7,-0.3439191207681583,1.387999079161401,
Benjamin Bell,18,,1,,,0,4,-0.5281375361323583,-0.6256060613379367,
Benjamin Castillo,42,,1,,,0,4,-0.5472689810776618,-0.010332851047766755,
Benjamin Cook,38,,1,,,0,4,-0.5440804069201112,-0.11287838609612842,
Benjamin Hamilton,20,,1,,,0,4,-0.5297318232111335,-0.5743332938137559,
Benjamin Hanson,18,,1,19.0,,1,1,1.0075060509676081,-0.14247589896427376,High Value Satisfied Customers
Benjamin Harris,53,5.0,1,1.0,8.0,0,2,-0.7043005977404383,-2.337375571715545,Frequent Support Users
Benjamin Key,39,1.0,1,8.0,2.0,0,4,-0.9051524180133438,-0.43571184075470953,
Benjamin Leon,19,,1,,,0,4,-0.5289346796717459,-0.5999696775758463,
Benjamin Lopez,63,,1,15.0,,1,1,0.9694412063807742,0.6054311642965271,High Value Satisfied Customers
Benjamin Mccoy,53,1.0,1,17.0,2.0,1,1,0.6200622879733257,0.5415710962993088,High Value Satisfied Customers
Benjamin Noble,65,,1,,,0,3,-0.5656032824835776,0.5793039754803129,
Benjamin Parker,45,,1,6.0,,0,3,-0.5525849254483447,-0.47439730780585304,
Benjamin Pierce,59,2.0,1,13.0,17.0,0,7,-0.30071667498539006,1.9642186798507137,
Benjamin Rodgers,59,,1,2.0,,0,3,-0.5659383203141617,-0.5212181411698552,
Benjamin Silva,63,3.0,1,9.0,19.0,0,7,-0.23125924430984668,1.338867194341911,
Benjamin Smith,59,2.0,2,16.5,9.0,0,5,1.996896952898387,1.2904157387054358,
Benjamin Thompson,64,,1,,,0,3,-0.56480613894419,0.5536675917182224,
Benjamin Wilson,43,,1,,,0,4,-0.5480661246170494,0.015303532714323676,
Beth Chaney,56,5.0,1,7.0,20.0,0,6,-0.20235811159449144,-0.08060320152159346,
Beth Durham,45,4.0,1,22.0,22.0,0,6,-0.09318911494890715,2.004807634196657,
Beth Gonzales,37,1.0,1,15.0,7.0,1,1,0.8404881581098851,0.583218815529969,High Value Satisfied Customers
Beth Morris,39,,1,,,0,4,-0.5448775504594988,-0.08724200233403799,
Beth Morton,49,3.0,1,7.0,9.0,1,1,0.8927071388380005,-0.8268166054155713,High Value Satisfied Customers
Beth Ramsey,19,,1,7.0,,0,4,-0.5313108470956683,-1.0395107341118868,
Beth Steele,33,4.0,1,0.0,14.0,0,4,-0.42971623756708366,-1.5818570440365887,
Beth Watson,70,,1,15.0,,0,3,-0.5675783969756584,1.0794052498212607,
Beth Weaver,33,,1,,,0,4,-0.5400946892231729,-0.24106030490658048,
Beth Wells,39,3.0,1,4.0,5.0,0,4,-0.7994206762654762,-1.6167146683239184,
Beth Wright,20,5.0,1,14.0,10.0,1,2,0.9440805463772615,-1.8973944804702116,Frequent Support Users
Bethany Jackson,45,,1,1.0,,0,3,-0.5553266570913322,-0.9815600653474381,
Bethany Juarez,38,,1,,,0,4,-0.5440804069201112,-0.11287838609612842,
Bethany Krause,68,5.0,1,15.0,20.0,1,6,1.323902535142356,0.743974416499927,
Bethany Powell,45,,1,3.0,,0,3,-0.5542299644341372,-0.7786949623308042,
Bethany Walton,52,,1,9.0,,0,3,-0.5565198912382657,0.009355033053730947,
Bethany Weaver,51,,1,,,0,3,-0.5544432729321506,0.220394602811047,
Betty Dixon,51,,1,,,1,1,0.9769963256485685,-0.07412479637905373,High Value Satisfied Customers
Betty Maldonado,25,4.0,1,6.0,23.0,0,6,-0.04426613218600381,9.81273099237688e-05,
Betty Norton,69,,1,,,0,3,-0.5687918566411282,0.6818495105286746,
Beverly Perez,27,,1,,,0,4,-0.5353118279868471,-0.39487860747912296,
Beverly Rivera,40,,1,10.0,,0,4,-0.5464058224370164,-0.196849020583037,
Beverly Scott,52,,1,,,0,3,-0.5552404164715382,0.2460309865731374,
Beverly Smith,57,,1,18.0,,1,1,0.9758691066028926,0.7559105162489356,High Value Satisfied Customers
Bill Gilmore,55,2.0,1,18.0,16.0,0,7,-0.33654002241756237,2.237896909855789,
Bill Gomez,58,,1,,,0,3,-0.5600232777078641,0.3998492891456799,
Billy Barber,43,,1,17.0,,0,0,-0.5449588287549969,0.5900879912614534,Low Engagement Customers
Billy Garcia,34,,1,21.0,,1,1,0.995848446994601,0.470571344245807,High Value Satisfied Customers
Billy Logan,69,5.0,1,19.0,18.0,0,6,-0.28964812812878166,1.20798242050909,
Billy Martinez,43,5.0,1,15.0,1.0,0,2,-0.9809278863751697,-2.0902566356370476,Frequent Support Users
Billy Neal,60,,1,,,0,3,-0.5616175647866394,0.45112205666986077,
Billy Prince,57,,1,,,0,3,-0.5592261341684764,0.37421290538358953,
Blake Adams,66,1.0,1,6.0,16.0,0,7,-0.34322084097605965,1.886751312639172,
Blake Anderson,47,1.0,1,21.0,20.0,0,7,-0.15283530586789024,3.4449042637368024,
Blake James,52,,1,,,1,1,0.9761991821091809,-0.04848841261696332,High Value Satisfied Customers
Bob Reeves,33,,1,,,0,4,-0.5400946892231729,-0.24106030490658048,
Bobby Ferguson,21,5.0,1,0.0,23.0,0,6,-0.053035552317975104,-1.295087516288533,
Bobby Hawkins,41,4.0,1,7.0,14.0,0,6,-0.43225496158200233,-0.6667381133816458,
Bobby Hoffman,28,,1,,,0,4,-0.5361089715262347,-0.3692422237170325,
Bobby Wheeler,67,,1,,,0,3,-0.5671975695623529,0.6305767430044937,
Bonnie Haley,53,,1,,,0,3,-0.5560375600109259,0.2716673703352278,
Bonnie Larson,50,2.0,1,1.0,20.0,0,7,-0.17486157937594,0.9091175853565401,
Bonnie Morris,50,,1,11.0,,0,3,-0.5538289115022954,0.16094736854618416,
Bonnie Saunders,47,,1,,,0,3,-0.5512546987746,0.11784906776268533,
Bonnie Spears,18,5.0,1,9.0,20.0,0,6,-0.17096996444056586,-0.8519206814643951,
Bonnie Stevenson,19,2.0,1,19.0,20.0,1,7,1.391159702840551,1.6456562166913429,
Bonnie Stone,50,,1,,,0,3,-0.5536461293927629,0.19475821904895657,
Bonnie Sullivan,40,,1,8.0,,0,4,-0.5475025150942114,-0.399714123599671,
Brad Ferguson,46,,1,,,1,1,0.9809820433455068,-0.20230671518950583,High Value Satisfied Customers
Brad Harris,32,,1,21.0,,0,0,-0.5339968645073428,0.7138179759117269,Low Engagement Customers
Brad Henderson,50,,1,,,0,3,-0.5536461293927629,0.19475821904895657,
Brad Pollard,51,1.0,1,1.0,17.0,0,7,-0.292251766295522,1.1259817911543788,
Brad Thompson,64,,1,,,0,3,-0.56480613894419,0.5536675917182224,
Brad Young,47,,1,,,0,3,-0.5512546987746,0.11784906776268533,
Bradley Barnes,32,,1,23.0,,0,0,-0.5329001718501478,0.916683078928361,Low Engagement Customers
Bradley Fox,31,,1,,,0,4,-0.5385004021443976,-0.29233307243076134,
Bradley Friedman,33,,1,,,0,4,-0.5400946892231729,-0.24106030490658048,
Bradley Graham,69,2.0,1,5.0,1.0,0,3,-0.9811333327314129,-0.685901774405289,
Bradley Hampton,24,,1,11.0,,0,4,-0.5331031794782166,-0.5055986092681667,
Bradley Haney,48,,1,,,1,1,0.9793877562667315,-0.151033947665325,High Value Satisfied Customers
Bradley Harper,31,3.0,1,19.0,7.0,1,1,0.8301285720247272,-0.332958880009691,High Value Satisfied Customers
Bradley Henderson,18,,1,22.0,,0,0,-0.5222885086273182,0.4563411547507782,Low Engagement Customers
Bradley Hubbard,55,2.0,1,4.0,16.0,1,1,1.1872227275627916,0.52332178954925,High Value Satisfied Customers
Bradley Jimenez,46,2.0,1,7.0,9.0,0,3,-0.6276731128066187,-0.02516155801154914,
Bradley Mason,26,1.0,1,4.0,13.0,0,7,-0.43769275175587996,0.2656138816744768,
Bradley Nelson,33,1.0,1,15.0,11.0,0,7,-0.5207482533824418,1.2989486496243008,
Bradley Newman,57,,1,5.0,,0,3,-0.5626989942495939,-0.268193254169085,
Bradley Parrish,22,,1,17.0,,0,4,-0.5282188144278563,0.05172393225755472,
Bradley Reynolds,29,,1,7.0,,0,4,-0.5392822824895448,-0.7831468964909827,
Bradley Simmons,48,,1,,,1,1,0.9793877562667315,-0.151033947665325,High Value Satisfied Customers
Bradley Walters,54,3.0,1,23.0,15.0,0,0,-0.3834227167858345,2.0044394916469432,Low Engagement Customers
Bradley Wilcox,65,3.0,1,20.0,14.0,0,0,-0.4355899879376015,1.8512030660168382,Low Engagement Customers
Bradley Williamson,56,,1,15.0,,0,3,-0.5564183874242313,0.7204958771519948,
Brady Osborn,32,,1,12.0,,0,4,-0.5389319814647203,-0.19907498766312626,
Brandi Allen,44,1.0,1,6.0,5.0,0,3,-0.7849738686693458,-0.11757804749644694,
Brandi Avery,57,1.0,1,14.0,19.0,0,7,-0.2063988187946596,2.8603012483113393,
Brandi Brown,35,,1,18.0,,0,0,-0.5380333341112983,0.4864294726730471,Low Engagement Customers
Brandi Clarke,45,,1,,,0,3,-0.5496604116958247,0.0665763002385045,
Brandi Johnson,69,,1,16.0,,0,3,-0.5662329071076733,1.1552014175674874,
Brandi Jones DDS,31,,1,14.0,,1,1,0.9944014533125815,-0.3163656675986834,High Value Satisfied Customers
Brandi Malone,54,,1,,,1,1,0.9746048950304056,0.002784354907217513,High Value Satisfied Customers
Brandi Nelson,44,,1,5.0,,1,1,0.9791034703431646,-0.8959856422663612,High Value Satisfied Customers
Brandi Robinson,66,,1,,,0,3,-0.5664004260229653,0.6049403592424033,
Brandi Torres,37,5.0,1,21.0,0.0,0,2,-1.0146086003999693,-1.7664186216478364,Frequent Support Users
Brandi White,36,,2,8.0,,1,5,3.616849299239427,-0.7780839893573357,
Brandi Willis,69,1.0,1,23.0,0.0,1,1,0.5270907628492876,1.2984705605663613,High Value Satisfied Customers
Brandon Archer,30,,1,,,1,1,0.9937363399757091,-0.6124888553829524,High Value Satisfied Customers
Brandon Arnold,51,1.0,1,12.0,9.0,1,1,0.9111904160380864,0.89970851865058,High Value Satisfied Customers
Brandon Berg,35,,1,14.0,,0,4,-0.5402267194256882,0.080699266639779,
Brandon Brown,39,4.0,2,13.0,14.0,0,5,2.2023530450637274,-0.09072050337512687,
Brandon Chang,64,,1,1.0,,0,3,-0.5704723843396975,-0.4944687738677203,
Brandon Collins,18,5.0,1,10.0,23.0,0,6,-0.045160658413837124,-0.3576711524916337,
Brandon Costa,27,4.0,1,15.0,20.0,0,6,-0.16618626200553283,0.5714468809445135,
Brandon Doyle,68,,1,,,0,3,-0.5679947131017405,0.6562131267665842,
Brandon Floyd,66,1.0,1,11.0,2.0,0,3,-0.9250302545910177,0.5607681753466827,
Brandon Ford,60,5.0,1,11.0,13.0,0,6,-0.4956288730666249,-0.4889004078570009,
Brandon Francis,35,4.0,2,5.0,13.0,1,5,3.690840793940507,-1.4301848421682737,
Brandon Gonzalez,63,2.0,1,6.0,11.0,0,3,-0.5582655928393855,0.5711023994119673,
Brandon Guerrero,22,,1,20.0,,0,0,-0.5265737754420639,0.35602158678250584,Low Engagement Customers
Brandon Hall,67,2.0,1,0.0,11.0,0,3,-0.564744244968521,0.06505262541042674,
Brandon Hammond,63,,1,,,0,3,-0.5640089954048023,0.5280312079561321,
Brandon Hernandez,70,,1,,,1,1,0.9618505984002033,0.41296649510066413,High Value Satisfied Customers
Brandon Holland,58,1.0,1,21.0,22.0,0,7,-0.07809657833573348,3.9887824700960937,
Brandon Huber,18,,1,4.0,,0,4,-0.5321587425420732,-1.3694447723989283,
Brandon Jenkins,27,,1,6.0,,0,4,-0.5382363417393671,-0.9358522155234805,
Brandon Joseph Jr.,28,,1,20.0,,1,1,1.0000829619023293,0.21532049016494764,High Value Satisfied Customers
Brandon Lawrence,61,3.0,1,12.0,3.0,1,1,0.6353612286120738,-0.7976511976577902,High Value Satisfied Customers
Brandon Mathews,24,2.0,1,14.0,23.0,0,7,-0.02174638538196247,1.954011754614755,
Brandon May,70,,2,11.0,,0,5,2.059951859305321,0.6923701122687902,
Brandon Miller,63,,1,,,0,3,-0.5640089954048023,0.5280312079561321,
Brandon Moore,28,,1,21.0,,0,0,-0.5308082903497923,0.6112724408633653,Low Engagement Customers
Brandon Norman,21,,1,,,0,4,-0.5305289667505212,-0.5486969100516654,
Brandon Parsons,68,,1,16.0,,0,3,-0.5654357635682856,1.129565033805397,
Brandon Patterson,62,,1,,,0,3,-0.5632118518654147,0.5023948241940417,
Brandon Reese,46,1.0,1,12.0,2.0,1,1,0.6229005611060517,-0.14504634757690937,High Value Satisfied Customers
Brandon Rhodes,52,5.0,1,17.0,10.0,0,2,-0.6112226064780699,-0.47821314636826656,Frequent Support Users
Brandon Rowland,24,,1,,,1,1,0.998519201212035,-0.766307157955495,High Value Satisfied Customers
Brandon Russell,70,4.0,1,3.0,21.0,1,6,1.3661496616710578,0.29304035791264443,
Brandon Salazar,37,4.0,1,15.0,5.0,1,1,0.7309771026906537,-1.4307935679469057,High Value Satisfied Customers
Brandon Shepherd,60,5.0,1,1.0,12.0,0,6,-0.5428659895853102,-1.6341649154283193,
Brandon Smith,60,,2,6.0,,1,5,3.596621161636929,-0.3656758820837998,
Brandon Thompson,38,,1,,,0,4,-0.5440804069201112,-0.11287838609612842,
Brandon Tran,66,,1,,,0,3,-0.5664004260229653,0.6049403592424033,
Brandon Wagner,63,3.0,1,8.0,14.0,1,1,1.0908637417787228,0.2882202812027524,High Value Satisfied Customers
Brandon Walsh,54,,1,,,0,3,-0.5568347035503135,0.29730375409731824,
Brandon Wood,35,,1,,,0,4,-0.5416889763019482,-0.18978753738239967,
Brandon Young,59,3.0,1,0.0,22.0,0,7,-0.1077448274115423,0.7162456731831407,
Brandy Brown,60,5.0,1,2.0,15.0,0,6,-0.41705668355858155,-1.1399153864555576,
Brandy Byrd,65,,1,21.0,,0,0,-0.5603026013071352,1.5598186400607108,Low Engagement Customers
Brandy Cooper,30,5.0,1,0.0,21.0,0,6,-0.14371715063788468,-1.3262380474060151,
Brandy Jones,44,4.0,1,0.0,4.0,0,2,-0.8560213488274517,-2.6092467475350754,Frequent Support Users
Brandy Manning,32,3.0,1,8.0,17.0,0,4,-0.29060344738284793,0.18082876123249456,
Brandy Russell,63,,1,,,1,1,0.9674306031759168,0.23351180876603134,High Value Satisfied Customers
Brandy Webb,26,,1,12.0,,1,1,0.9972904783523246,-0.6474126894257695,High Value Satisfied Customers
Breanna Abbott,49,,1,0.0,,1,1,0.9723760210032388,-1.274966480997494,High Value Satisfied Customers
Breanna Hanson,23,3.0,1,11.0,13.0,1,1,1.0826408691073108,-0.5638764072440614,High Value Satisfied Customers
Breanna Jackson,67,,1,,,1,1,0.9642420290183662,0.33605734381439295,High Value Satisfied Customers
Breanna Wolf,44,,1,16.0,,0,0,-0.546304318622982,0.514291823515227,Low Engagement Customers
Brenda Beard,31,3.0,1,19.0,14.0,0,0,-0.409035453927019,0.878133466597447,Low Engagement Customers
Brenda Bennett,43,,1,,,0,4,-0.5480661246170494,0.015303532714323676,
Brenda Contreras,49,5.0,1,3.0,10.0,0,2,-0.6165080244602719,-1.9751780187709762,Frequent Support Users
Brenda Crawford,57,,1,4.0,,0,3,-0.5632473405781915,-0.369625805677402,
Brenda Deleon,20,,1,,,0,4,-0.5297318232111335,-0.5743332938137559,
Brenda Ford,25,,1,,,0,4,-0.5337175409080718,-0.4461513750033039,
Brenda Freeman,38,,1,,,1,1,0.9873591916606079,-0.40739778528622916,High Value Satisfied Customers
Brenda Garcia,30,1.0,1,11.0,16.0,0,7,-0.3117819419151169,1.4710042547455022,
Brenda Hansen,58,1.0,1,13.0,20.0,1,7,1.3654489431507846,2.6209246738631595,
Brenda Harvey,22,3.0,1,8.0,22.0,0,7,-0.0738637458254194,0.5791598860523315,
Brenda Jones,22,3.0,1,19.0,22.0,0,7,-0.06783193621084689,1.6949179526438187,
Brenda Kaufman,41,4.0,1,23.0,17.0,0,6,-0.29822046062631113,1.348999688215871,
Brenda Kelly,62,1.0,1,22.0,8.0,0,0,-0.6652879514226322,2.3596146618186977,Low Engagement Customers
Brenda Martin,34,4.0,1,0.0,19.0,1,6,1.3096944836377997,-1.1960450970238579,
Brenda Mooney,60,,1,5.0,,0,3,-0.5650904248677568,-0.19128410288281378,
Brenda Morris,30,1.0,1,20.0,22.0,0,7,-0.05632490556147687,3.169531173249245,
Brenda Newman,53,3.0,1,5.0,13.0,0,3,-0.4760031136266226,-0.1088608042411504,
Brenda Nielsen,63,,1,,,0,3,-0.5640089954048023,0.5280312079561321,
Brenda Robbins,25,,1,,,0,4,-0.5337175409080718,-0.4461513750033039,
Brenda Schultz,47,,1,14.0,,0,0,-0.54979244189834,0.38833587178486406,Low Engagement Customers
Brenda Suarez,40,4.0,1,1.0,9.0,1,1,0.8879234364029674,-2.25018416782448,High Value Satisfied Customers
Brenda Taylor,26,,1,,,0,4,-0.5345146844474594,-0.42051499124121344,
Brenda Thomas,64,,1,,,1,1,0.9666334596365291,0.25914819252812166,High Value Satisfied Customers
Brenda Thompson,54,,1,,,0,3,-0.5568347035503135,0.29730375409731824,
Brenda Warner,51,3.0,1,4.0,2.0,0,2,-0.9342473584362593,-1.701895040643278,Frequent Support Users
Brenda Wilson,40,,1,,,1,1,0.9857649045818326,-0.3561250177620483,High Value Satisfied Customers
Brendan Barton,35,,1,5.0,,1,1,0.9862777621976534,-1.126713096125175,High Value Satisfied Customers
Brendan Lang II,65,2.0,1,9.0,11.0,0,3,-0.5582148409323683,0.9266728214610991,
Brendan May,46,,1,14.0,,1,1,0.9824443002217667,0.0681800888326729,High Value Satisfied Customers
Brendan Perkins,48,,1,14.0,,1,1,0.9808500131429914,0.11945285635685376,High Value Satisfied Customers
Brent Andrews,58,,1,2.0,,0,3,-0.565141176774774,-0.5468545249319456,
Brent Baker MD,43,,1,,,0,4,-0.5480661246170494,0.015303532714323676,
Brent Burke,28,,1,19.0,,1,1,0.9995346155737318,0.11388793865663055,High Value Satisfied Customers
Brent Davis,25,,1,,,0,4,-0.5337175409080718,-0.4461513750033039,
Brent Dorsey,41,,1,,,0,4,-0.5464718375382741,-0.03596923480985717,
Brent Frazier,61,1.0,1,6.0,20.0,0,7,-0.17222051034827976,2.282325363781313,
Brent Haynes,44,5.0,1,9.0,16.0,0,6,-0.3587103093954863,-0.709130673602637,
Brent Hunt,28,,1,19.0,,0,0,-0.5319049830069872,0.4084073378467313,Low Engagement Customers
Brent Johnson,60,,1,,,0,3,-0.5616175647866394,0.45112205666986077,
Brent Mitchell II,33,1.0,1,2.0,4.0,1,1,0.711287270297537,-1.2307668665909586,High Value Satisfied Customers
Brent Owen,34,4.0,1,0.0,15.0,0,4,-0.3887597278737609,-1.4252816677863498,
Brent Smith,60,2.0,1,3.0,12.0,1,1,1.0156740506064144,0.02631518689879228,High Value Satisfied Customers
Brent West,65,,1,9.0,,0,3,-0.5668827572503051,0.34262802196090636,
Brett Blanchard,41,,1,,,0,4,-0.5464718375382741,-0.03596923480985717,
Brett Brown,19,,1,22.0,,0,0,-0.5230856521667059,0.4819775385128686,Low Engagement Customers
Brett Harris,45,,1,,,0,3,-0.5496604116958247,0.0665763002385045,
Brett Maldonado,40,2.0,1,1.0,13.0,0,4,-0.4591657166110364,-0.2638191996814012,
Brett Miller,28,,1,1.0,,1,1,0.9896643816589769,-1.7118979884930758,High Value Satisfied Customers
Brett Wu,34,3.0,1,19.0,9.0,0,0,-0.6201951507087339,0.30034765544297737,Low Engagement Customers
Brian Anderson,68,,1,,,0,3,-0.5679947131017405,0.6562131267665842,
Brian Baker PhD,24,,1,20.0,,0,0,-0.5281680625208391,0.4072943543066866,Low Engagement Customers
Brian Ballard,51,5.0,1,16.0,7.0,0,2,-0.736234768965411,-0.9980990591031185,Frequent Support Users
Brian Bell,29,3.0,3,1.5,15.0,0,5,4.88416370882475,-0.7798798228725381,
Brian Bishop,42,,1,19.0,,0,0,-0.5430649925584142,0.767316710515997,Low Engagement Customers
Brian Blake,32,3.0,1,8.0,8.0,0,4,-0.6663863264772415,-0.9976221711608388,
Brian Branch,38,,1,5.0,,0,4,-0.5475532670012286,-0.755284545648803,
Brian Brock,38,2.0,1,10.0,4.0,0,4,-0.8284191916692771,-0.5806499360240623,
Brian Brown,49,1.0,1,16.0,23.0,1,7,1.4995292336891972,3.0873118519937415,
Brian Campbell,49,3.0,1,13.0,4.0,0,3,-0.8442106479346856,-0.5783968596163094,
Brian Chavez,43,,2,,,1,5,3.6130971155590386,-0.26052079799497935,
Brian Clark,60,,2,6.0,,0,5,2.06518156305621,-0.07115648289369904,
Brian Cole,48,2.0,1,17.0,3.0,0,0,-0.8743058559956816,0.2548027696669129,Low Engagement Customers
Brian Cook,45,5.0,1,21.0,23.0,1,6,1.4707878742179878,1.1557498764861942,
Brian Crane,39,,1,20.0,,0,0,-0.5401252156116538,0.7918401107380428,Low Engagement Customers
Brian Davis,66,2.0,1,17.0,1.0,1,1,0.5592778524106391,0.1598602932181432,High Value Satisfied Customers
Brian Diaz,56,1.0,1,23.0,10.0,0,0,-0.576449437392288,2.569106895730769,Low Engagement Customers
Brian Downs,37,,1,21.0,,0,0,-0.5379825822042811,0.8419998947221791,Low Engagement Customers
Brian Fernandez,54,,1,3.0,,0,3,-0.561404256288626,-0.5479675084719904,
Brian Fox,31,,1,,,1,1,0.9929391964363214,-0.5868524716208621,High Value Satisfied Customers
Brian Frey,36,3.0,1,18.0,3.0,0,0,-0.8728597035123691,-0.5354460834700479,Low Engagement Customers
Brian Fuller,37,,1,,,1,1,0.9881563351999956,-0.4330341690483196,High Value Satisfied Customers
Brian Garcia,59,,1,10.0,,0,3,-0.5615515496853818,0.2902422708966809,
Brian Gonzalez,44,,1,,,1,1,0.982576330424282,-0.25357948271368663,High Value Satisfied Customers
Brian Grant,18,,1,13.0,,0,4,-0.5272236255846957,-0.45655180882407514,
Brian Gray,31,5.0,1,2.0,10.0,1,2,0.9287318115008273,-2.8325848771870215,Frequent Support Users
Brian Gutierrez,56,,1,,,1,1,0.9730106079516303,0.054057122431398374,High Value Satisfied Customers
Brian Hale,52,,1,22.0,,0,0,-0.5493913889664983,1.3279782026618525,Low Engagement Customers
Brian Hayden,25,,1,,,0,4,-0.5337175409080718,-0.4461513750033039,
Brian Hayes,50,,1,,,0,3,-0.5536461293927629,0.19475821904895657,
Brian Horne,40,,1,,,1,1,0.9857649045818326,-0.3561250177620483,High Value Satisfied Customers
Brian Howard,25,,1,19.0,,1,1,1.0019260461918946,0.036978787370359256,High Value Satisfied Customers
Brian Jones,68,4.0,1,20.0,0.0,0,2,-1.031200480131647,-0.48907847703115775,Frequent Support Users
Brian Kelley,41,4.0,1,12.0,8.0,0,2,-0.6800351493352772,-0.9452093107689499,Frequent Support Users
Brian Kelly,47,,1,,,0,3,-0.5512546987746,0.11784906776268533,
Brian Lee,50,3.5,2,9.0,4.5,1,5,3.3305049318450117,-1.4608679161028124,
Brian Lewis,56,,2,8.0,,1,5,3.6009064284516743,-0.2653563141155274,
Brian Li,58,3.0,1,1.0,0.0,0,2,-1.0249797086631862,-2.0886159938098925,Frequent Support Users
Brian Lowe,22,3.0,1,12.0,15.0,1,1,1.1674936654407166,-0.2262022545215385,High Value Satisfied Customers
Brian Madden,43,,1,,,1,1,0.9833734739636697,-0.27921586647577706,High Value Satisfied Customers
Brian Mahoney,43,,1,,,0,4,-0.5480661246170494,0.015303532714323676,
Brian Mann,46,4.0,1,20.0,22.0,1,6,1.4363566474352292,1.5330595157520124,
Brian Manning,37,,1,,,1,1,0.9881563351999956,-0.4330341690483196,High Value Satisfied Customers
Brian Martin,37,1.0,1,18.0,19.0,0,7,-0.18826256269251665,2.753303779102799,
Brian Martinez,35,,1,,,1,1,0.9897506222787709,-0.4843069365725004,High Value Satisfied Customers
Brian Mays,40,,1,,,0,4,-0.5456746939988865,-0.06160561857194756,
Brian Montgomery,21,,1,,,0,4,-0.5305289667505212,-0.5486969100516654,
Brian Morales,47,4.0,1,18.0,10.0,0,0,-0.5980206261345973,0.0790822858297912,Low Engagement Customers
Brian Morton,34,3.0,1,14.0,18.0,1,1,1.2842855953233911,0.6771164311046252,High Value Satisfied Customers
Brian Murray,67,1.0,1,21.0,21.0,0,7,-0.12702452342293277,4.088570931466758,
Brian Nguyen,58,,1,14.0,,0,3,-0.5585610208316041,0.6703360931678586,
Brian Norman,57,1.0,1,21.0,21.0,0,7,-0.11905308802905624,3.8322070938458546,
Brian Parker,64,,2,4.0,,0,5,2.0608962962414643,-0.17147605086197146,
Brian Pitts,56,,1,,,1,1,0.9730106079516303,0.054057122431398374,High Value Satisfied Customers
Brian Rodriguez,37,,1,,,1,1,0.9881563351999956,-0.4330341690483196,High Value Satisfied Customers
Brian Ross,56,3.0,2,14.0,14.0,1,5,3.729457466121391,0.7360559723988194,
Brian Ryan,38,3.0,1,5.0,19.0,0,7,-0.21352404113954548,0.29222739425638233,
Brian Sanders,29,5.0,1,9.0,9.0,1,2,0.8924108696470747,-2.304768776641131,Frequent Support Users
Brian Santos,20,,1,11.0,,1,1,1.001524993260053,-0.902663543506629,High Value Satisfied Customers
Brian Saunders,62,,1,,,1,1,0.9682277467153044,0.20787542500394085,High Value Satisfied Customers
Brian Serrano,23,,1,15.0,,0,4,-0.530112650624439,-0.12550478699698894,
Brian Simpson,42,,1,13.0,,0,4,-0.5463550705299992,0.1587214014660949,
Brian Sparks,63,,2,,,0,5,2.0657146461905667,0.5467262764369298,
Brian Tate,28,4.0,1,4.0,7.0,0,2,-0.7158127071847282,-2.220881704230809,Frequent Support Users
Brian Vang,30,,1,,,0,4,-0.53770325860501,-0.3179694561928517,
Brian Ward,32,5.0,1,5.0,10.0,0,2,-0.6018598916334869,-2.208131439709879,Frequent Support Users
Brian Waters,51,,1,16.0,,0,0,-0.5518843233986956,0.6937465098498597,Low Engagement Customers
Brian West,58,,1,,,0,3,-0.5600232777078641,0.3998492891456799,
Brian White,24,,2,,,0,5,2.096803244226685,-0.4530926902845966,
Brian Williams,47,5.0,2,11.0,9.0,0,5,1.9774430216099421,-1.327234298235971,
Brian Wood,38,5.0,2,7.5,8.0,0,5,1.9409444480816294,-2.0439146748620423,
Briana Hood,28,1.0,1,8.0,8.0,0,4,-0.6458619196838172,0.06792189279118489,
Briana Massey,44,,1,,,0,3,-0.548863268156437,0.04093991647641409,
Briana Mcmahon,48,4.0,1,6.0,16.0,0,6,-0.35487600622089255,-0.3268379935790338,
Briana Olson,19,,1,,,0,4,-0.5289346796717459,-0.5999696775758463,
Briana Taylor,50,,1,13.0,,0,3,-0.5527322188451005,0.36381247156281826,
Briana Wilson,50,,1,,,0,3,-0.5536461293927629,0.19475821904895657,
Brianna Barajas,29,4.0,1,11.0,8.0,1,1,0.8604218253894961,-1.6487978666124525,High Value Satisfied Customers
Brianna Blevins,21,,1,,,0,4,-0.5305289667505212,-0.5486969100516654,
Brianna Chambers,37,,1,20.0,,0,0,-0.5385309285328785,0.7405673432138621,Low Engagement Customers
Brianna Evans,20,5.0,1,4.0,1.0,1,2,0.5628142039968929,-4.0901709279467156,Frequent Support Users
Brianna Flores,52,3.0,1,18.0,11.0,1,1,0.9798548242998308,0.6277285974384835,High Value Satisfied Customers
Brianna Holland,52,,1,,,0,3,-0.5552404164715382,0.2460309865731374,
Brianna Lee,19,3.0,1,11.0,23.0,0,7,-0.028073622988753627,0.9374873817791592,
Brianna Morgan,30,4.0,1,20.0,18.0,0,6,-0.24934326744612906,0.8936408047960736,
Brianna Ramos,56,,1,,,0,3,-0.5584289906290888,0.3485765216214991,
Brianna Richardson,32,,1,,,1,1,0.9921420528969338,-0.5612160878587716,High Value Satisfied Customers
Brianna Scott MD,51,,1,23.0,,0,0,-0.5480458990985131,1.403774370408079,Low Engagement Customers
Brianna Smith,69,,1,11.0,,0,3,-0.5689746387506607,0.6480386600259022,
Brianna Vaughn,22,,1,2.0,,0,4,-0.5364440093568188,-1.4697643403672005,
Brianna Walters,43,,1,,,0,4,-0.5480661246170494,0.015303532714323676,
Bridget Elliott,62,,1,,,0,3,-0.5632118518654147,0.5023948241940417,
Bridget Fernandez,37,,1,,,1,1,0.9881563351999956,-0.4330341690483196,High Value Satisfied Customers
Bridget Washington,65,3.0,1,0.0,9.0,0,3,-0.6553251806731034,-0.8321429265902431,
Brittany Barnett,68,1.0,1,0.0,8.0,0,3,-0.6821344318881031,0.2819168312082653,
Brittany Bradley,24,,1,23.0,,0,0,-0.5265230235350467,0.7115920088316376,Low Engagement Customers
Brittany Campbell,31,,1,,,0,4,-0.5385004021443976,-0.29233307243076134,
Brittany Chapman,39,,1,22.0,,1,1,0.9924110756262602,0.7001858145645762,High Value Satisfied Customers
Brittany Curry,42,,1,,,0,4,-0.5472689810776618,-0.010332851047766755,
Brittany Evans,40,,1,4.0,,0,4,-0.5496959004086015,-0.8054443296329391,
Brittany Fischer,68,,1,,,0,3,-0.5679947131017405,0.6562131267665842,
Brittany Foster MD,29,,1,14.0,,0,4,-0.5354438581893624,-0.07311903593276343,
Brittany Gomez,30,1.0,1,7.0,19.0,1,7,1.3427252310493434,1.163571626986578,
Brittany Gonzalez,28,5.0,1,1.0,17.0,0,6,-0.3085891301613536,-1.799834233374472,
Brittany Gray,61,,1,18.0,,1,1,0.972680532445342,0.8584560512972974,High Value Satisfied Customers
Brittany Hamilton,41,5.0,1,1.0,13.0,1,6,1.0454729894764845,-2.2848366136099902,
Brittany Hernandez,68,,1,20.0,,1,1,0.9681972203268235,1.2407758406485643,High Value Satisfied Customers
Brittany Jacobs,30,,1,9.0,,1,1,0.9924568652089816,-0.8491648089023589,High Value Satisfied Customers
Brittany Jenkins,27,,1,6.0,,1,1,0.993203256841352,-1.2303716147135813,High Value Satisfied Customers
Brittany King,24,,1,21.0,,0,0,-0.5276197161922417,0.5087269058150037,Low Engagement Customers
Brittany Lane,61,1.0,1,15.0,4.0,1,1,0.6960957534664504,0.8056750483556945,High Value Satisfied Customers
Brittany Lawrence,67,,1,,,1,1,0.9642420290183662,0.33605734381439295,High Value Satisfied Customers
Brittany Long,24,,1,4.0,,0,4,-0.5369416037783992,-1.2156264698263857,
Brittany Lopez,22,1.0,1,10.0,14.0,0,7,-0.389460446394034,0.9026026481641655,
Brittany Marshall,47,,1,,,0,3,-0.5512546987746,0.11784906776268533,
Brittany Martin,51,3.0,1,0.0,6.0,0,3,-0.7694261308198076,-1.5838692767239535,
Brittany Mcdowell,30,,1,,,1,1,0.9937363399757091,-0.6124888553829524,High Value Satisfied Customers
Brittany Mcintosh,33,,1,,,0,4,-0.5400946892231729,-0.24106030490658048,
Brittany Miller,67,5.0,1,20.0,5.0,1,2,0.7011366118340749,-0.7385840970428007,Frequent Support Users
Brittany Ortega,43,1.0,1,22.0,21.0,1,7,1.4240948664316873,3.280210873494805,
Brittany Osborne,52,3.0,1,22.0,0.0,0,0,-1.0086815745263127,-0.11235071470777748,Low Engagement Customers
Brittany Perry,61,,1,,,1,1,0.9690248902546921,0.18223904124185047,High Value Satisfied Customers
Brittany Peters,57,,1,,,0,3,-0.5592261341684764,0.37421290538358953,
Brittany Rios,53,,1,2.0,,0,3,-0.5611554590778358,-0.6750364437423978,
Brittany Rogers,54,,1,,,0,3,-0.5568347035503135,0.29730375409731824,
Brittany Rosales,29,3.0,1,8.0,3.0,1,1,0.6586764365580885,-2.023745684077952,High Value Satisfied Customers
Brittany Simpson,43,,1,13.0,,0,4,-0.5471522140693869,0.18435778522818533,
Brittany Tate,48,,1,,,0,3,-0.5520518423139876,0.14348545152477576,
Brittany Thompson,57,1.0,1,21.0,23.0,0,7,-0.0355457815636355,4.09408507882215,
Brittany Tucker,45,5.0,1,11.0,20.0,1,6,1.3400434512338817,-0.25139261606142066,
Brittany Washington,65,3.0,2,18.0,14.0,0,5,2.193036961000573,1.6670330314810018,
Brittany Wilson,56,,1,,,0,3,-0.5584289906290888,0.3485765216214991,
Brittany Woods,66,,1,2.0,,0,3,-0.5715183250898752,-0.34176345483522236,
Brittany Yates,23,,1,17.0,,0,4,-0.529015957967244,0.07736031601964515,
Brittney Allen,43,,1,,,0,4,-0.5480661246170494,0.015303532714323676,
Brittney Chapman,24,5.0,1,0.0,9.0,0,2,-0.6399781281940836,-3.0513242598363357,Frequent Support Users
Brittney Jones,47,,1,20.0,,1,1,0.9849372346539641,0.7024117816446654,High Value Satisfied Customers
Brittney Jordan,70,3.0,1,23.0,14.0,1,1,1.0935089319319717,1.9891632401621406,High Value Satisfied Customers
Brittney Key,24,,1,11.0,,1,1,0.9983364191025025,-0.8001180084582674,High Value Satisfied Customers
Brooke Foster,38,,1,13.0,,0,4,-0.5431664963724486,0.05617586641773324,
Brooke Holmes,30,,1,,,0,4,-0.53770325860501,-0.3179694561928517,
Brooke Hurst,19,,1,16.0,,0,4,-0.5263757301382909,-0.12661777053703363,
Brooke Larson,44,,1,,,0,3,-0.548863268156437,0.04093991647641409,
Brooke Long,63,,1,7.0,,1,1,0.9650544357519942,-0.20602924777000917,High Value Satisfied Customers
Brooke Miles,18,,1,15.0,,0,4,-0.5261269329275008,-0.25368670580744107,
Brooke Miller,41,5.0,1,9.0,0.0,0,2,-1.0243773305006898,-2.8810637046992786,Frequent Support Users
Brooke Moore,66,,1,,,0,3,-0.5664004260229653,0.6049403592424033,
Brooke Nicholson,39,4.0,1,13.0,8.0,0,2,-0.6778925159279044,-0.8950495267848135,Frequent Support Users
Brooke Ramos,29,,1,,,0,4,-0.5369061150656224,-0.34360583995494215,
Brooke Walton,49,,1,9.0,,0,3,-0.5541284606201028,-0.0675541182325403,
Brooke Weber,66,,1,6.0,,1,1,0.9621146588052338,-0.23055264799205502,High Value Satisfied Customers
Brooke Wolfe,53,,1,8.0,,0,3,-0.5578653811062508,-0.06644113469249564,
Bruce Austin,46,2.0,1,18.0,3.0,0,0,-0.8721632225883087,0.304962553651049,Low Engagement Customers
Bruce Davis,56,,1,,,0,3,-0.5584289906290888,0.3485765216214991,
Bruce Hernandez,45,1.0,1,19.0,2.0,0,0,-0.9039034696350972,0.83386452840932,Low Engagement Customers
Bruce Moore,41,1.0,1,16.0,20.0,0,7,-0.15079417627455186,2.783923203622675,
Bruce Morales,37,,1,,,0,4,-0.5432832633807235,-0.13851476985821884,
Bruce Thomas MD,49,,1,,,0,3,-0.5528489858533753,0.16912183528686617,
Bruce Wilcox,36,,1,,,0,4,-0.5424861198413359,-0.16415115362030927,
Bryan Anderson,26,,1,13.0,,0,4,-0.5336007738997969,-0.25146073872735175,
Bryan Blair,70,,1,,,0,3,-0.5695890001805158,0.7074858942907649,
Bryan Gilbert,50,,1,22.0,,0,0,-0.547797101887723,1.2767054351376717,Low Engagement Customers
Bryan Gordon,54,,1,,,0,3,-0.5568347035503135,0.29730375409731824,
Bryan Lee,33,1.0,1,4.0,15.0,0,7,-0.35976545006617267,0.7069465529854061,
Bryan Norman,34,,1,10.0,,0,4,-0.5416229612006905,-0.35066732315557947,
Bryan Perez,52,,1,4.0,,0,3,-0.5592616228812533,-0.4978077244878542,
Bryan Rivera,61,,1,,,0,3,-0.562414708326027,0.4767584404319512,
Bryan Robbins,51,,1,10.0,,0,3,-0.5551744013702806,0.08515120079995757,
Bryan Vaughan,64,,1,,,0,3,-0.56480613894419,0.5536675917182224,
Bryan Wells,66,,1,8.0,,1,1,0.9632113514624288,-0.027687544975420947,High Value Satisfied Customers
Bryan Williams,48,3.0,1,21.0,21.0,0,7,-0.12921462881044118,2.4333900409866556,
Bryan Wilson,53,1.0,1,4.0,14.0,0,7,-0.41746197408663605,1.0887352357390663,
Bryce Fitzgerald,56,4.0,1,19.0,6.0,0,0,-0.7716611845913302,-0.11251367875567074,Low Engagement Customers
Bryce Smith,30,,1,,,0,4,-0.53770325860501,-0.3179694561928517,
Caitlin Boyd,29,1.0,1,12.0,4.0,0,4,-0.8114802908396564,-0.024467487366049343,
Caitlin Bullock,60,,1,,,1,1,0.9698220337940797,0.15660265747976004,High Value Satisfied Customers
Caitlin Harper,69,2.0,1,11.0,16.0,0,7,-0.35153845626917196,1.8867784219668358,
Caitlin Holder,30,,1,9.0,,0,4,-0.5389827333717375,-0.5546454097122582,
Caitlin Hughes DDS,70,,1,,,0,3,-0.5695890001805158,0.7074858942907649,
Caitlin Hunt,35,3.0,1,19.0,7.0,0,0,-0.7044996007135423,0.0641060542287714,Low Engagement Customers
Caitlin Johnson,20,,1,,,1,1,1.0017077753695856,-0.8688526930038566,High Value Satisfied Customers
Caitlin Lawrence,51,,1,,,0,3,-0.5544432729321506,0.220394602811047,
Caitlin Marsh,20,,1,,,0,4,-0.5297318232111335,-0.5743332938137559,
Caitlin Robinson,24,,1,12.0,,0,4,-0.5325548331496192,-0.40416605775984965,
Caitlyn Keith,28,1.0,1,10.0,18.0,0,7,-0.22722869469951823,1.5801769206893008,
Caitlyn Myers,62,,1,,,0,3,-0.5632118518654147,0.5023948241940417,
Caitlyn Oliver,59,,1,,,0,3,-0.5608204212472517,0.42548567290777034,
Caitlyn Sullivan,40,,1,,,1,1,0.9857649045818326,-0.3561250177620483,High Value Satisfied Customers
Caleb Blake,28,3.0,1,8.0,7.0,0,4,-0.7049514055524013,-1.2311066986973487,
Caleb Carter,31,,1,,,1,1,0.9929391964363214,-0.5868524716208621,High Value Satisfied Customers
Caleb Hoffman,70,,1,,,1,1,0.9618505984002033,0.41296649510066413,High Value Satisfied Customers
Caleb Romero,20,,1,,,0,4,-0.5297318232111335,-0.5743332938137559,
Caleb Thompson,62,1.0,1,16.0,15.0,0,7,-0.37630245676524443,2.6675923001858326,
Calvin Benson,62,,1,10.0,,1,1,0.9674966182771744,0.07263202299285143,High Value Satisfied Customers
Calvin Brown,69,,1,,,0,3,-0.5687918566411282,0.6818495105286746,
Calvin Gonzalez,31,,1,,,0,4,-0.5385004021443976,-0.29233307243076134,
Cameron Bennett,30,,1,16.0,,0,4,-0.535144309071555,0.155382450845961,
Cameron Boyd,46,,1,23.0,,0,0,-0.5440601814015749,1.275592451597627,Low Engagement Customers
Cameron Brown,54,,1,,,0,3,-0.5568347035503135,0.29730375409731824,
Cameron Howard,48,,1,,,0,3,-0.5520518423139876,0.14348545152477576,
Cameron Kidd,26,4.0,1,3.0,7.0,0,2,-0.7147667664345504,-2.3735870232633074,Frequent Support Users
Cameron Miller,27,3.0,1,1.0,12.0,0,4,-0.49922442014964424,-1.3120759805769173,
Cameron Pittman,31,,1,,,1,1,0.9929391964363214,-0.5868524716208621,High Value Satisfied Customers
Cameron Stout,59,,1,,,1,1,0.9706191773334674,0.1309662737176696,High Value Satisfied Customers
Candace Callahan,41,1.0,1,23.0,20.0,1,7,1.3844838466063496,3.199431664990793,
Candace Saunders,50,,1,,,0,3,-0.5536461293927629,0.19475821904895657,
Candace Taylor,69,,1,22.0,,1,1,0.9684967694446308,1.4692773274272888,High Value Satisfied Customers
Candice Moyer,18,3.0,1,17.0,4.0,1,1,0.7141337856814405,-1.261913949397945,High Value Satisfied Customers
Candice Norman,34,,1,0.0,,1,1,0.9843331740940535,-1.6595122374288502,High Value Satisfied Customers
Candice Waller,64,,1,,,1,1,0.9666334596365291,0.25914819252812166,High Value Satisfied Customers
Carl Conley,60,,1,22.0,,1,1,0.9756710612991196,1.238549873568475,High Value Satisfied Customers
Carl Hardin,27,5.0,1,8.0,16.0,0,6,-0.34570721555449385,-1.2463817490664912,
Carl Hill,40,,1,,,0,4,-0.5456746939988865,-0.06160561857194756,
Carl Jenkins,63,,1,,,0,3,-0.5640089954048023,0.5280312079561321,
Carl Jones,51,,1,,,1,1,0.9769963256485685,-0.07412479637905373,High Value Satisfied Customers
Carl Mitchell,59,4.0,1,15.0,23.0,1,6,1.4650057030129127,1.4901087396057506,
Carla Downs,36,,1,,,1,1,0.9889534787393832,-0.45867055281041,High Value Satisfied Customers
Carla Moore,65,,1,,,1,1,0.9658363160971415,0.2847845762902121,High Value Satisfied Customers
Carla Oneill,46,,1,,,0,3,-0.5504575552352123,0.09221268400059492,
Carla Robinson,21,5.0,1,3.0,5.0,0,2,-0.8029562715209698,-3.3476917265502486,Frequent Support Users
Carla Thomas,62,1.0,1,8.0,1.0,0,3,-0.96524037265197,0.022985993285221894,
Carlos Cooper,19,,1,,,0,4,-0.5289346796717459,-0.5999696775758463,
Carlos Gonzalez,26,,1,9.0,,1,1,0.9956454393665322,-0.9517103439507206,High Value Satisfied Customers
Carlos Herman,70,2.0,1,0.0,16.0,0,3,-0.35836740942313206,0.7966567391374388,
Carlos Jackson,57,,1,,,1,1,0.9722134644122427,0.0796935061934888,High Value Satisfied Customers
Carlos Johnson,24,,1,,,0,4,-0.5329203973686841,-0.4717877587653943,
Carlos Moore,18,2.0,1,22.0,9.0,0,0,-0.5971278987748022,0.7785079692746746,Low Engagement Customers
Carlos Ochoa,66,,1,0.0,,0,3,-0.5726150177470702,-0.5446285578518564,
Carlos Peterson,47,1.0,1,5.0,7.0,0,3,-0.7044063391506854,0.11977653725780339,
Carlos Williams,61,,1,,,1,1,0.9690248902546921,0.18223904124185047,High Value Satisfied Customers
Carlos Woods,38,,1,21.0,,0,0,-0.5387797257436687,0.8676362784842694,Low Engagement Customers
Carly Clark,44,3.0,1,8.0,0.0,0,2,-1.0099812748115766,-1.7374975059209392,Frequent Support Users
Carly Love,34,,1,,,0,4,-0.5408918327625606,-0.21542392114449005,
Carmen Campbell,66,3.0,1,10.0,3.0,0,3,-0.9011607803227786,-0.5778149826738715,
Carmen Clayton,37,,1,,,1,1,0.9881563351999956,-0.4330341690483196,High Value Satisfied Customers
Carmen Smith,25,,1,18.0,,0,0,-0.5300618987174218,0.23006563505214297,Low Engagement Customers
Carol Anderson,29,5.0,1,16.0,22.0,0,6,-0.09239281260822664,0.401985385453115,
Carol Cruz,26,,1,16.0,,1,1,0.9994838636667146,-0.24168248339250145,High Value Satisfied Customers
Carol Gallagher,59,1.0,1,3.0,5.0,1,1,0.7328635378347661,-0.3318493447801426,High Value Satisfied Customers
Carol Gray,27,,1,,,0,4,-0.5353118279868471,-0.39487860747912296,
Carol Hernandez,25,,1,6.0,,0,4,-0.5366420546605918,-0.9871249830476612,
Carol Mcintosh,63,,1,12.0,,0,3,-0.5636434311857373,0.5956529089616767,
Carol Mejia,62,,1,,,0,3,-0.5632118518654147,0.5023948241940417,
Carol Myers,19,,1,7.0,,0,4,-0.5313108470956683,-1.0395107341118868,
Carol Norris,42,2.0,1,8.0,17.0,0,7,-0.28990696645878755,1.0212373983535916,
Carol Preston,58,,1,,,1,1,0.971416320872855,0.10532988995557918,High Value Satisfied Customers
Carol Rogers,57,,1,,,0,3,-0.5592261341684764,0.37421290538358953,
Carol Russell,19,,1,16.0,,1,1,1.005063868442428,-0.4211371697271344,High Value Satisfied Customers
Carol Smith,64,,1,,,0,3,-0.56480613894419,0.5536675917182224,
Carol Wilson,62,3.0,1,20.0,13.0,0,0,-0.474952210552149,1.6433549222424189,Low Engagement Customers
Caroline Cummings,56,,1,4.0,,0,3,-0.5624501970388038,-0.39526218943949243,
Caroline Krueger,65,2.0,1,13.0,12.0,0,3,-0.5142678023852679,1.4633420199825153,
Caroline Moore,31,1.0,1,14.0,19.0,1,7,1.3457665118101383,1.8992358713068873,
Caroline Robinson,22,,1,19.0,,0,0,-0.5271221217706613,0.2545890352741887,Low Engagement Customers
Carolyn Anthony,30,,1,,,0,4,-0.53770325860501,-0.3179694561928517,
Carolyn Flores,48,,1,12.0,,0,3,-0.5516862780949227,0.21110715253032036,
Carolyn Lambert,54,,1,,,1,1,0.9746048950304056,0.002784354907217513,High Value Satisfied Customers
Carolyn Larson,65,,1,21.0,,0,0,-0.5603026013071352,1.5598186400607108,Low Engagement Customers
Carolyn Thompson,42,5.0,1,15.0,8.0,1,2,0.8435844283739099,-1.4938394711722018,Frequent Support Users
Carrie Ayers,68,,1,7.0,,0,3,-0.5703708805256631,0.2166720702305436,
Carrie Barrett,29,,1,,,0,4,-0.5369061150656224,-0.34360583995494215,
Carrie Cole,55,,1,,,0,3,-0.5576318470897011,0.32294013785940867,
Carrie Greer,19,2.0,1,23.0,2.0,0,0,-0.8896522686145653,-0.01099604287195541,Low Engagement Customers
Carrie Johnson,63,3.0,1,19.0,16.0,0,0,-0.3510367407220029,1.9603757319606367,Low Engagement Customers
Carrie Walker,67,,1,,,1,1,0.9642420290183662,0.33605734381439295,High Value Satisfied Customers
Carrie Walsh,30,,1,,,0,4,-0.53770325860501,-0.3179694561928517,
Carrie Williams,27,,1,,,0,4,-0.5353118279868471,-0.39487860747912296,
Carrie Wise,70,5.0,1,18.0,7.0,0,2,-0.7502838035565812,-0.3081426646067666,Frequent Support Users
Casey Baker,52,,1,22.0,,0,0,-0.5493913889664983,1.3279782026618525,Low Engagement Customers
Casey Brown,52,2.0,1,16.0,2.0,0,0,-0.91979642971454,0.1249767607188094,Low Engagement Customers
Casey Fleming,59,,1,,,0,3,-0.5608204212472517,0.42548567290777034,
Casey Goodwin,69,1.0,1,7.0,9.0,0,3,-0.6373394978945979,1.1485200680167231,
Casey Graham,21,4.0,1,11.0,17.0,1,6,1.242581852798991,-0.6754380043158423,
Casey Higgins,59,1.0,1,6.0,20.0,0,7,-0.17062622326950447,2.2310525962571317,
Casey Moore,29,,1,1.0,,0,4,-0.5425723604611299,-1.3917422055408848,
Casey Nguyen,70,,1,,,0,3,-0.5695890001805158,0.7074858942907649,
Casey Oconnor,30,4.0,1,11.0,2.0,1,2,0.6091027624538461,-2.4087954377792515,Frequent Support Users
Casey Reed,37,4.0,1,0.0,10.0,0,4,-0.5999194246554758,-2.003067478940819,
Casey Taylor,45,,1,,,0,3,-0.5496604116958247,0.0665763002385045,
Casey Thompson,51,,1,21.0,,0,0,-0.5491425917557081,1.200909267391445,Low Engagement Customers
Casey Tran,19,,1,9.0,,0,4,-0.5302141544384734,-0.8366456310952528,
Cassandra Bush MD,62,4.0,1,3.0,15.0,0,3,-0.4094347079908225,-0.4031652679228671,
Cassandra Patton,66,,1,,,1,1,0.9650391725577538,0.3104209600523025,High Value Satisfied Customers
Cassandra Richards,50,1.0,1,3.0,9.0,1,1,0.9070524426200965,-0.0388208286863638,High Value Satisfied Customers
Cassandra Stephens,54,,1,,,0,3,-0.5568347035503135,0.29730375409731824,
Cassandra Walker,59,1.0,1,22.0,19.0,1,7,1.327833263336064,3.428515028711955,
Cassandra Warren,67,4.0,1,15.0,15.0,0,6,-0.40684026974459075,0.9422072689873894,
Cassidy Herman,48,,1,,,0,3,-0.5520518423139876,0.14348545152477576,
Cassidy Riley,28,,1,15.0,,0,4,-0.5340983683213772,0.002677131813463183,
Cassidy Rogers,28,,1,,,0,4,-0.5361089715262347,-0.3692422237170325,
Cassidy Yoder,45,,1,,,0,3,-0.5496604116958247,0.0665763002385045,
Cassie Johns,56,,1,,,0,3,-0.5584289906290888,0.3485765216214991,
Cassie Watson,69,,1,3.0,,0,3,-0.5733614093794407,-0.1634217520406341,
Catherine Atkins,20,,1,,,1,1,1.0017077753695856,-0.8688526930038566,High Value Satisfied Customers
Catherine Bailey,52,,1,,,0,3,-0.5552404164715382,0.2460309865731374,
Catherine Bennett,42,,1,,,0,4,-0.5472689810776618,-0.010332851047766755,
Catherine Conway,32,4.0,1,17.0,9.0,0,0,-0.6283654726050905,-0.5378350145980302,Low Engagement Customers
Catherine Ellis,40,,1,22.0,,0,0,-0.5398256664938464,1.0203415975167673,Low Engagement Customers
Catherine Gomez,57,,1,6.0,,0,3,-0.5621506479209964,-0.166760702660768,
Catherine Hodge,44,3.0,1,16.0,9.0,1,1,0.9016279734923162,-0.04210556065117024,High Value Satisfied Customers
Catherine James,28,5.0,1,9.0,9.0,0,2,-0.6382315853942567,-2.0358857612131205,Frequent Support Users
Catherine Marquez,69,5.0,1,14.0,23.0,1,6,1.4478180049725018,1.060995226218145,
Catherine Miller,25,,1,,,0,4,-0.5337175409080718,-0.4461513750033039,
Catherine Stephens,40,,1,11.0,,0,4,-0.545857476108419,-0.09541646907472,
Cathy Aguilar,66,,1,,,0,3,-0.5664004260229653,0.6049403592424033,
Cathy Brown,67,,1,22.0,,0,0,-0.561348542057313,1.7125239590932086,Low Engagement Customers
Cathy Chambers,35,,1,,,0,4,-0.5416889763019482,-0.18978753738239967,
Cathy Chan,56,,1,,,0,3,-0.5584289906290888,0.3485765216214991,
Cathy Daniels,51,,1,22.0,,0,0,-0.5485942454271107,1.302341818899762,Low Engagement Customers
Cathy Everett,30,,1,,,1,1,0.9937363399757091,-0.6124888553829524,High Value Satisfied Customers
Cathy Johnson,56,2.0,1,6.0,13.0,0,3,-0.4691782815982512,0.6535256980536306,
Cathy Li,49,,1,,,0,3,-0.5528489858533753,0.16912183528686617,
Cathy Nixon,28,,1,,,0,4,-0.5361089715262347,-0.3692422237170325,
Cathy Rodriguez,46,4.0,1,0.0,22.0,0,6,-0.10604987771743975,-0.20107211522422763,
Cesar Allison,39,,1,5.0,,0,4,-0.5483504105406163,-0.7296481618867126,
Cesar Brown,46,5.0,1,1.0,16.0,0,6,-0.3646913671030416,-1.4693183181449925,
Cesar Jensen,35,,1,19.0,,1,1,0.9939546107980183,0.29334262499126335,High Value Satisfied Customers
Cesar Sims,47,,1,22.0,,0,0,-0.5454056712695601,1.1997962838514005,Low Engagement Customers
Cesar Warren,35,,1,12.0,,0,4,-0.5413234120828833,-0.12216583637685506,
Chad Fisher,53,,1,16.0,,0,0,-0.5534786104774709,0.7450192773740406,Low Engagement Customers
Chad Hall,62,,1,,,0,3,-0.5632118518654147,0.5023948241940417,
Chad Hendricks,34,1.0,1,1.0,16.0,0,7,-0.32045397935864245,0.5592242747106936,
Chad Jackson,27,3.0,1,10.0,13.0,0,4,-0.4525356499595563,-0.26824402451391605,
Chad Pace,45,,1,23.0,,0,0,-0.5432630378621872,1.2499560678355366,Low Engagement Customers
Chad Porter,37,,1,,,1,1,0.9881563351999956,-0.4330341690483196,High Value Satisfied Customers
Chad Vazquez,38,,1,8.0,,0,4,-0.5459082280154361,-0.450986891123852,
Chad Waters,27,5.0,1,23.0,14.0,0,6,-0.42098932709095216,0.013228538581967831,
Chad Wheeler,54,,1,,,0,3,-0.5568347035503135,0.29730375409731824,
Charlene Andrews,45,2.0,1,4.0,19.0,0,7,-0.21098447592591968,0.9542943285828911,
Charlene Fernandez,46,,1,,,0,3,-0.5504575552352123,0.09221268400059492,
Charlene Maldonado,41,1.0,1,1.0,18.0,1,7,1.288912920911784,0.7060375468315222,
Charlene Morris,58,,1,,,0,3,-0.5600232777078641,0.3998492891456799,
Charlene Roth,31,,1,,,1,1,0.9929391964363214,-0.5868524716208621,High Value Satisfied Customers
Charlene Taylor,64,,1,,,0,3,-0.56480613894419,0.5536675917182224,
Charles Anthony,52,,1,1.0,,0,3,-0.5609066618670457,-0.8021053790128053,
Charles Barajas,58,,1,,,0,3,-0.5600232777078641,0.3998492891456799,
Charles Benson,49,,1,15.0,,0,0,-0.5508383826485178,0.541041190817362,Low Engagement Customers
Charles Brooks,69,,1,4.0,,0,3,-0.5728130630508432,-0.061989200532316976,
Charles Brown,35,,1,,,0,4,-0.5416889763019482,-0.18978753738239967,
Charles Bryant,22,,1,19.0,,0,0,-0.5271221217706613,0.2545890352741887,Low Engagement Customers
Charles Burton,56,1.0,1,19.0,18.0,0,7,-0.24461359684499484,3.2108886296026857,
Charles Callahan,70,,1,23.0,,0,0,-0.5631916263468784,1.8908656618877968,Low Engagement Customers
Charles Davis,37,,2,14.5,,1,5,3.6196164068359233,-0.09313602079118466,
Charles Dorsey,47,,1,6.0,,1,1,0.9772603860535991,-0.7176439394717729,High Value Satisfied Customers
Charles Fisher,27,4.0,1,11.0,12.0,0,4,-0.502408873181606,-0.88179526499394,
Charles Fitzpatrick,38,3.0,1,8.0,0.0,0,2,-1.0051984135752507,-1.8913158084934818,Frequent Support Users
Charles Foster,35,,1,2.0,,0,4,-0.5468068753688582,-1.1364913514600252,
Charles Franklin,54,,1,12.0,,0,3,-0.5564691393312485,0.3649254551028629,
Charles George,19,,1,,,1,1,1.002504918908973,-0.894489076765947,High Value Satisfied Customers
Charles Gonzalez,61,5.0,1,2.0,11.0,1,2,0.9465711585519083,-1.9325543718361606,Frequent Support Users
Charles Hernandez,65,,1,1.0,,0,3,-0.5712695278790851,-0.4688323901056299,
Charles Houston,46,,1,,,0,3,-0.5504575552352123,0.09221268400059492,
Charles Howard,34,,1,,,1,1,0.9905477658181585,-0.5099433203345908,High Value Satisfied Customers
Charles Hull,48,,1,,,0,3,-0.5520518423139876,0.14348545152477576,
Charles Hunter,21,,1,,,0,4,-0.5305289667505212,-0.5486969100516654,
Charles Jackson,61,,1,,,0,3,-0.562414708326027,0.4767584404319512,
Charles Johnson,63,,1,19.0,,1,1,0.9716345916951642,1.0111613703297953,High Value Satisfied Customers
Charles Jones,26,,1,,,0,4,-0.5345146844474594,-0.42051499124121344,
Charles Jordan,68,4.0,1,12.0,11.0,0,3,-0.5762970652006124,0.13979002827193596,
Charles Kelly,69,,1,22.0,,1,1,0.9684967694446308,1.4692773274272888,High Value Satisfied Customers
Charles Lopez,29,1.0,1,19.0,4.0,0,0,-0.807641866539474,0.6855603731921699,Low Engagement Customers
Charles Manning,43,,1,8.0,,0,4,-0.5498939457123744,-0.3228049723133998,
Charles Mcconnell,29,,1,,,1,1,0.9945334835150967,-0.6381252391450428,High Value Satisfied Customers
Charles Miller,22,,1,17.0,,0,4,-0.5282188144278563,0.05172393225755472,
Charles Palmer,19,,1,,,1,1,1.002504918908973,-0.894489076765947,High Value Satisfied Customers
Charles Patterson,34,,1,21.0,,0,0,-0.5355911515861181,0.7650907434359078,Low Engagement Customers
Charles Pennington,31,,1,,,0,4,-0.5385004021443976,-0.29233307243076134,
Charles Pittman,48,,1,23.0,,0,0,-0.5456544684803502,1.3268652191218078,Low Engagement Customers
Charles Roberts,40,,1,,,0,4,-0.5456746939988865,-0.06160561857194756,
Charles Ruiz,34,,1,17.0,,0,0,-0.5377845369005081,0.35936053740263973,Low Engagement Customers
Charles Ryan,57,,1,,,0,3,-0.5592261341684764,0.37421290538358953,
Charles Sandoval,40,,1,4.0,,0,4,-0.5496959004086015,-0.8054443296329391,
Charles Simpson,18,,1,,,1,1,1.0033020624483606,-0.9201254605280375,High Value Satisfied Customers
Charles Smith,27,,1,,,0,4,-0.5353118279868471,-0.39487860747912296,
Charles Stanley,55,1.0,1,0.0,0.0,0,3,-1.005800791737747,-1.0988680976040954,
Charles Stewart,47,,1,10.0,,0,3,-0.55198582721273,-0.017394334248404118,
Charles Taylor,63,1.0,1,9.0,21.0,0,7,-0.13041610520855215,2.768834778318593,
Charles Thornton,53,5.0,1,7.0,12.0,1,6,0.9974436917427074,-1.4995436919031508,
Charles Wade,56,,1,,,0,3,-0.5584289906290888,0.3485765216214991,
Charles Welch,25,,1,,,0,4,-0.5337175409080718,-0.4461513750033039,
Charles Wells,20,,1,6.0,,0,4,-0.5326563369636536,-1.1153069018581134,
Charles Wright,48,,1,21.0,,0,0,-0.5467511611375452,1.1240001161051738,Low Engagement Customers
Charlotte Barnett,37,,1,,,1,1,0.9881563351999956,-0.4330341690483196,High Value Satisfied Customers
Charlotte Doyle,19,,1,10.0,,0,4,-0.5296658081098758,-0.7352130795869357,
Charlotte Ford,42,,1,10.0,,0,4,-0.5480001095157917,-0.14557625305885621,
Charlotte Martin,36,,1,6.0,,1,1,0.9860289649868632,-0.9996441608547675,High Value Satisfied Customers
Chase Gonzales,32,,1,23.0,,0,0,-0.5329001718501478,0.916683078928361,Low Engagement Customers
Chase Hendrix,68,,1,19.0,,0,0,-0.5637907245824931,1.433862688330348,Low Engagement Customers
Chase Logan DDS,56,5.0,1,18.0,13.0,0,6,-0.4886018746088918,0.11858191765285664,
Chelsea Baker,28,1.0,1,3.0,16.0,0,7,-0.31457442546512154,0.6082710751547851,
Chelsea Diaz,19,,1,,,1,1,1.002504918908973,-0.894489076765947,High Value Satisfied Customers
Chelsea James,30,,1,,,0,4,-0.53770325860501,-0.3179694561928517,
Chelsea Jimenez,57,,1,21.0,,0,0,-0.553925452992034,1.3547275699639876,Low Engagement Customers
Chelsea Oconnor,62,,1,15.0,,1,1,0.9702383499201619,0.5797947805344366,High Value Satisfied Customers
Chelsea Russell,33,,1,,,0,4,-0.5400946892231729,-0.24106030490658048,
Chelsea West,54,,1,16.0,,0,0,-0.5542757540168586,0.770655661136131,Low Engagement Customers
Chelsey Martin,64,,1,,,1,1,0.9666334596365291,0.25914819252812166,High Value Satisfied Customers
Cheryl Clements DVM,18,1.0,1,10.0,3.0,0,4,-0.8455620577962978,-0.6402718042538261,
Cheryl Collins,53,,1,,,0,3,-0.5560375600109259,0.2716673703352278,
Cheryl Fisher,63,1.0,1,10.0,21.0,0,7,-0.12986775887995464,2.87026732982691,
Cheryl Hill,39,,1,19.0,,1,1,0.9907660366404677,0.39588816003962496,High Value Satisfied Customers
Cheryl Huerta,37,,1,,,1,1,0.9881563351999956,-0.4330341690483196,High Value Satisfied Customers
Cheryl Johnson,37,,1,,,0,4,-0.5432832633807235,-0.13851476985821884,
Cheryl Lee,26,,1,,,0,4,-0.5345146844474594,-0.42051499124121344,
Cheryl Mccoy,42,5.0,1,14.0,17.0,0,6,-0.31262063744101315,-0.12230169109708482,
Cheryl Merritt,26,,1,15.0,,0,4,-0.532504081242602,-0.04859563571071772,
Cheryl Rush,36,2.0,1,11.0,8.0,0,4,-0.6592619453310627,-0.006734182087333425,
Cheryl Smith,37,2.0,2,7.5,22.0,2,5,5.615175682994212,0.9266904363303181,
Cheryl Whitehead,53,4.0,1,3.0,10.0,0,3,-0.6110286822998856,-1.2885876842224218,
Cheyenne Martin,52,,1,3.0,,0,3,-0.5598099692098507,-0.5992402759961712,
Chloe Lang,67,3.0,1,7.0,8.0,0,3,-0.6948346966844067,-0.20178129099599135,
Chris Hayes,49,,1,14.0,,0,3,-0.5513867289771153,0.43960863930904487,
Chris Hendrix,49,,1,,,0,3,-0.5528489858533753,0.16912183528686617,
Christian Bates,60,,1,2.0,,1,1,0.9647041347271696,-0.7901011565978655,High Value Satisfied Customers
Christian Bell,27,,1,,,0,4,-0.5353118279868471,-0.39487860747912296,
Christian Cannon,59,2.0,1,14.0,15.0,0,7,-0.38367563512221337,1.8037732463827345,
Christian Collins,20,,1,,,0,4,-0.5297318232111335,-0.5743332938137559,
Christian Glenn,45,,1,,,0,3,-0.5496604116958247,0.0665763002385045,
Christian Gonzalez,18,,1,,,1,1,1.0033020624483606,-0.9201254605280375,High Value Satisfied Customers
Christian Goodman,37,,1,12.0,,1,1,0.9885218994190605,-0.36541246804277494,High Value Satisfied Customers
Christian Graves,54,3.0,1,1.0,20.0,1,1,1.3447215287292915,0.1330989217146083,High Value Satisfied Customers
Christian Hamilton,22,,1,7.0,,0,4,-0.5337022777138313,-0.9626015828256154,
Christian Johnson,63,,1,19.0,,0,0,-0.5598050068855549,1.305680769519896,Low Engagement Customers
Christian Medina,60,,1,20.0,,1,1,0.9745743686419247,1.035684770551841,High Value Satisfied Customers
Christian Olson,39,5.0,1,13.0,16.0,1,6,1.1789083921965609,-0.7261017855699219,
Christian Price,59,4.0,1,23.0,19.0,0,6,-0.22906173786986794,2.0723325809097948,
Christian Rice,43,,1,,,0,4,-0.5480661246170494,0.015303532714323676,
Christian Riggs,63,,1,18.0,,1,1,0.9710862453665667,0.9097288188214783,High Value Satisfied Customers
Christian Robertson,43,,1,2.0,,0,4,-0.5531840236839594,-0.9314002813633018,
Christian Smith,46,4.0,2,3.0,0.0,1,5,3.138178030324812,-3.0532566261478395,
Christian Snow,27,,1,7.0,,0,4,-0.5376879954107695,-0.8344196640151634,
Christian Thomas,30,,1,,,0,4,-0.53770325860501,-0.3179694561928517,
Christian Turner,22,,1,18.0,,0,0,-0.5276704680992589,0.15315648376587174,Low Engagement Customers
Christie Hartman,62,5.0,1,20.0,2.0,0,2,-0.951578228747837,-0.9650635941275967,Frequent Support Users
Christie Walker,42,,1,19.0,,0,0,-0.5430649925584142,0.767316710515997,Low Engagement Customers
Christina Banks,30,,1,20.0,,0,0,-0.532950923757165,0.5611126568792293,Low Engagement Customers
Christina Bennett,24,,1,,,0,4,-0.5329203973686841,-0.4717877587653943,
Christina Bishop,70,,1,,,0,3,-0.5695890001805158,0.7074858942907649,
Christina Bowman,30,,1,,,0,4,-0.53770325860501,-0.3179694561928517,
Christina Brown,53,5.0,1,2.0,18.0,0,6,-0.2862157190847368,-0.9265530953257461,
Christina Bullock,68,,1,,,0,3,-0.5679947131017405,0.6562131267665842,
Christina Conner,46,4.0,1,17.0,0.0,0,2,-1.0153083612509113,-1.357376574322098,Frequent Support Users
Christina Crane,68,,1,23.0,,1,1,0.969842259312616,1.5450734951735154,High Value Satisfied Customers
Christina Dillon,27,3.0,1,7.0,1.0,0,2,-0.9552245277378736,-2.143809588896645,Frequent Support Users
Christina Dunn,53,1.0,1,8.0,12.0,0,7,-0.49877589523766686,1.232587456796038,
Christina Foster,63,,1,,,1,1,0.9674306031759168,0.23351180876603134,High Value Satisfied Customers
Christina French,27,,1,,,0,4,-0.5353118279868471,-0.39487860747912296,
Christina Gray,36,,1,19.0,,0,0,-0.5382821313220884,0.6134984079434546,Low Engagement Customers
Christina Hahn,48,,1,2.0,,0,3,-0.5571697413808976,-0.8032183625528498,
Christina Houston,41,,1,,,0,4,-0.5464718375382741,-0.03596923480985717,
Christina Kim,47,,1,23.0,,0,0,-0.5448573249409625,1.3012288353597175,Low Engagement Customers
Christina Leonard,59,,1,22.0,,0,0,-0.5549713937422118,1.5074328889964854,Low Engagement Customers
Christina Lopez,35,3.0,1,11.0,18.0,0,7,-0.24959618578250795,0.6929745595318652,
Christina Mckinney,24,,1,,,0,4,-0.5329203973686841,-0.4717877587653943,
Christina Medina,22,,1,,,0,4,-0.5313261102899088,-0.523060526289575,
Christina Miller,28,,1,,,0,4,-0.5361089715262347,-0.3692422237170325,
Christina Ramirez,68,,1,23.0,,0,0,-0.5615973392681031,1.8395928943636162,Low Engagement Customers
Christina Ross,25,,1,8.0,,1,1,0.9958942365773223,-1.0787792792211282,High Value Satisfied Customers
Christina Stevens,36,2.0,1,22.0,6.0,0,0,-0.7367374421819111,0.8471458995278577,Low Engagement Customers
Christina Torres,37,5.0,1,2.0,11.0,0,2,-0.5657369950835072,-2.25330818293623,Frequent Support Users
Christina Turner,33,,1,,,0,4,-0.5400946892231729,-0.24106030490658048,
Christina Ward,26,,1,,,0,4,-0.5345146844474594,-0.42051499124121344,
Christina Wheeler,48,5.0,1,9.0,23.0,1,6,1.461816287656655,0.015468409672661056,
Christina Wiggins,29,,1,22.0,,0,0,-0.5310570875605823,0.7383413761337728,Low Engagement Customers
Christine Bean,33,,1,,,0,4,-0.5400946892231729,-0.24106030490658048,
Christine Brown,55,1.0,1,5.0,1.0,1,1,0.5701341917186701,-0.7552857467644628,High Value Satisfied Customers
Christine Cain,23,,1,11.0,,0,4,-0.532306035938829,-0.531234993030257,
Christine Calderon,42,,1,9.0,,1,1,0.9828911427363298,-0.541528203757274,High Value Satisfied Customers
Christine Cobb,38,3.0,2,12.5,22.0,0,5,2.5455731576184366,1.4644835765140025,
Christine Copeland,55,,1,,,0,3,-0.5576318470897011,0.32294013785940867,
Christine Daniels,27,5.0,1,1.0,19.0,0,6,-0.2242846801565451,-1.563592632160266,
Christine Davis,53,,2,,,1,5,3.605125680165162,-0.004156960374075201,
Christine Eaton,47,,1,8.0,,0,3,-0.553082519869925,-0.2202594372650381,
Christine Evans,40,4.0,1,5.0,14.0,0,6,-0.43255451069980966,-0.8952396001603703,
Christine Green,54,,1,23.0,,0,0,-0.550437329716676,1.4806835216943504,Low Engagement Customers
Christine Harper,65,3.0,1,3.0,0.0,1,1,0.5019765777990145,-2.0008156036487263,High Value Satisfied Customers
Christine Jordan,65,2.0,1,7.0,1.0,0,3,-0.9768480659166673,-0.5855822064370166,
Christine Long DDS,29,2.0,1,16.0,1.0,1,1,0.5882238170393845,-0.890118457487519,High Value Satisfied Customers
Christine Mcguire,37,,1,16.0,,0,0,-0.5407243138472685,0.33483713718059394,Low Engagement Customers
Christine Montes,65,,1,,,0,3,-0.5656032824835776,0.5793039754803129,
Christine Nelson,34,,1,,,0,4,-0.5408918327625606,-0.21542392114449005,
Christine Page,59,,1,,,1,1,0.9706191773334674,0.1309662737176696,High Value Satisfied Customers
Christine Parker,61,5.0,2,17.0,0.0,0,2,1.5937902109357063,-1.5381805489101368,Frequent Support Users
Christine Perez,36,,1,10.0,,0,4,-0.5432172482794658,-0.29939455563139866,
Christine Reynolds,42,5.0,1,2.0,18.0,0,6,-0.27744714015147265,-1.2085533167087406,
Christine Roberts,50,,1,19.0,,1,1,0.9819974577072036,0.6778883814226196,High Value Satisfied Customers
Christine Robertson,31,,1,,,0,4,-0.5385004021443976,-0.29233307243076134,
Christine Rush,63,,1,,,1,1,0.9674306031759168,0.23351180876603134,High Value Satisfied Customers
Christine Taylor,21,1.0,1,8.0,10.0,1,1,0.9746649901380362,-0.1441742077572524,High Value Satisfied Customers
Christine Wang,30,5.0,1,23.0,6.0,0,2,-0.7574099835707983,-0.9573742500369462,Frequent Support Users
Christine Williams,62,3.0,3,10.0,14.0,1,5,6.352204861166045,0.5028391374188914,
Christine Wilson,55,2.0,1,19.0,22.0,0,7,-0.08546975669270236,3.1249634162929953,
Christine Wolf,58,,1,19.0,,0,0,-0.5558192891886167,1.1774988507094437,Low Engagement Customers
Christopher Adams,60,3.0,2,17.5,19.0,0,5,2.4055167716967643,2.1428297993571324,
Christopher Alexander,63,1.0,1,21.0,18.0,0,7,-0.24909690896351336,3.5932084189539526,
Christopher Bailey,68,,1,,,1,1,0.9634448854789786,0.3616937275764834,High Value Satisfied Customers
Christopher Baker,60,,1,23.0,,0,0,-0.5552201909530019,1.6345018242668927,Low Engagement Customers
Christopher Bender,67,,1,,,0,3,-0.5671975695623529,0.6305767430044937,
Christopher Browning,31,,1,10.0,,0,4,-0.5392315305825276,-0.4275764744418508,
Christopher Cabrera,48,,1,7.0,,0,3,-0.5544280097379102,-0.2960556050112647,
Christopher Cain,58,,1,,,0,3,-0.5600232777078641,0.3998492891456799,
Christopher Carey,60,,1,8.0,,1,1,0.9679942126987546,-0.18150584754796342,High Value Satisfied Customers
Christopher Case,39,,1,17.0,,0,0,-0.5417702545974463,0.4875424562130918,Low Engagement Customers
Christopher Chase,31,,1,8.0,,0,4,-0.5403282232397226,-0.6304415774584848,
Christopher Choi,38,1.0,1,5.0,23.0,0,7,-0.029173595572830197,1.9840729632093603,
Christopher Chung,48,3.0,1,18.0,5.0,0,0,-0.7989181195196001,0.03406850665133354,Low Engagement Customers
Christopher Clark,41,,1,,,0,4,-0.5464718375382741,-0.03596923480985717,
Christopher Collins,43,,1,,,0,4,-0.5480661246170494,0.015303532714323676,
Christopher Compton,45,,1,15.0,,0,0,-0.5476498084909672,0.43849565576900024,Low Engagement Customers
Christopher Cooper,22,1.0,1,15.0,15.0,1,7,1.1864745370623828,1.246184999003798,
Christopher Crawford,36,,1,,,0,4,-0.5424861198413359,-0.16415115362030927,
Christopher Cuevas,30,1.0,1,20.0,7.0,0,0,-0.682629704052133,1.2054462859270219,Low Engagement Customers
Christopher Daniels,61,3.0,1,5.0,7.0,0,3,-0.7329021813379861,-0.6894036890733161,
Christopher Davis,36,,2,4.0,,0,5,2.0832163153443184,-0.8892947962005031,
Christopher Dougherty,35,,1,,,1,1,0.9897506222787709,-0.4843069365725004,High Value Satisfied Customers
Christopher Eaton,28,2.0,1,12.0,10.0,0,4,-0.5688291442219433,0.15148528430055666,
Christopher Ellis,44,3.0,2,13.5,8.0,0,5,1.9567874974527621,-0.11341146423921254,
Christopher English,22,3.0,1,2.0,6.0,0,4,-0.7452122755203708,-2.1244593028079413,
Christopher Ferguson,22,,1,,,0,4,-0.5313261102899088,-0.523060526289575,
Christopher Fox,42,,1,13.0,,0,4,-0.5463550705299992,0.1587214014660949,
Christopher Green,37,,2,0.0,,2,5,5.143104983651979,-1.8584274168518822,
Christopher Grimes,56,3.0,1,5.0,1.0,0,2,-0.9794383830373103,-1.603219562812657,Frequent Support Users
Christopher Gutierrez,21,4.0,2,10.0,2.0,1,5,3.245452349575107,-2.7222603746655842,
Christopher Hansen,34,2.0,1,22.0,13.0,0,0,-0.442867582474163,1.712446079420714,Low Engagement Customers
Christopher Hawkins,62,,1,,,0,3,-0.5632118518654147,0.5023948241940417,
Christopher Hays,53,,1,,,0,3,-0.5560375600109259,0.2716673703352278,
Christopher Henderson,69,,1,16.0,,0,3,-0.5662329071076733,1.1552014175674874,
Christopher Herrera,61,,1,12.0,,1,1,0.969390454473757,0.24986074224739513,High Value Satisfied Customers
Christopher Ho,23,,1,23.0,,0,0,-0.525725879995659,0.6859556250695473,Low Engagement Customers
Christopher Hughes,59,,1,,,0,3,-0.5608204212472517,0.42548567290777034,
Christopher Jenkins,35,,1,2.0,,0,4,-0.5468068753688582,-1.1364913514600252,
Christopher Johnson,39,5.0,2,12.0,9.0,0,5,1.9843685162536409,-1.4308928168243775,
Christopher Jones,30,2.6666666666666665,4,7.0,14.333333333333334,1,5,9.02259924688624,-0.3647997983493748,
Christopher Juarez,36,3.0,1,17.0,6.0,0,0,-0.7481470901428354,-0.2440616575139204,Low Engagement Customers
Christopher Koch,44,4.0,1,16.0,7.0,0,2,-0.7219868478717606,-0.5935089459375587,Frequent Support Users
Christopher Lane,18,,1,,,0,4,-0.5281375361323583,-0.6256060613379367,
Christopher Lang,60,,1,1.0,,0,3,-0.5672838101821469,-0.5970143089160819,
Christopher Lester,34,5.0,1,7.0,22.0,0,6,-0.10131364726254234,-0.3827256593112862,
Christopher Lewis,23,4.0,2,14.0,2.0,1,5,3.2460514478107214,-2.2652574011081352,
Christopher Long,31,,1,21.0,,0,0,-0.5331997209679552,0.6881815921496365,Low Engagement Customers
Christopher Lynch,45,5.0,1,9.0,19.0,1,6,1.2971931053439762,-0.5851967115662028,
Christopher Martinez,67,5.0,2,21.0,15.0,0,5,2.2175055335044265,0.9854528470178965,
Christopher Mason,35,,1,,,0,4,-0.5416889763019482,-0.18978753738239967,
Christopher Michael,25,2.0,1,19.0,18.0,1,7,1.3028695351388044,1.5375965342875892,
Christopher Moore,67,,2,1.0,,0,5,2.0568598266375084,-0.3988645541006513,
Christopher Morrison,61,,1,11.0,,1,1,0.9688421081451595,0.1484281907390781,High Value Satisfied Customers
Christopher Neal,35,3.0,1,0.0,10.0,1,1,0.9417823773219555,-1.7648148461549082,High Value Satisfied Customers
Christopher Nelson,41,3.0,2,20.0,21.0,0,5,2.505540671232044,2.1711978716245035,
Christopher Owen,42,,1,4.0,,0,4,-0.5512901874873768,-0.7541715621087582,
Christopher Patrick,44,,1,0.0,,1,1,0.9763617387001771,-1.4031483998079461,High Value Satisfied Customers
Christopher Peters,26,,1,,,0,4,-0.5345146844474594,-0.42051499124121344,
Christopher Ramirez,63,,1,11.0,,0,3,-0.5641917775143348,0.4942203574533597,
Christopher Reynolds,24,5.0,1,12.0,3.0,0,2,-0.8839198916471761,-2.6197675966654206,Frequent Support Users
Christopher Robbins,48,3.0,1,11.0,18.0,0,7,-0.25995905179454737,1.0262475484390408,
Christopher Rodriguez,19,4.0,1,23.0,15.0,0,0,-0.3641906092252037,0.5231212604735856,Low Engagement Customers
Christopher Rojas,31,,1,21.0,,0,0,-0.5331997209679552,0.6881815921496365,Low Engagement Customers
Christopher Romero,23,2.0,2,11.5,14.0,0,5,2.2316206548369073,0.5150381281693365,
Christopher Ross Jr.,42,1.0,1,11.0,9.0,1,1,0.9178163615639777,0.5675485132834492,High Value Satisfied Customers
Christopher Sanchez,48,3.0,1,0.0,19.0,0,7,-0.22423720817640946,0.041428474335701536,
Christopher Scott,42,,1,,,0,4,-0.5472689810776618,-0.010332851047766755,
Christopher Shaw,70,4.0,1,12.0,5.0,0,2,-0.8284132716756502,-0.5945711591327723,Frequent Support Users
Christopher Shelton,70,,1,18.0,,1,1,0.9655062405908532,1.089183505156111,High Value Satisfied Customers
Christopher Smith,48,,1,17.0,,0,0,-0.5489445464519351,0.7182699100719055,Low Engagement Customers
Christopher Spencer,27,,1,18.0,,0,0,-0.5316561857961971,0.28133840257632386,Low Engagement Customers
Christopher Stephens,21,5.0,1,9.0,6.0,1,2,0.7735270582640447,-2.9026768242022993,Frequent Support Users
Christopher Stone,60,,1,18.0,,0,0,-0.5579619225959894,1.1273390667253076,Low Engagement Customers
Christopher Sutton,32,1.0,1,18.0,11.0,0,0,-0.5183060708572617,1.5776099203871614,Low Engagement Customers
Christopher Thomas,62,,2,23.0,,0,5,2.072909163563592,1.7044696602718714,
Christopher Thompson,53,5.0,1,1.0,19.0,0,6,-0.24501041218062392,-0.897046654345915,
Christopher Tran,27,,1,17.0,,1,1,0.9992350664559245,-0.11461354812209393,High Value Satisfied Customers
Christopher Underwood,30,,1,8.0,,0,4,-0.539531079700335,-0.6560779612205752,
Christopher Wagner,24,,1,,,0,4,-0.5329203973686841,-0.4717877587653943,
Christopher Warner,19,,1,,,1,1,1.002504918908973,-0.894489076765947,High Value Satisfied Customers
Christopher Washington,65,,1,9.0,,0,3,-0.5668827572503051,0.34262802196090636,
Christopher West,33,,1,7.0,,0,4,-0.5424708566470954,-0.680601361442621,
Christopher Williams,49,4.0,1,2.0,7.0,0,2,-0.7336494141690637,-1.885382748243545,Frequent Support Users
Christopher Wilson,67,3.0,1,21.0,18.0,0,0,-0.26962131575693765,2.527664355001929,Low Engagement Customers
Christopher Wolf,27,,1,20.0,,0,0,-0.5305594931390021,0.48420350559295794,Low Engagement Customers
Christopher Wolfe,51,2.0,1,17.0,13.0,0,0,-0.4591607542867405,1.6411018458346658,Low Engagement Customers
Christopher Wood,30,,1,14.0,,1,1,0.9951985968519691,-0.3420020513607738,High Value Satisfied Customers
Christopher Woodard,24,3.0,1,1.0,6.0,0,4,-0.7473549089277436,-2.1746190867920774,
Christy Burke,69,2.0,1,5.0,8.0,0,3,-0.68885776010244,0.2306711730117481,
Christy Chapman,19,,1,18.0,,1,1,1.0061605610996232,-0.21827206671050028,High Value Satisfied Customers
Christy Guzman,31,,1,6.0,,0,4,-0.5414249158969177,-0.8333066804751189,
Christy Johnson,44,1.0,1,11.0,12.0,0,7,-0.48995656439738555,1.3061576574621754,
Christy Phillips,61,,1,12.0,,0,3,-0.562049144106962,0.5443801414374959,
Christy Reed,23,,1,,,1,1,0.9993163447514226,-0.7919435417175853,High Value Satisfied Customers
Christy Walker,33,,1,,,0,4,-0.5400946892231729,-0.24106030490658048,
Cindy Black,21,2.0,1,18.0,19.0,0,7,-0.18417618238025116,1.7590768394091594,
Cindy Carey,62,,1,17.0,,0,0,-0.5601045560033622,1.0771792827411715,Low Engagement Customers
Cindy Cervantes,24,,1,0.0,,0,4,-0.5391349890927891,-1.6213566758596538,
Cindy Garza,33,1.0,1,15.0,20.0,1,7,1.3864742242926709,2.182880182827533,
Cindy Hale,70,3.0,1,6.0,23.0,0,7,-0.07146967514051107,1.7377801961041854,
Cindy Huynh,22,2.0,1,18.0,20.0,0,7,-0.1432196726869284,1.915652215659398,
Cindy Klein,31,4.0,1,7.0,8.0,0,2,-0.6748054455843882,-1.708735905931439,Frequent Support Users
Cindy Martinez,59,,1,,,0,3,-0.5608204212472517,0.42548567290777034,
Cindy Odonnell,28,,1,,,0,4,-0.5361089715262347,-0.3692422237170325,
Cindy Reeves,35,,1,15.0,,0,4,-0.5396783730970908,0.18213181814809598,
Cindy Rose,22,,1,12.0,,0,4,-0.5309605460708439,-0.4554388252840305,
Cindy Ruiz,46,,1,6.0,,0,3,-0.5533820689877323,-0.4487609240437626,
Cindy Thomas,48,,1,,,0,3,-0.5520518423139876,0.14348545152477576,
Cindy Vega,49,,1,12.0,,0,3,-0.5524834216343103,0.2367435362924108,
Cindy Ward,28,,1,,,0,4,-0.5361089715262347,-0.3692422237170325,
Cindy Young,42,3.0,1,7.0,1.0,0,2,-0.9671816808286883,-1.759263832465289,Frequent Support Users
Cindy Yu,50,2.0,1,20.0,0.0,0,0,-0.9995160637867956,0.21755621425160018,Low Engagement Customers
Claire Long MD,59,,1,,,0,3,-0.5608204212472517,0.42548567290777034,
Clarence David,48,1.0,1,4.0,17.0,0,7,-0.2882152966915666,1.3533702943930588,
Claudia Delgado,59,,1,23.0,,0,0,-0.5544230474136143,1.6088654405048024,Low Engagement Customers
Claudia Miller,47,2.0,1,11.0,16.0,0,7,-0.3340012984026437,1.3227779792008465,
Claudia Phillips,43,2.0,1,15.0,9.0,0,0,-0.6208949115596759,0.7093897027687158,Low Engagement Customers
Claudia Smith,65,,1,17.0,,0,3,-0.5624959866215251,1.1540884340274427,
Clayton Clark,32,3.0,1,22.0,9.0,1,1,0.9144837739365529,0.25885314325364694,High Value Satisfied Customers
Clayton Vaughn,62,,1,,,1,1,0.9682277467153044,0.20787542500394085,High Value Satisfied Customers
Clayton Wolf,61,,1,14.0,,0,3,-0.560952451449767,0.7472452444541299,
Clifford Frey MD,51,,1,13.0,,0,3,-0.5535293623844881,0.3894488553249087,
Clifford James,24,3.0,1,18.0,0.0,0,0,-0.9885549407378486,-1.2358996660795774,Low Engagement Customers
Clinton Golden,66,,1,12.0,,0,3,-0.5660348618039003,0.6725620602479478,
Cody Bailey,30,1.0,1,21.0,7.0,0,0,-0.6820813577235354,1.3068788374353388,Low Engagement Customers
Cody Bell,52,,1,14.0,,1,1,0.9776614389854408,0.22199839140521538,High Value Satisfied Customers
Cody Clark,25,,1,3.0,,0,4,-0.5382870936463843,-1.2914226375726123,
Cody Combs,60,,1,8.0,,0,3,-0.5634453858819644,0.1130135516421373,
Cody Ewing,63,,1,,,0,3,-0.5640089954048023,0.5280312079561321,
Cody George,48,,1,23.0,,0,0,-0.5456544684803502,1.3268652191218078,Low Engagement Customers
Cody Horne,50,1.0,1,23.0,18.0,0,7,-0.23763735029427896,3.4628005330634113,
Cody Martin,49,,1,9.0,,0,3,-0.5541284606201028,-0.0675541182325403,
Cody Phillips,28,,1,,,0,4,-0.5361089715262347,-0.3692422237170325,
Cody Schmidt,67,,1,,,0,3,-0.5671975695623529,0.6305767430044937,
Cody Smith,55,,1,,,0,3,-0.5576318470897011,0.32294013785940867,
Cody Torres,63,,1,,,0,3,-0.5640089954048023,0.5280312079561321,
Cody Wilson,41,,1,,,0,4,-0.5464718375382741,-0.03596923480985717,
Cody Wright,34,,1,9.0,,1,1,0.989268291051431,-0.7466192738539972,High Value Satisfied Customers
Cole Morgan,46,3.0,1,22.0,1.0,1,1,0.5692945385234427,-0.42974942398227256,High Value Satisfied Customers
Colin Harris,35,,1,,,0,4,-0.5416889763019482,-0.18978753738239967,
Colin Padilla,32,,1,7.0,,0,4,-0.5416737131077077,-0.7062377452047114,
Colin Robinson,27,2.0,1,14.0,23.0,0,7,-0.024137816000125406,2.0309209059010267,
Colin Ryan,38,,1,13.0,,0,4,-0.5431664963724486,0.05617586641773324,
Colleen Bryan,57,,1,,,1,1,0.9722134644122427,0.0796935061934888,High Value Satisfied Customers
Colleen Garcia,21,,1,2.0,,0,4,-0.5356468658174312,-1.495400724129291,
Colleen Gomez,57,,1,,,0,3,-0.5592261341684764,0.37421290538358953,
Colleen Green,55,3.0,1,18.0,14.0,0,0,-0.42871524520092,1.3919741253792999,Low Engagement Customers
Colleen Patel,45,2.0,1,6.0,22.0,0,7,-0.08462682357059338,1.5499764090639698,
Colleen Robinson,18,5.0,1,9.0,7.0,0,2,-0.7137674564658011,-2.5541275838103212,Frequent Support Users
Colleen Roy,46,,1,13.0,,1,1,0.9818959538931692,-0.03325246267564416,High Value Satisfied Customers
Collin Sanchez,43,4.0,1,8.0,11.0,0,4,-0.5585618620303112,-0.9068497718135925,
Colton Carson,56,,1,20.0,,0,0,-0.5536766557812438,1.22765863469358,Low Engagement Customers
Colton Dean,34,,1,16.0,,1,1,0.9931067153516134,-0.03659141329577806,High Value Satisfied Customers
Colton Pacheco,53,,1,3.0,,0,3,-0.5606071127492384,-0.5736038922340808,
Colton Roberts,50,,1,,,1,1,0.9777934691879562,-0.09976118014114416,High Value Satisfied Customers
Connie Bennett,59,,1,,,1,1,0.9706191773334674,0.1309662737176696,High Value Satisfied Customers
Connie Christian,21,1.0,1,4.0,7.0,0,4,-0.6842289534552041,-0.6482019920648643,
Connie Davis,42,,1,,,1,1,0.9841706175030573,-0.3048522502378675,High Value Satisfied Customers
Connie Ferguson,35,,1,20.0,,0,0,-0.5369366414541032,0.6892945756896812,Low Engagement Customers
Connie Obrien,58,,1,,,0,3,-0.5600232777078641,0.3998492891456799,
Connie Steele,40,,1,,,0,4,-0.5456746939988865,-0.06160561857194756,
Connie Tapia,31,,1,,,1,1,0.9929391964363214,-0.5868524716208621,High Value Satisfied Customers
Corey Barnes,33,,1,,,0,4,-0.5400946892231729,-0.24106030490658048,
Corey Gates,44,1.0,1,11.0,3.0,1,1,0.66570015508894,-0.16681267412125894,High Value Satisfied Customers
Corey Hanna,35,,1,12.0,,0,4,-0.5413234120828833,-0.12216583637685506,
Corey Klein PhD,26,3.0,1,11.0,4.0,0,4,-0.8269730391859648,-1.370898789161023,
Corey Miller,53,,1,,,0,3,-0.5560375600109259,0.2716673703352278,
Cory Black,46,2.0,1,5.0,8.0,0,3,-0.6705234586965242,-0.3589656535163314,
Cory Francis,46,,1,,,1,1,0.9809820433455068,-0.20230671518950583,High Value Satisfied Customers
Cory Rodgers,57,,1,,,0,3,-0.5592261341684764,0.37421290538358953,
Cory Soto,54,,1,21.0,,1,1,0.979905576206848,0.9832990194876154,High Value Satisfied Customers
Cory Sutton,62,,1,,,0,3,-0.5632118518654147,0.5023948241940417,
Courtney Adams,28,3.0,1,14.0,10.0,1,1,0.955039230698034,-0.5242138113731026,High Value Satisfied Customers
Courtney Armstrong,34,,1,2.0,,0,4,-0.5460097318294705,-1.1621277352221155,
Courtney Carter,22,,2,15.0,,1,5,3.631847733091037,-0.4269655014683824,
Courtney Chambers,38,,1,21.0,,0,0,-0.5387797257436687,0.8676362784842694,Low Engagement Customers
Courtney Christensen,21,,1,,,0,4,-0.5305289667505212,-0.5486969100516654,
Courtney Gallagher,43,1.0,1,19.0,17.0,0,7,-0.2760043840656659,2.746676648207362,
Courtney Guerrero,26,5.0,1,5.0,0.0,1,2,0.516826035856454,-3.9658590663540045,Frequent Support Users
Courtney Jones,41,4.0,1,7.0,0.0,0,2,-1.0168061068399479,-2.49988400821572,Frequent Support Users
Courtney King,34,,1,15.0,,1,1,0.992558369023016,-0.1380239648040951,High Value Satisfied Customers
Courtney Larson,52,,1,,,0,3,-0.5552404164715382,0.2460309865731374,
Courtney Mcneil,40,,1,,,1,1,0.9857649045818326,-0.3561250177620483,High Value Satisfied Customers
Courtney Mendoza,62,,1,17.0,,0,0,-0.5601045560033622,1.0771792827411715,Low Engagement Customers
Courtney Morgan,30,,1,,,0,4,-0.53770325860501,-0.3179694561928517,
Courtney Neal,27,,1,16.0,,1,1,0.998686720127327,-0.21604609963041096,High Value Satisfied Customers
Courtney Shaw,41,5.0,1,10.0,21.0,0,6,-0.1470022662851738,-0.029912310939850407,
Courtney Singleton,56,,1,11.0,,0,3,-0.5586117727386213,0.3147656711187267,
Courtney Walsh,64,,1,14.0,,0,3,-0.56334388206793,0.8241543957404011,
Craig Anthony,35,,1,,,1,1,0.9897506222787709,-0.4843069365725004,High Value Satisfied Customers
Craig Brown,58,,1,,,1,1,0.971416320872855,0.10532988995557918,High Value Satisfied Customers
Craig Forbes,62,3.0,1,14.0,5.0,0,3,-0.8122715143854171,-0.012752326712668684,
Craig Gomez,33,,1,9.0,,0,4,-0.5413741639899005,-0.47773625842598694,
Craig Hamilton,39,,1,,,0,4,-0.5448775504594988,-0.08724200233403799,
Craig Miller,44,,1,14.0,,1,1,0.9840385873005421,0.016907321308492013,High Value Satisfied Customers
Craig Smith,42,3.0,1,10.0,10.0,1,1,0.9416858358322169,-0.5710346447371051,High Value Satisfied Customers
Craig Taylor,21,1.0,1,20.0,21.0,0,7,-0.09090426693969851,2.8078647269022827,
Cristian Daniels,25,,1,,,0,4,-0.5337175409080718,-0.4461513750033039,
Cristian Herman,31,5.0,1,13.0,0.0,0,2,-1.0142125097924233,-2.731697336286915,Frequent Support Users
Cristian Poole,60,3.0,1,5.0,3.0,1,1,0.632319947851279,-1.5333154419780999,High Value Satisfied Customers
Cristian Rodriguez,36,,1,0.0,,0,4,-0.5487007115654409,-1.3137200707145689,
Cristina Potter,50,4.0,1,23.0,8.0,0,0,-0.6811776315751935,0.40127620968135114,Low Engagement Customers
Crystal Ali,26,,1,4.0,,0,4,-0.5385358908571745,-1.1643537023022048,
Crystal Ayala,32,2.0,1,23.0,19.0,0,7,-0.1902030296705278,2.548239818333739,
Crystal Baker,58,2.0,1,5.0,8.0,0,3,-0.6800891811691759,-0.05132904837124645,
Crystal Bell,64,,1,,,0,3,-0.56480613894419,0.5536675917182224,
Crystal Carpenter,18,4.0,1,15.0,9.0,0,4,-0.6183021557108584,-1.0996094902839302,
Crystal Castro,54,1.0,1,8.0,10.0,1,1,0.9483592533382439,0.7018264563917312,High Value Satisfied Customers
Crystal Garcia,40,,1,15.0,,0,0,-0.543664090794029,0.31031373695854814,Low Engagement Customers
Crystal Hahn,29,,1,,,0,4,-0.5369061150656224,-0.34360583995494215,
Crystal Hale,69,,1,,,0,3,-0.5687918566411282,0.6818495105286746,
Crystal Hammond,49,,1,,,0,3,-0.5528489858533753,0.16912183528686617,
Crystal Hanson,55,,1,18.0,,1,1,0.9774633936816679,0.7046377487247547,High Value Satisfied Customers
Crystal Hernandez,30,,1,16.0,,0,4,-0.535144309071555,0.155382450845961,
Crystal Herrera,19,,1,,,1,1,1.002504918908973,-0.894489076765947,High Value Satisfied Customers
Crystal Hunter,25,3.0,1,3.0,0.0,0,2,-0.9975772792061988,-2.731751554942242,Frequent Support Users
Crystal James,25,5.0,1,18.0,5.0,0,2,-0.797919650749558,-1.7236579188771315,Frequent Support Users
Crystal Jenkins,38,,1,,,1,1,0.9873591916606079,-0.40739778528622916,High Value Satisfied Customers
Crystal Jensen,55,,2,13.0,,0,5,2.07300570505333,0.5106894588540681,
Crystal Jones,40,,1,,,0,4,-0.5456746939988865,-0.06160561857194756,
Crystal Knight,19,3.0,1,11.0,7.0,0,4,-0.69613207471212,-1.1575364980312115,
Crystal Lawson,36,,1,9.0,,1,1,0.9876740039726557,-0.6953465063298164,High Value Satisfied Customers
Crystal Lewis,33,,1,19.0,,0,0,-0.5358907007039254,0.5365892566571834,Low Engagement Customers
Crystal Moore,36,3.0,1,19.0,20.0,0,7,-0.16249925222769482,1.791949340336788,
Crystal Phillips,58,4.0,1,23.0,14.0,0,0,-0.43703286049403234,1.3920012347069635,Low Engagement Customers
Crystal Preston,51,4.0,1,22.0,15.0,0,0,-0.3902475488142059,1.242052989352162,Low Engagement Customers
Crystal Reeves,47,3.0,1,15.0,5.0,1,1,0.7316735836147141,-0.5903849308258087,High Value Satisfied Customers
Crystal Robinson,54,,1,,,1,1,0.9746048950304056,0.002784354907217513,High Value Satisfied Customers
Crystal Roy,44,,1,4.0,,0,3,-0.5528844745661521,-0.7028987945845775,
Crystal Vasquez,33,2.0,1,2.0,21.0,0,7,-0.11900813964504205,0.7056706053974684,
Crystal Wiggins,32,,1,10.0,,0,4,-0.5400286741219152,-0.40194009067976033,
Crystal Young,49,,1,4.0,,0,3,-0.5568701922630903,-0.5747168757741253,
Curtis Aguilar,53,,1,18.0,,0,0,-0.5523819178202759,0.9478843803906746,Low Engagement Customers
Curtis Galloway,30,,1,6.0,,1,1,0.9908118262231891,-1.15346246342731,High Value Satisfied Customers
Curtis Garcia,47,,1,19.0,,0,0,-0.5470507102553526,0.8954986293264491,Low Engagement Customers
Curtis Huff,69,,1,18.0,,0,0,-0.5651362144504782,1.3580665205841214,Low Engagement Customers
Curtis Kelly,21,5.0,1,15.0,5.0,1,2,0.7350634830029192,-2.425020507640545,Frequent Support Users
Curtis Miles,47,,1,22.0,,0,0,-0.5454056712695601,1.1997962838514005,Low Engagement Customers
Curtis Payne,64,,1,12.0,,0,3,-0.564440574725125,0.621289292723767,
Curtis Pearson,70,5.0,1,8.0,22.0,1,6,1.4019771302288189,0.34709730844218506,
Curtis Shields,48,,1,,,0,3,-0.5520518423139876,0.14348545152477576,
Curtis Williams DDS,62,,1,,,0,3,-0.5632118518654147,0.5023948241940417,
Cynthia Allen,57,2.0,1,4.0,11.0,0,3,-0.5545794242602546,0.21441899382279064,
Cynthia Armstrong,37,,1,,,1,1,0.9881563351999956,-0.4330341690483196,High Value Satisfied Customers
Cynthia Carter,33,,1,10.0,,0,4,-0.5408258176613029,-0.3763037069176699,
Cynthia Cole,47,2.0,1,16.0,4.0,0,0,-0.832303405552181,0.25867282688465376,Low Engagement Customers
Cynthia Conrad,33,,1,,,0,4,-0.5400946892231729,-0.24106030490658048,
Cynthia Cox,21,,1,,,1,1,1.0009106318301977,-0.8432163092417662,High Value Satisfied Customers
Cynthia Davis,41,1.0,2,11.0,18.0,1,5,3.9241200257931284,1.7390581303954904,
Cynthia Douglas,55,,1,,,0,3,-0.5576318470897011,0.32294013785940867,
Cynthia Edwards,47,4.0,1,6.0,17.0,0,6,-0.3123252094487945,-0.22153538485297603,
Cynthia Farley,53,,1,7.0,,0,3,-0.5584137274348484,-0.1678736862008127,
Cynthia Fox,49,,1,,,0,3,-0.5528489858533753,0.16912183528686617,
Cynthia Garcia,32,,1,13.0,,0,4,-0.5383836351361228,-0.09764243615480923,
Cynthia Gibbs,68,,1,16.0,,0,3,-0.5654357635682856,1.129565033805397,
Cynthia Gonzales,43,,1,21.0,,1,1,0.9886741551401121,0.7012987981046208,High Value Satisfied Customers
Cynthia Good,34,4.0,1,7.0,7.0,0,2,-0.7189505294352616,-1.762765747133316,Frequent Support Users
Cynthia Herman,30,,1,19.0,,0,0,-0.5334992700857625,0.4596801053709121,Low Engagement Customers
Cynthia Jones,70,,1,19.0,,0,0,-0.5653850116612684,1.4851354558545287,Low Engagement Customers
Cynthia Lopez,29,,1,6.0,,1,1,0.9916089697625767,-1.1790988471894004,High Value Satisfied Customers
Cynthia Martin,62,3.0,2,17.5,22.0,0,5,2.5291834443161205,2.5869195443457578,
Cynthia Miller,22,,1,16.0,,0,4,-0.5287671607564538,-0.04970861925076232,
Cynthia Moyer,60,,1,21.0,,0,0,-0.5563168836101969,1.4316367212502588,Low Engagement Customers
Cynthia Nolan,29,5.0,1,19.0,21.0,0,6,-0.13250142685514457,0.5753440474899179,
Cynthia Olson,67,,1,,,0,3,-0.5671975695623529,0.6305767430044937,
Cynthia Ramos MD,30,1.0,1,19.0,20.0,0,7,-0.14038055835549526,2.806220636764631,
Cynthia Simmons,23,,1,,,0,4,-0.5321232538292965,-0.4974241425274846,
Cynthia Smith,38,,2,18.5,,0,5,2.0895730500302068,0.6327499681942745,
Cynthia Snow,45,,1,,,0,3,-0.5496604116958247,0.0665763002385045,
Cynthia Stewart,18,3.0,1,18.0,22.0,0,7,-0.06519170838189382,1.49093986608714,
Cynthia Taylor,27,,1,,,0,4,-0.5353118279868471,-0.39487860747912296,
Cynthia Turner,51,2.0,1,6.0,21.0,0,7,-0.13116333803962973,1.572855719148364,
Cynthia Vasquez DVM,38,4.0,1,9.0,21.0,0,6,-0.13649126567767153,0.37579078576575403,
Cynthia Walker,60,5.0,1,21.0,6.0,0,2,-0.7824209824096227,-0.3911478401908678,Frequent Support Users
Cynthia Wilson,50,,1,5.0,,0,3,-0.5571189894738804,-0.4476479405037181,
Dakota Lucas,61,2.0,1,14.0,8.0,0,3,-0.6775454948299614,0.9384730664898782,
Dakota Moore,23,,1,,,0,4,-0.5321232538292965,-0.4974241425274846,
Dale Finley,70,,1,,,0,3,-0.5695890001805158,0.7074858942907649,
Dale Giles,51,5.0,1,15.0,1.0,0,2,-0.9873050346902709,-1.8851655655403243,Frequent Support Users
Dale Luna,19,1.0,1,13.0,11.0,0,4,-0.5106849364882097,0.7371741739384008,
Dale Ruiz,22,,1,0.0,,0,4,-0.5375407020140138,-1.6726294433838347,
Dalton Evans,38,,1,23.0,,0,0,-0.5376830330864737,1.0705013815009037,Low Engagement Customers
Dalton Forbes,60,,1,4.0,,0,3,-0.5656387711963544,-0.29271665439113076,
Dalton Li,22,,1,,,1,1,1.00011348829081,-0.8175799254796757,High Value Satisfied Customers
Damon Kelly,59,,1,,,0,3,-0.5608204212472517,0.42548567290777034,
Dan Dixon,31,2.0,1,18.0,21.0,1,7,1.422799287272012,1.9827992628162592,
Dan Newton,22,,1,1.0,,1,1,0.9944472428953027,-1.8657162910656184,High Value Satisfied Customers
Dan Pratt,42,2.0,1,5.0,17.0,0,7,-0.29155200544458004,0.7169397438286405,
Dan Sutton,29,,1,18.0,,0,0,-0.5332504728749724,0.33261117010050467,Low Engagement Customers
Dana Barker,18,,1,6.0,,0,4,-0.5310620498848783,-1.1665796693822943,
Dana Bauer,26,,1,,,0,4,-0.5345146844474594,-0.42051499124121344,
Dana Brooks,37,,1,,,0,4,-0.5432832633807235,-0.13851476985821884,
Dana Cruz,21,,1,10.0,,0,4,-0.5312600951886511,-0.6839403120627549,
Dana Doyle,56,1.0,1,13.0,21.0,1,7,1.4087968834622704,2.700590898827127,
Dana Flowers,58,5.0,1,21.0,11.0,0,6,-0.5720584291672953,0.21227435472569217,
Dana Gardner,18,,1,,,0,4,-0.5281375361323583,-0.6256060613379367,
Dana Gonzalez,18,,1,,,0,4,-0.5281375361323583,-0.6256060613379367,
Dana Harrington,33,,1,0.0,,0,4,-0.5463092809472779,-1.39062922200084,
Dana Hernandez,60,,1,,,0,3,-0.5616175647866394,0.45112205666986077,
Dana Hill,45,1.0,1,8.0,0.0,0,3,-0.9934425857150905,-0.5437715231584634,
Dana Johnson,38,5.0,1,23.0,18.0,0,6,-0.26274329309337463,0.8189847299175552,
Dana Jones,20,,1,,,0,4,-0.5297318232111335,-0.5743332938137559,
Dana Ochoa,25,,1,,,0,4,-0.5337175409080718,-0.4461513750033039,
Dana Perez,61,,1,,,0,3,-0.562414708326027,0.4767584404319512,
Dana Sullivan,33,,1,,,1,1,0.9913449093575462,-0.5355797040966812,High Value Satisfied Customers
Dana Taylor,66,,1,,,1,1,0.9650391725577538,0.3104209600523025,High Value Satisfied Customers
Dana Thompson,27,,1,4.0,,0,4,-0.5393330343965621,-1.1387173185401143,
Dana Velez,34,5.0,1,8.0,4.0,0,2,-0.8523310591227321,-2.6381949725896363,Frequent Support Users
Dana Walker,70,5.0,1,15.0,19.0,0,6,-0.2508850037498489,0.9588275907260604,
Dana Wallace,32,3.0,1,18.0,6.0,0,0,-0.7444101696566873,-0.24517464105396497,Low Engagement Customers
Dana Williams,24,,1,11.0,,0,4,-0.5331031794782166,-0.5055986092681667,
Dana Young,58,5.0,1,2.0,13.0,0,6,-0.4989697029452271,-1.4530661389560349,
Daniel Adams,60,,1,7.0,,0,3,-0.5639937322105619,0.01158100013382028,
Daniel Anderson,21,,2,2.0,,0,5,2.0940767757779377,-1.4767056556484932,
Daniel Baldwin,63,,1,15.0,,1,1,0.9694412063807742,0.6054311642965271,High Value Satisfied Customers
Daniel Barber,42,,1,1.0,,0,4,-0.5529352264731693,-1.0584692166337093,
Daniel Bowman,56,,1,,,0,3,-0.5584289906290888,0.3485765216214991,
Daniel Boyer,23,,1,1.0,,0,4,-0.537789499224804,-1.5455605081134272,
Daniel Boyle,59,3.0,1,23.0,17.0,1,1,1.2275384705633672,2.0999799962435906,High Value Satisfied Customers
Daniel Brock,44,3.0,1,1.0,19.0,1,1,1.3109393108904577,-0.25420390839444396,High Value Satisfied Customers
Daniel Brooks,69,,1,,,0,3,-0.5687918566411282,0.6818495105286746,
Daniel Brown,18,1.0,2,15.5,13.0,0,5,2.2047140209334617,1.245692222404197,
Daniel Carter,23,,1,19.0,,1,1,1.00352033327067,-0.014293980153821604,High Value Satisfied Customers
Daniel Deleon,37,,1,1.0,,0,4,-0.548949508776231,-1.1866511354441613,
Daniel Diaz,38,1.0,2,9.0,20.0,0,5,2.477482471638798,2.0156812602589818,
Daniel Dodson,27,,1,,,0,4,-0.5353118279868471,-0.39487860747912296,
Daniel Ellis,47,,1,,,0,3,-0.5512546987746,0.11784906776268533,
Daniel Franklin,69,,1,,,0,3,-0.5687918566411282,0.6818495105286746,
Daniel Gallegos,22,,1,,,0,4,-0.5313261102899088,-0.523060526289575,
Daniel Garcia,30,,1,,,0,4,-0.53770325860501,-0.3179694561928517,
Daniel Graham,40,,1,,,0,4,-0.5456746939988865,-0.06160561857194756,
Daniel Hall,67,,1,,,0,3,-0.5671975695623529,0.6305767430044937,
Daniel Hansen,26,,1,3.0,,1,1,0.9923553613949472,-1.5603056530006227,High Value Satisfied Customers
Daniel Harris,65,,1,9.0,,0,3,-0.5668827572503051,0.34262802196090636,
Daniel Hoffman,46,,2,,,1,5,3.610705684940876,-0.1836116467087081,
Daniel Hunt,64,,1,7.0,,0,3,-0.5671823063681125,0.1141265351821819,
Daniel Jimenez,65,5.0,1,8.0,21.0,0,6,-0.16723040388767235,0.3824957963336855,
Daniel Johnson,38,,2,5.0,,1,5,3.6136099731748597,-1.031108876358106,
Daniel Jones,52,5.0,1,3.0,2.0,1,2,0.578510917640601,-3.2403002065799913,Frequent Support Users
Daniel Lowe,39,1.0,1,22.0,22.0,0,7,-0.06240250475877071,3.603123730124693,
Daniel Maldonado,27,3.0,1,20.0,14.0,0,0,-0.4052985334408709,0.8770204830574024,Low Engagement Customers
Daniel Martinez,25,4.0,1,9.0,11.0,0,4,-0.5436649319927361,-1.266872128022903,
Daniel Mccullough,61,,1,,,0,3,-0.562414708326027,0.4767584404319512,
Daniel Mckinney,18,2.0,1,2.0,16.0,0,4,-0.31581925271777944,-0.3335701134746288,
Daniel Mclaughlin,40,,1,,,0,4,-0.5456746939988865,-0.06160561857194756,
Daniel Moran,69,5.0,1,14.0,23.0,1,6,1.4478180049725018,1.060995226218145,
Daniel Moyer,32,,1,13.0,,1,1,0.9930559634445962,-0.39216183534491,High Value Satisfied Customers
Daniel Mullins,26,,1,,,0,4,-0.5345146844474594,-0.42051499124121344,
Daniel Murphy,69,,1,20.0,,1,1,0.9674000767874359,1.2664122244106548,High Value Satisfied Customers
Daniel Newton,24,4.0,1,12.0,4.0,1,2,0.6979412764841902,-2.1993032038671805,Frequent Support Users
Daniel Nguyen,62,,1,19.0,,0,0,-0.5590078633461673,1.2800443857578054,Low Engagement Customers
Daniel Ortiz,20,5.0,1,17.0,16.0,1,6,1.1962475047593162,-0.8074628710163716,
Daniel Price,69,,1,17.0,,0,3,-0.5656845607790757,1.2566339690758044,
Daniel Ramirez,40,,1,19.0,,0,0,-0.5414707054796389,0.7160439429918162,Low Engagement Customers
Daniel Ramsey,49,,1,1.0,,0,3,-0.5585152312488828,-0.8790145302990765,
Daniel Reed,58,5.0,2,11.0,23.0,1,5,4.084665186515343,0.4933924187909969,
Daniel Roberts,50,,1,19.0,,0,0,-0.5494421408735155,0.9724077806127204,Low Engagement Customers
Daniel Robles,33,,1,22.0,,0,0,-0.5342456617181329,0.8408869111821344,Low Engagement Customers
Daniel Rodriguez,36,4.0,1,13.0,0.0,0,2,-1.0095303111714247,-2.01947061797627,Frequent Support Users
Daniel Ryan,52,,1,,,1,1,0.9761991821091809,-0.04848841261696332,High Value Satisfied Customers
Daniel Schneider,38,,1,15.0,,1,1,0.9893697948654654,-0.03547842975573348,High Value Satisfied Customers
Daniel Schroeder,61,4.0,1,9.0,6.0,1,1,0.7503092330064756,-1.2931766742184896,High Value Satisfied Customers
Daniel Schultz,67,,1,18.0,,0,0,-0.5635419273717029,1.3067937530599405,Low Engagement Customers
Daniel Sharp,48,,1,4.0,,1,1,0.9753665498570164,-0.8948726587263165,High Value Satisfied Customers
Daniel Smith,37,,2,9.5,,1,5,3.6168746751929355,-0.6002987783327698,
Daniel Stokes,55,,1,16.0,,0,0,-0.5550728975562462,0.7962920448982215,Low Engagement Customers
Daniel Wagner,67,,1,3.0,,0,3,-0.5717671223006654,-0.21469451956481495,
Daniel Walker,53,,1,,,0,3,-0.5560375600109259,0.2716673703352278,
Daniel Warren,25,,1,,,0,4,-0.5337175409080718,-0.4461513750033039,
Daniel Williams,24,,4,1.0,,3,5,11.944903077764074,-2.347397116479246,
Daniel Young,38,4.0,1,7.0,4.0,0,2,-0.8474000632909433,-2.0530371895493986,Frequent Support Users
Daniel Zhang,21,,1,,,0,4,-0.5305289667505212,-0.5486969100516654,
Danielle Ayala,62,,1,19.0,,0,0,-0.5590078633461673,1.2800443857578054,Low Engagement Customers
Danielle Barker,38,3.0,1,4.0,12.0,1,1,1.025091638483603,-1.0202975038590725,High Value Satisfied Customers
Danielle Carpenter,66,,1,,,0,3,-0.5664004260229653,0.6049403592424033,
Danielle Clark,20,1.0,1,18.0,19.0,0,7,-0.17471112252292667,2.317485255147262,
Danielle Cole,62,5.0,1,22.0,9.0,1,2,0.8732336351190498,-0.14014494288402615,Frequent Support Users
Danielle Dean,67,2.0,1,2.0,8.0,1,1,0.8425310865712617,-0.4194186482274845,High Value Satisfied Customers
Danielle Everett,46,2.0,1,18.0,6.0,0,0,-0.7469022628901775,0.6977795311154936,Low Engagement Customers
Danielle Gordon,60,,1,,,0,3,-0.5616175647866394,0.45112205666986077,
Danielle Hall,23,,1,,,0,4,-0.5321232538292965,-0.4974241425274846,
Danielle Hardy,19,,1,,,0,4,-0.5289346796717459,-0.5999696775758463,
Danielle Marsh,29,5.0,1,15.0,0.0,0,2,-1.011521530056453,-2.5801050007944615,Frequent Support Users
Danielle Martin,31,5.0,2,13.0,3.0,0,5,1.7407720915010765,-2.3201852903416724,
Danielle Mathis,62,4.0,1,8.0,12.0,0,3,-0.5319539360459662,-0.2888194878457265,
Danielle Mccall,40,,1,,,0,4,-0.5456746939988865,-0.06160561857194756,
Danielle Reed,50,2.0,1,6.0,18.0,0,7,-0.2556271541983733,1.154402357921829,
Danielle Richardson,54,,1,5.0,,0,3,-0.560307563631431,-0.3451024054553563,
Danielle Robinson,40,,1,4.0,,0,4,-0.5496959004086015,-0.8054443296329391,
Danielle Rogers,18,,1,21.0,,0,0,-0.5228368549559158,0.3549086032424611,Low Engagement Customers
Danielle Ross,25,,1,17.0,,0,4,-0.5306102450460193,0.12863308354382597,
Danielle Simmons,30,,1,,,1,1,0.9937363399757091,-0.6124888553829524,High Value Satisfied Customers
Danielle Stafford,68,,1,,,1,1,0.9634448854789786,0.3616937275764834,High Value Satisfied Customers
Danielle Stevenson,35,,1,10.0,,0,4,-0.5424201047400782,-0.3250309393934891,
Danielle Williams DDS,46,,1,10.0,,0,3,-0.5511886836733424,-0.04303071801049452,
Danny Contreras,30,,1,13.0,,0,4,-0.5367893480573475,-0.14891520367899005,
Danny Graves,20,,1,,,1,1,1.0017077753695856,-0.8688526930038566,High Value Satisfied Customers
Danny Gray,67,,1,,,0,3,-0.5671975695623529,0.6305767430044937,
Danny Hall,35,,1,4.0,,0,4,-0.5457101827116633,-0.9336262484433913,
Danny Johnson,65,,1,18.0,,0,0,-0.5619476402929277,1.2555209855357596,Low Engagement Customers
Danny Perez,34,,1,,,0,4,-0.5408918327625606,-0.21542392114449005,
Danny Ramirez,35,3.0,1,14.0,15.0,0,4,-0.3732121064948467,0.6044552365923718,
Danny Reilly,18,,1,,,0,4,-0.5281375361323583,-0.6256060613379367,
Danny Tate,54,,1,15.0,,1,1,0.9766154982352631,0.37470371043771317,High Value Satisfied Customers
Darin Reed,44,,1,,,0,3,-0.548863268156437,0.04093991647641409,
Darin Taylor,52,,1,,,0,3,-0.5552404164715382,0.2460309865731374,
Darin Woods,68,,1,,,0,3,-0.5679947131017405,0.6562131267665842,
Darius Larson,45,2.0,1,3.0,6.0,0,3,-0.7543303142797524,-0.8493451252713522,
Darlene Armstrong,53,5.0,1,21.0,0.0,0,2,-1.0273628970301716,-1.3562364814543897,Frequent Support Users
Darlene Hodges,49,1.0,1,23.0,18.0,0,7,-0.23684020675489134,3.437164149301321,
Darlene Shaw,45,4.0,1,21.0,21.0,1,6,1.3959484840705039,1.4779166910100907,
Darlene Thompson,69,,1,20.0,,1,1,0.9674000767874359,1.2664122244106548,High Value Satisfied Customers
Darrell Carroll,33,1.0,1,14.0,11.0,1,1,1.0101429988696797,0.9029966989258831,High Value Satisfied Customers
Darrell Chung,55,,1,15.0,,0,3,-0.5556212438848437,0.6948594933899044,
Darrell Cook,70,,1,,,0,3,-0.5695890001805158,0.7074858942907649,
Darrell Harris,28,,1,,,1,1,0.9953306270544844,-0.6637616229071333,High Value Satisfied Customers
Darrell Jacobson,28,,1,7.0,,0,4,-0.5384851389501571,-0.808783280253073,
Darrell Maxwell,43,,1,,,0,4,-0.5480661246170494,0.015303532714323676,
Darrell Williams,39,,1,,,0,4,-0.5448775504594988,-0.08724200233403799,
Darren Bartlett,31,,1,14.0,,0,4,-0.5370381452681376,-0.021846268408582645,
Darren Ingram,65,5.0,1,10.0,18.0,0,6,-0.29139467092860855,0.1925439218858751,
Darren Kidd,44,,1,15.0,,0,0,-0.5468526649515796,0.4128592720069098,Low Engagement Customers
Darren Parrish,26,,1,,,0,4,-0.5345146844474594,-0.42051499124121344,
Darryl Edwards,58,,1,22.0,,0,0,-0.5541742502028242,1.4817965052343949,Low Engagement Customers
Darryl Hunter,69,,1,23.0,,1,1,0.9690451157732284,1.5707098789356058,High Value Satisfied Customers
Darryl Lopez,42,,1,21.0,,0,0,-0.5419682999012193,0.9701818135326311,Low Engagement Customers
David Adams,53,1.0,2,1.0,14.0,1,5,3.7420562271036597,0.5086132505048122,
David Aguilar,48,,1,,,1,1,0.9793877562667315,-0.151033947665325,High Value Satisfied Customers
David Anderson,70,,2,10.0,,0,5,2.0594035129767234,0.5909375607604732,
David Austin,56,5.0,1,22.0,3.0,0,2,-0.9039450216216058,-0.7850778011953569,Frequent Support Users
David Bailey,39,,1,,,0,4,-0.5448775504594988,-0.08724200233403799,
David Barajas,40,,1,3.0,,1,1,0.9811953518435201,-1.201396280331357,High Value Satisfied Customers
David Barrett,58,,1,,,0,3,-0.5600232777078641,0.3998492891456799,
David Bautista,54,,1,,,0,3,-0.5568347035503135,0.29730375409731824,
David Black,38,,1,,,0,4,-0.5440804069201112,-0.11287838609612842,
David Bradley,25,,1,7.0,,0,4,-0.5360937083319942,-0.8856924315393443,
David Bradshaw,66,3.0,1,23.0,9.0,0,0,-0.6435103586547486,1.5264421418631389,Low Engagement Customers
David Bray,31,,1,8.0,,1,1,0.9911113753409965,-0.9249609766485856,High Value Satisfied Customers
David Brown,63,,1,,,0,3,-0.5640089954048023,0.5280312079561321,
David Cabrera,34,,1,,,1,1,0.9905477658181585,-0.5099433203345908,High Value Satisfied Customers
David Campbell,63,5.0,1,10.0,1.0,0,2,-0.9996124888059101,-2.084691717936824,Frequent Support Users
David Castillo,29,,1,2.0,,0,4,-0.5420240141325323,-1.2903096540325676,
David Cherry,63,,1,7.0,,0,3,-0.5663851628287249,0.08849015142009156,
David Clarke,70,3.0,1,14.0,4.0,1,1,0.6710372826474903,-0.23311964829419446,High Value Satisfied Customers
David Cole,32,,1,,,1,1,0.9921420528969338,-0.5612160878587716,High Value Satisfied Customers
David Coleman,32,1.0,1,12.0,2.0,0,4,-0.8973790279232402,-0.20943632105607457,
David Conner PhD,63,,1,10.0,,0,3,-0.5647401238429324,0.39278780594504265,
David Craig,23,,1,3.0,,0,4,-0.536692806567609,-1.3426954050967932,
David Daniels,31,,1,4.0,,0,4,-0.5425216085541127,-1.0361717834917528,
David Diaz MD,57,4.0,1,17.0,20.0,1,6,1.3424357230507518,1.2488840976337594,
David Dorsey,26,1.0,1,5.0,3.0,0,4,-0.8546809377543865,-0.9423434916986879,
David Dunlap,50,4.0,1,4.0,16.0,0,6,-0.35756698595686287,-0.4784303290714869,
David Eaton,18,,1,15.0,,0,4,-0.5261269329275008,-0.25368670580744107,
David Farley,48,,1,,,0,3,-0.5520518423139876,0.14348545152477576,
David Flowers,48,5.0,1,1.0,16.0,1,6,1.165153944398902,-1.7125649498109126,
David Franco,29,,1,,,1,1,0.9945334835150967,-0.6381252391450428,High Value Satisfied Customers
David Freeman,21,,1,12.0,,0,4,-0.5301634025314562,-0.48107520904612094,
David Frost,67,1.0,1,18.0,1.0,0,0,-0.9637426270629333,1.1654934271788444,Low Engagement Customers
David Garcia,49,2.0,2,11.5,19.0,1,5,3.951102787557099,1.5417596692343274,
David Garza,59,,1,,,0,3,-0.5608204212472517,0.42548567290777034,
David George,54,,1,14.0,,0,3,-0.5553724466740535,0.5677905581194971,
David Good,28,,1,21.0,,0,0,-0.5308082903497923,0.6112724408633653,Low Engagement Customers
David Green,19,1.0,1,17.0,4.0,0,0,-0.8007671238027926,0.2263314325546316,Low Engagement Customers
David Griffin,44,,1,,,1,1,0.982576330424282,-0.25357948271368663,High Value Satisfied Customers
David Gutierrez,36,,1,,,0,4,-0.5424861198413359,-0.16415115362030927,
David Guzman,31,,1,,,1,1,0.9929391964363214,-0.5868524716208621,High Value Satisfied Customers
David Hall,44,,1,,,1,1,0.982576330424282,-0.25357948271368663,High Value Satisfied Customers
David Hamilton,57,,1,,,0,3,-0.5592261341684764,0.37421290538358953,
David Hansen,19,,1,,,0,4,-0.5289346796717459,-0.5999696775758463,
David Harrington,27,,1,,,0,4,-0.5353118279868471,-0.39487860747912296,
David Hernandez,41,2.0,3,15.5,19.0,0,5,5.057957364201241,2.0556132728417706,
David Hicks,30,,1,,,1,1,0.9937363399757091,-0.6124888553829524,High Value Satisfied Customers
David Hogan,27,,1,,,1,1,0.996127770593872,-0.6893980066692237,High Value Satisfied Customers
David Holloway,25,,1,17.0,,0,4,-0.5306102450460193,0.12863308354382597,
David Howe,24,,1,20.0,,0,0,-0.5281680625208391,0.4072943543066866,Low Engagement Customers
David Howell,54,,1,,,0,3,-0.5568347035503135,0.29730375409731824,
David Hudson,66,4.0,1,16.0,18.0,0,6,-0.28023382017847437,1.4108204141980605,
David Humphrey,46,,1,20.0,,1,1,0.9857343781933517,0.6767753978825751,High Value Satisfied Customers
David Hutchinson,56,,1,,,0,3,-0.5584289906290888,0.3485765216214991,
David Jackson,29,,1,,,1,1,0.9945334835150967,-0.6381252391450428,High Value Satisfied Customers
David James,59,4.0,2,7.0,4.0,0,5,1.765583563977285,-1.4959780620647023,
David Johnson,24,3.0,3,6.666666666666667,18.0,0,5,5.016243508917572,0.008823418574425477,
David Johnston,67,,1,,,0,3,-0.5671975695623529,0.6305767430044937,
David Jones,62,,1,11.0,,0,3,-0.5633946339749472,0.4685839736912692,
David Jones Jr.,48,,1,20.0,,1,1,0.9841400911145765,0.7280481654067559,High Value Satisfied Customers
David Kelley,49,1.0,1,5.0,2.0,0,3,-0.9147688923930127,-0.4836456576587566,
David Lam,64,,1,,,0,3,-0.56480613894419,0.5536675917182224,
David Lawrence,24,,1,5.0,,0,4,-0.5363932574498016,-1.1141939183180687,
David Lee,46,,1,,,0,3,-0.5504575552352123,0.09221268400059492,
David Levy,69,,1,0.0,,0,3,-0.5750064483652332,-0.46771940656558514,
David Lewis,55,,1,5.0,,0,3,-0.5611047071708186,-0.3194660216932659,
David Lin,23,3.0,1,0.0,6.0,0,4,-0.7471061117169535,-2.3016880220624847,
David Lopez,46,,1,12.0,,0,3,-0.5500919910161474,0.15983438500613956,
David Madden,35,3.0,1,15.0,14.0,1,1,1.1170221851817594,0.28042939642243975,High Value Satisfied Customers
David Martin,18,,1,12.0,,0,4,-0.5277719719132933,-0.5579843603323922,
David Martinez,36,,1,17.0,,0,0,-0.5393788239792834,0.4106333049268205,Low Engagement Customers
David Mcbride,47,,1,13.0,,0,3,-0.5503407882269375,0.28690332027654697,
David Mccoy,45,,2,,,0,5,2.0800632298995443,0.08527136871930223,
David Mcintyre,43,2.0,1,23.0,3.0,1,1,0.6644095382535607,0.44069676071626224,High Value Satisfied Customers
David Miles,59,4.0,1,22.0,10.0,0,0,-0.6053929632928591,0.7924490970081444,Low Engagement Customers
David Miller,20,,1,,,1,1,1.0017077753695856,-0.8688526930038566,High Value Satisfied Customers
David Montgomery,20,2.0,1,3.0,3.0,0,4,-0.8596626854931924,-1.8830716967880572,
David Moore,35,,1,,,0,4,-0.5416889763019482,-0.18978753738239967,
David Moran,30,,1,,,0,4,-0.53770325860501,-0.3179694561928517,
David Moreno,38,,1,22.0,,1,1,0.9932082191656478,0.6745494308024857,High Value Satisfied Customers
David Morgan,43,,1,,,0,4,-0.5480661246170494,0.015303532714323676,
David Morrison,66,5.0,1,20.0,16.0,0,6,-0.3702156576474421,0.9706278357548395,
David Nguyen,44,4.0,1,20.0,16.0,0,6,-0.34401058346297697,0.990672192489043,
David Nunez,67,,1,2.0,,0,3,-0.5723154686292629,-0.3161270710731319,
David Oliver,27,,1,4.0,,1,1,0.992106564184157,-1.433236717730215,High Value Satisfied Customers
David Osborne,64,,1,6.0,,0,3,-0.56773065269671,0.012693983673864857,
David Palmer,54,,1,11.0,,1,1,0.974422112920873,-0.031026495595554898,High Value Satisfied Customers
David Park,58,,1,,,0,3,-0.5600232777078641,0.3998492891456799,
David Patton,34,5.0,1,21.0,15.0,0,6,-0.38591237129115025,0.1207571143881149,
David Perez,18,,1,,,0,4,-0.5281375361323583,-0.6256060613379367,
David Peterson,18,,1,,,1,1,1.0033020624483606,-0.9201254605280375,High Value Satisfied Customers
David Phillips,63,,1,,,0,3,-0.5640089954048023,0.5280312079561321,
David Ramirez,59,,2,7.0,,1,5,3.5979666515049136,-0.2898797143375732,
David Ramos,52,,1,,,0,3,-0.5552404164715382,0.2460309865731374,
David Reese,41,,1,,,0,4,-0.5464718375382741,-0.03596923480985717,
David Rich,29,,1,,,0,4,-0.5369061150656224,-0.34360583995494215,
David Ritter,58,,1,,,1,1,0.971416320872855,0.10532988995557918,High Value Satisfied Customers
David Rivera,69,,2,17.0,,0,5,2.0640390808162934,1.2753290375566022,
David Rodriguez,59,4.0,3,16.0,23.0,0,5,5.19356173395153,1.9234508272657638,
David Romero,61,,1,20.0,,0,0,-0.557662373478182,1.355840553504032,Low Engagement Customers
David Schaefer,61,,1,19.0,,0,0,-0.5582107198067796,1.2544080019957151,Low Engagement Customers
David Scott,40,,1,14.0,,0,4,-0.5442124371226265,0.2088811854502311,
David Simmons,34,,1,,,1,1,0.9905477658181585,-0.5099433203345908,High Value Satisfied Customers
David Simpson,64,3.0,1,1.0,18.0,0,3,-0.2781968117107247,0.42210417354931695,
David Sims,56,,1,11.0,,0,3,-0.5586117727386213,0.3147656711187267,
David Smith,61,5.0,4,11.0,8.0,1,5,8.715416240597262,-1.3563931802833589,
David Taylor,67,3.0,2,8.0,11.0,0,5,2.060698250937691,0.31116330645756796,
David Thompson,18,,1,,,1,1,1.0033020624483606,-0.9201254605280375,High Value Satisfied Customers
David Todd,24,,2,13.0,,0,5,2.0977171547743474,-0.2840384377707349,
David Velez,37,1.0,1,16.0,23.0,0,7,-0.022344642418870048,3.0741946460387575,
David Walter,51,2.0,1,7.0,10.0,0,3,-0.5899051772708466,0.23395935328705106,
David Walters,18,1.0,1,5.0,10.0,1,1,0.9754113817704066,-0.5253810135684748,High Value Satisfied Customers
David Warren,30,,2,,,0,5,2.092020382990359,-0.299274387712054,
David Watson,52,2.0,2,18.5,16.5,0,5,2.3167260495766238,2.2958685990485486,
David Weaver,68,5.0,1,17.0,2.0,0,2,-0.9580061289699555,-1.1155429460800053,Frequent Support Users
David White,31,,1,,,1,1,0.9929391964363214,-0.5868524716208621,High Value Satisfied Customers
David Williams,35,5.0,3,7.333333333333333,4.5,2,5,7.489709540087348,-3.166359455007623,
David Wilson,62,,2,2.0,,0,5,2.0613938906630445,-0.42561392140278637,
David Zimmerman,22,4.0,1,16.0,17.0,1,6,1.2445264409025907,-0.14263886301216694,
Dawn Berry,67,,1,,,0,3,-0.5671975695623529,0.6305767430044937,
Dawn Compton,51,,1,4.0,,0,3,-0.5584644793418656,-0.5234441082499445,
Dawn Daniel,32,,1,,,0,4,-0.5392975456837853,-0.2666966886686709,
Dawn Hamilton,24,,1,11.0,,0,4,-0.5331031794782166,-0.5055986092681667,
Dawn Harris,52,,1,,,1,1,0.9761991821091809,-0.04848841261696332,High Value Satisfied Customers
Dawn James,44,2.0,1,21.0,15.0,0,0,-0.3678800577312162,2.1292553505095975,Low Engagement Customers
Dawn Jones,70,1.0,1,5.0,13.0,1,1,1.0592208774203802,1.2005279195246714,High Value Satisfied Customers
Dawn Knox,49,,1,,,0,3,-0.5528489858533753,0.16912183528686617,
Dawn Larson,66,,1,,,0,3,-0.5664004260229653,0.6049403592424033,
Dawn Nolan,53,,1,,,0,3,-0.5560375600109259,0.2716673703352278,
Dawn Perez,61,5.0,1,11.0,20.0,0,6,-0.2041504439770397,0.45330892332212674,
Dawn Pittman,57,,1,,,0,3,-0.5592261341684764,0.37421290538358953,
Dawn Ramos,54,,1,,,0,3,-0.5568347035503135,0.29730375409731824,
Dawn Randolph,59,,1,2.0,,0,3,-0.5659383203141617,-0.5212181411698552,
Dawn Rasmussen,44,,1,,,0,3,-0.548863268156437,0.04093991647641409,
Dawn Roman,30,2.0,1,8.0,23.0,0,7,-0.02981932458987338,1.4992347481373955,
Dawn Salazar,40,,1,0.0,,1,1,0.9795503128577276,-1.5056939348563079,High Value Satisfied Customers
Dawn Steele,37,,1,22.0,,0,0,-0.5374342358756835,0.9434324462304962,Low Engagement Customers
Dawn Thomas,48,,1,,,0,3,-0.5520518423139876,0.14348545152477576,
Dawn Thompson,18,,1,,,0,4,-0.5281375361323583,-0.6256060613379367,
Dawn Tucker,61,,1,10.0,,0,3,-0.5631458367641571,0.3415150384208618,
Dawn Walls,68,5.0,1,10.0,18.0,0,6,-0.2937861015467715,0.2694530731721464,
Dawn Williams,41,,1,,,0,4,-0.5464718375382741,-0.03596923480985717,
Dean Coleman,59,,1,,,0,3,-0.5608204212472517,0.42548567290777034,
Dean Jones,19,5.0,1,13.0,7.0,0,2,-0.7123712146907987,-2.1227609940149628,Frequent Support Users
Dean Sparks,62,,1,,,1,1,0.9682277467153044,0.20787542500394085,High Value Satisfied Customers
Deanna Davis,62,5.0,1,2.0,0.0,0,2,-1.044955769128013,-3.0527275062535995,Frequent Support Users
Deanna Hayes,50,,1,23.0,,0,0,-0.5472487555591254,1.3781379866459886,Low Engagement Customers
Deanna Moss,66,,1,,,0,3,-0.5664004260229653,0.6049403592424033,
Debbie Alexander,52,,1,,,0,3,-0.5552404164715382,0.2460309865731374,
Debbie Buchanan,66,,1,,,0,3,-0.5664004260229653,0.6049403592424033,
Debbie Carter,30,,1,6.0,,0,4,-0.54062777235753,-0.8589430642372092,
Debbie Guzman,66,3.0,1,14.0,6.0,0,3,-0.7737064353102573,0.22073220082384104,
Debbie Holt,30,5.0,1,11.0,15.0,1,6,1.1432323381611444,-1.2906333349335177,
Debbie King,55,4.0,1,22.0,21.0,0,6,-0.14291420357549403,2.130232479329413,
Debbie Lin,51,,1,23.0,,0,0,-0.5480458990985131,1.403774370408079,Low Engagement Customers
Debbie Page,21,,1,21.0,,0,0,-0.5252282855740787,0.4318177545287324,Low Engagement Customers
Debbie West,69,2.0,1,19.0,23.0,0,7,-0.05487611301141912,3.6148117814504093,
Debbie Young,61,,1,19.0,,0,0,-0.5582107198067796,1.2544080019957151,Low Engagement Customers
Deborah Ali,18,5.0,1,8.0,17.0,0,6,-0.2967792704672946,-1.346170210437157,
Deborah Brooks,69,,1,,,1,1,0.9626477419395909,0.3873301113385738,High Value Satisfied Customers
Deborah Casey,25,,1,,,1,1,0.9977220576726473,-0.7406707741934045,High Value Satisfied Customers
Deborah Collins,58,,1,,,0,3,-0.5600232777078641,0.3998492891456799,
Deborah Cook,21,3.0,1,22.0,21.0,0,7,-0.10714340691837722,1.8426402309185312,
Deborah Deleon,35,,1,5.0,,0,4,-0.5451618363830657,-0.8321936969350743,
Deborah Duncan,20,,1,,,0,4,-0.5297318232111335,-0.5743332938137559,
Deborah Gray,47,1.0,1,9.0,21.0,0,7,-0.1176618085783498,2.3586526381251463,
Deborah Hoffman,20,,1,18.0,,0,4,-0.5260761810204835,0.10188371624169087,
Deborah Johnson,40,,1,21.0,,0,0,-0.540374012822444,0.9189090460084502,Low Engagement Customers
Deborah Montoya,34,,1,,,0,4,-0.5408918327625606,-0.21542392114449005,
Deborah Nelson,69,,1,,,1,1,0.9626477419395909,0.3873301113385738,High Value Satisfied Customers
Deborah Rangel,67,5.0,1,12.0,3.0,0,2,-0.9181970638408449,-1.5174030948955326,Frequent Support Users
Deborah Roach,41,1.0,1,19.0,16.0,0,7,-0.31616375021960097,2.564464888195033,
Deborah Schultz,50,1.0,1,0.0,12.0,0,3,-0.5007712352482838,0.3442178934432304,
Deborah Sharp,56,,1,,,1,1,0.9730106079516303,0.054057122431398374,High Value Satisfied Customers
Deborah Simpson,45,,1,,,0,3,-0.5496604116958247,0.0665763002385045,
Deborah Snow,29,2.0,1,23.0,13.0,1,1,1.0931060801320918,1.3911773129284781,High Value Satisfied Customers
Deborah Soto,54,,1,5.0,,0,3,-0.560307563631431,-0.3451024054553563,
Deborah Stewart,52,2.0,1,7.0,6.0,1,1,0.7737226648396431,-0.5586796320935519,High Value Satisfied Customers
Deborah Tanner,53,1.0,1,14.0,16.0,0,7,-0.32847120433524024,2.364938735798533,
Deborah Williams,34,,1,15.0,,1,1,0.992558369023016,-0.1380239648040951,High Value Satisfied Customers
Debra Brown,58,,1,,,1,1,0.971416320872855,0.10532988995557918,High Value Satisfied Customers
Debra Johnson,32,,1,22.0,,0,0,-0.5334485181787453,0.815250527420044,Low Engagement Customers
Debra Lopez DDS,50,,1,,,0,3,-0.5536461293927629,0.19475821904895657,
Debra Meyer DDS,40,,1,8.0,,0,4,-0.5475025150942114,-0.399714123599671,
Debra Miller,30,,1,1.0,,0,4,-0.5433695040005175,-1.3661058217787942,
Debra Murray,53,2.0,1,6.0,11.0,0,3,-0.550294157445509,0.3147385617910631,
Debra Ortiz MD,45,3.0,1,5.0,8.0,0,3,-0.6783942314750734,-0.9686468367786145,
Debra Peters,20,,1,,,0,4,-0.5297318232111335,-0.5743332938137559,
Debra Peterson,60,,1,,,0,3,-0.5616175647866394,0.45112205666986077,
Debra Ramirez,33,,1,19.0,,0,0,-0.5358907007039254,0.5365892566571834,Low Engagement Customers
Debra Reyes,30,,1,,,0,4,-0.53770325860501,-0.3179694561928517,
Debra Saunders,20,,1,,,0,4,-0.5297318232111335,-0.5743332938137559,
Debra Smith,30,4.0,2,10.0,1.0,0,5,1.665084805907188,-2.3279525141048176,
Debra Stewart,23,,1,,,0,4,-0.5321232538292965,-0.4974241425274846,
Debra Terrell,22,,1,,,0,4,-0.5313261102899088,-0.523060526289575,
Debra Young,32,,1,21.0,,1,1,0.9974427340733762,0.4192985767216261,High Value Satisfied Customers
Denise Adams,59,,1,,,0,3,-0.5608204212472517,0.42548567290777034,
Denise Allen,34,,1,6.0,,0,4,-0.5438163465150806,-0.7563975291888476,
Denise Bennett,53,3.0,1,6.0,0.0,1,1,0.5131873392574587,-2.0041545542688604,High Value Satisfied Customers
Denise Conley,26,,1,17.0,,0,4,-0.5314073885854069,0.1542694673059163,
Denise Dudley,70,,1,6.0,,0,3,-0.5725135139330358,0.16651228624640732,
Denise Gould,45,,1,3.0,,0,3,-0.5542299644341372,-0.7786949623308042,
Denise Hall,65,,1,9.0,,0,3,-0.5668827572503051,0.34262802196090636,
Denise Horne,52,1.0,1,15.0,21.0,0,7,-0.118357448303703,3.0954298659855004,
Denise Huang,28,5.0,1,4.0,6.0,0,2,-0.7662342767353755,-2.9358654962191504,Frequent Support Users
Denise Jones,40,1.0,1,12.0,11.0,0,7,-0.5279732971439478,1.1741056814339825,
Denise Kennedy,41,,1,14.0,,0,4,-0.5450095806620141,0.2345175692123215,
Denise Lane,36,,1,,,1,1,0.9889534787393832,-0.45867055281041,High Value Satisfied Customers
Denise Lee,23,,1,,,0,4,-0.5321232538292965,-0.4974241425274846,
Denise Lopez,59,,1,0.0,,0,3,-0.5670350129713567,-0.7240832441864893,
Denise Lowe,65,5.0,1,16.0,9.0,0,2,-0.6638874720514172,-0.3773117014575563,Frequent Support Users
Denise Morton,35,,1,,,0,4,-0.5416889763019482,-0.18978753738239967,
Denise Norton,25,,1,,,0,4,-0.5337175409080718,-0.4461513750033039,
Denise Perry,21,,1,21.0,,0,0,-0.5252282855740787,0.4318177545287324,Low Engagement Customers
Denise Phillips,24,,1,1.0,,1,1,0.9928529558165274,-1.8144435235414376,High Value Satisfied Customers
Denise Robinson,25,,1,20.0,,1,1,1.0024743925204922,0.13841133887867635,High Value Satisfied Customers
Denise Smith MD,42,,1,4.0,,1,1,0.9801494110933423,-1.048690961298859,High Value Satisfied Customers
Denise Stafford,23,1.0,1,23.0,2.0,1,1,0.6472666721265401,0.38107489248649834,High Value Satisfied Customers
Denise Taylor,50,4.0,1,12.0,14.0,0,6,-0.4366875217935037,0.07115209801875294,
Denise Turner,20,,1,,,0,4,-0.5297318232111335,-0.5743332938137559,
Dennis Bates,45,5.0,1,3.0,22.0,0,6,-0.11227561151019645,-0.5064556439615595,
Dennis Carter,21,1.0,1,20.0,15.0,0,7,-0.34142618633596095,2.0222307719733936,
Dennis Dillon,23,1.0,1,5.0,17.0,0,7,-0.26773836187827793,0.8138932518491153,
Dennis Harrison,54,,1,,,0,3,-0.5568347035503135,0.29730375409731824,
Dennis Hernandez,53,,1,,,0,3,-0.5560375600109259,0.2716673703352278,
Dennis Mcdaniel,26,,1,,,0,4,-0.5345146844474594,-0.42051499124121344,
Dennis Miller,69,,1,8.0,,0,3,-0.5706196777364532,0.3437410055009511,
Dennis Norris,57,,1,15.0,,1,1,0.9742240676171001,0.45161286172398446,High Value Satisfied Customers
Dennis Singleton,50,,1,18.0,,0,0,-0.549990487202113,0.8709752291044034,Low Engagement Customers
Derek Berry,25,,1,,,1,1,0.9977220576726473,-0.7406707741934045,High Value Satisfied Customers
Derek Cohen,28,,1,,,0,4,-0.5361089715262347,-0.3692422237170325,
Derek Garrison,44,,1,,,0,3,-0.548863268156437,0.04093991647641409,
Derek Hanson,49,,1,,,0,3,-0.5528489858533753,0.16912183528686617,
Derek Hunter,64,,1,,,1,1,0.9666334596365291,0.25914819252812166,High Value Satisfied Customers
Derek Johnson,52,3.0,1,11.0,6.0,0,3,-0.7641914647446227,-0.4424748263703759,
Derek King,67,,1,,,0,3,-0.5671975695623529,0.6305767430044937,
Derek Peterson,58,,1,20.0,,1,1,0.9761686557207,0.9844120030276602,High Value Satisfied Customers
Derek Stafford,23,,1,4.0,,0,4,-0.5361444602390115,-1.241262853588476,
Derek Tucker,51,,1,22.0,,0,0,-0.5485942454271107,1.302341818899762,Low Engagement Customers
Derek Watts,56,2.0,1,17.0,2.0,0,0,-0.9224366575434931,0.32895484727548785,Low Engagement Customers
Derrick Chan,25,,1,,,0,4,-0.5337175409080718,-0.4461513750033039,
Derrick Freeman,23,2.0,1,18.0,16.0,0,7,-0.3110314291571577,1.4175326294688957,
Derrick Perez,46,2.0,1,21.0,9.0,0,0,-0.6199962642062539,1.3948941631048892,Low Engagement Customers
Derrick Torres,54,,1,1.0,,0,3,-0.562500948945821,-0.7508326114886245,
Desiree Foley,30,5.0,1,19.0,1.0,0,2,-0.9683716350487402,-2.017799418510955,Frequent Support Users
Desiree Hill,44,,1,13.0,,1,1,0.9834902409719445,-0.084525230199825,High Value Satisfied Customers
Desiree Holloway,41,3.0,1,18.0,13.0,0,0,-0.4593088888822034,0.902125760221886,Low Engagement Customers
Desiree Ramos,35,,1,12.0,,0,4,-0.5413234120828833,-0.12216583637685506,
Desiree Yang,53,2.0,1,6.0,3.0,0,3,-0.8843233833071923,-0.7327733781141222,
Destiny Johnson,43,,1,12.0,,1,1,0.9837390381827347,-0.21159416547023244,High Value Satisfied Customers
Destiny Stevenson,20,,1,20.0,,0,0,-0.5249794883632886,0.304748819258325,Low Engagement Customers
Devin Donovan,22,,1,,,0,4,-0.5313261102899088,-0.523060526289575,
Devin Hicks,48,,1,17.0,,1,1,0.9824950521287839,0.42375051088180476,High Value Satisfied Customers
Devin Hodges,35,1.0,1,8.0,17.0,1,7,1.255780553215582,1.1313081123290507,
Devin Mason,22,2.0,1,15.0,2.0,0,4,-0.8964304698615081,-0.7455473036522202,
Devin Moore,61,,1,13.0,,0,3,-0.5615007977783646,0.6458126929458129,
Devin Nguyen,53,,1,20.0,,0,0,-0.5512852251630809,1.1507494834073089,Low Engagement Customers
Devin Parsons,51,,1,18.0,,0,0,-0.5507876307415006,0.8966116128664938,Low Engagement Customers
Devin Rodriguez,61,1.0,1,6.0,3.0,0,3,-0.8820326153043566,0.05636249148279366,
Devon Bauer,21,2.0,1,21.0,8.0,0,0,-0.641821328954273,0.6230455765644807,Low Engagement Customers
Devon Decker,39,,1,,,0,4,-0.5448775504594988,-0.08724200233403799,
Devon Gomez,27,5.0,1,14.0,16.0,1,6,1.1890224609978102,-0.9323058392066896,
Diamond Brown,65,,1,8.0,,0,3,-0.5674311035789026,0.24119547045258935,
Diamond Johnson,32,,1,,,1,1,0.9921420528969338,-0.5612160878587716,High Value Satisfied Customers
Diamond Smith,37,,1,,,0,4,-0.5432832633807235,-0.13851476985821884,
Diana Bauer,38,,1,,,0,4,-0.5440804069201112,-0.11287838609612842,
Diana Cordova,66,3.0,1,21.0,12.0,0,0,-0.5193460916138124,1.7163940163109492,Low Engagement Customers
Diana Evans,40,2.0,1,10.0,6.0,0,4,-0.7465061722826316,-0.26749918352358515,
Diana Gibson,55,,1,14.0,,1,1,0.9752700083672778,0.2989075426914866,High Value Satisfied Customers
Diana Harrington,67,,1,12.0,,0,3,-0.5668320053432879,0.6981984440100383,
Diana Howard,66,1.0,1,11.0,13.0,0,7,-0.46574006903120335,2.0010970927163125,
Diana Jackson,29,,1,,,0,4,-0.5369061150656224,-0.34360583995494215,
Diana Jones,42,,1,,,0,4,-0.5472689810776618,-0.010332851047766755,
Diana Ortiz,41,,1,,,0,4,-0.5464718375382741,-0.03596923480985717,
Diana Potter,27,,1,11.0,,1,1,0.9959449884843395,-0.723208857171996,High Value Satisfied Customers
Diana Romero,46,,1,,,0,3,-0.5504575552352123,0.09221268400059492,
Diana Shaw,38,,1,10.0,,0,4,-0.5448115353582411,-0.24812178810721786,
Diana Stephens,26,,1,,,0,4,-0.5345146844474594,-0.42051499124121344,
Diana Thomas,42,,1,,,0,4,-0.5472689810776618,-0.010332851047766755,
Diana Wagner,60,1.0,1,19.0,19.0,0,7,-0.20604851776983504,3.4443731571391956,
Diana Wright,45,,1,23.0,,0,0,-0.5432630378621872,1.2499560678355366,Low Engagement Customers
Diane Collins,48,2.0,1,5.0,1.0,0,3,-0.9643933184042723,-1.2242658334091876,
Diane Flowers,52,,1,,,0,3,-0.5552404164715382,0.2460309865731374,
Diane Lewis,47,,1,,,0,3,-0.5512546987746,0.11784906776268533,
Diane Mills,27,5.0,1,20.0,7.0,1,2,0.8165296598750016,-1.5021614625501212,Frequent Support Users
Diane Patton,23,4.0,1,14.0,17.0,0,6,-0.288806993874711,-0.02534818307660972,
Diane Smith,46,,1,2.0,,0,3,-0.5555754543021223,-0.8544911300770307,
Diane Ward,22,2.0,1,10.0,19.0,1,7,1.3420795020323002,0.6787334119146129,
Diane Watson,50,4.0,1,9.0,23.0,0,6,-0.0625496816849025,0.9453053758871354,
Diane Wilson,49,,1,20.0,,0,0,-0.5480966510055303,1.0482039483589471,Low Engagement Customers
Dillon Bennett,41,,1,23.0,,0,0,-0.5400744637046366,1.1474105327871749,Low Engagement Customers
Dillon Marshall,40,,1,12.0,,1,1,0.9861304688008976,-0.2885033167565037,High Value Satisfied Customers
Dominique Burke,60,2.0,1,23.0,2.0,1,1,0.6091044448512604,0.7455762921836513,High Value Satisfied Customers
Dominique Cervantes,29,,1,,,1,1,0.9945334835150967,-0.6381252391450428,High Value Satisfied Customers
Dominique Douglas,36,3.0,1,19.0,23.0,1,7,1.4942013060511554,1.8902469186111317,
Dominique Gibson,25,5.0,1,5.0,1.0,0,2,-0.972062765952167,-3.5660370584378454,Frequent Support Users
Dominique Heath,69,3.0,1,23.0,13.0,0,0,-0.47888717634207,2.127107263102003,Low Engagement Customers
Dominique Hodge,54,5.0,1,11.0,13.0,1,6,1.04059358675042,-0.9372381096196442,
Dominique King,26,,1,8.0,,0,4,-0.5363425055427844,-0.7586234962689369,
Don Sloan,52,5.0,1,14.0,11.0,1,6,0.9603256063495671,-0.9460912075951702,
Donald Anderson,34,4.0,1,9.0,3.0,0,2,-0.8848684497089082,-2.0836566140692745,Frequent Support Users
Donald Bradford,43,,1,,,0,4,-0.5480661246170494,0.015303532714323676,
Donald Cross,37,2.0,1,0.0,8.0,0,4,-0.6660908984850229,-1.0968558649167301,
Donald Flores,66,4.0,1,5.0,1.0,0,2,-0.9960777347491236,-1.9309005246919455,Frequent Support Users
Donald Frank,58,2.0,1,17.0,2.0,0,0,-0.9240309446222684,0.3802276147996687,Low Engagement Customers
Donald Gibbs,34,2.0,1,5.0,3.0,0,4,-0.8697260023874245,-1.3212972211021572,
Donald Gilbert,38,5.0,1,19.0,2.0,1,2,0.598444468449588,-1.9762887551161845,Frequent Support Users
Donald Hammond,32,,1,,,1,1,0.9921420528969338,-0.5612160878587716,High Value Satisfied Customers
Donald Hanson,51,,1,,,0,3,-0.5544432729321506,0.220394602811047,
Donald Houston,45,,1,,,0,3,-0.5496604116958247,0.0665763002385045,
Donald Myers,42,,1,,,1,1,0.9841706175030573,-0.3048522502378675,High Value Satisfied Customers
Donald Phillips,29,,1,2.0,,0,4,-0.5420240141325323,-1.2903096540325676,
Donald Price,35,,1,19.0,,0,0,-0.5374849877827007,0.5878620241813641,Low Engagement Customers
Donald Rios,46,,1,,,0,3,-0.5504575552352123,0.09221268400059492,
Donald Tran,65,,1,,,0,3,-0.5656032824835776,0.5793039754803129,
Donald Wilson,45,,1,,,0,3,-0.5496604116958247,0.0665763002385045,
Donna Barker,69,,1,,,1,1,0.9626477419395909,0.3873301113385738,High Value Satisfied Customers
Donna Campbell,40,,1,22.0,,0,0,-0.5398256664938464,1.0203415975167673,Low Engagement Customers
Donna Casey,35,,1,,,0,4,-0.5416889763019482,-0.18978753738239967,
Donna Castillo,40,,1,,,1,1,0.9857649045818326,-0.3561250177620483,High Value Satisfied Customers
Donna Collins,28,,1,10.0,,0,4,-0.5368400999643647,-0.504485625728122,
Donna Cunningham,38,,1,,,0,4,-0.5440804069201112,-0.11287838609612842,
Donna Fisher,34,4.0,1,9.0,6.0,0,2,-0.759607490010777,-1.6908396366048302,Frequent Support Users
Donna Garcia,61,,1,,,0,3,-0.562414708326027,0.4767584404319512,
Donna Gardner,57,,1,10.0,,1,1,0.9714823359741126,-0.05554989581760064,High Value Satisfied Customers
Donna Griffith,43,,1,19.0,,0,0,-0.5438621360978019,0.7929530942780875,Low Engagement Customers
Donna Harris,48,1.0,1,14.0,20.0,0,7,-0.15747087370746038,2.760512786940674,
Donna Harvey,41,,1,,,0,4,-0.5464718375382741,-0.03596923480985717,
Donna Hughes,23,,1,,,1,1,0.9993163447514226,-0.7919435417175853,High Value Satisfied Customers
Donna Jenkins,31,,1,,,1,1,0.9929391964363214,-0.5868524716208621,High Value Satisfied Customers
Donna Merritt,23,,1,,,0,4,-0.5321232538292965,-0.4974241425274846,
Donna Robertson,27,,1,20.0,,1,1,1.000880105441717,0.1896841064028572,High Value Satisfied Customers
Donna Robinson,34,4.0,1,4.0,12.0,0,4,-0.5118273022575021,-1.4123684392175262,
Donna Sanchez,62,1.0,1,18.0,3.0,0,0,-0.8762496029005742,1.2991894933446884,Low Engagement Customers
Donna Smith,59,,1,0.0,,0,3,-0.5670350129713567,-0.7240832441864893,
Donna Stevenson,68,,1,17.0,,1,1,0.9665521813410309,0.9364781861236133,High Value Satisfied Customers
Donna Villarreal,30,,1,,,0,4,-0.53770325860501,-0.3179694561928517,
Donna Wright,30,,1,8.0,,0,4,-0.539531079700335,-0.6560779612205752,
Doris Allison,48,3.0,1,15.0,13.0,1,1,1.0649056659370095,0.482763392841467,High Value Satisfied Customers
Doris Brown,60,,1,,,1,1,0.9698220337940797,0.15660265747976004,High Value Satisfied Customers
Dorothy Parks,64,,1,8.0,,0,3,-0.5666339600395149,0.21555908669049892,
Dorothy Powers,58,,1,15.0,,1,1,0.9734269240777125,0.4772492454860749,High Value Satisfied Customers
Dorothy Williams,69,,1,,,0,3,-0.5687918566411282,0.6818495105286746,
Dorothy Wilson,38,,1,,,0,4,-0.5440804069201112,-0.11287838609612842,
Douglas Cortez,65,,1,10.0,,0,3,-0.5663344109217077,0.4440605734692234,
Douglas Gonzalez,24,2.0,1,8.0,4.0,0,4,-0.8183558747750451,-1.1424244117099622,
Douglas Griffith,69,,1,11.0,,1,1,0.9624649598300583,0.3535192608358014,High Value Satisfied Customers
Douglas Harvey,53,,1,,,0,3,-0.5560375600109259,0.2716673703352278,
Douglas Holloway,18,,1,,,0,4,-0.5281375361323583,-0.6256060613379367,
Douglas Hoover,49,,1,4.0,,0,3,-0.5568701922630903,-0.5747168757741253,
Douglas Jones,56,,1,,,0,3,-0.5584289906290888,0.3485765216214991,
Douglas Marshall,32,,1,18.0,,1,1,0.9957976950875838,0.11500092219667518,High Value Satisfied Customers
Douglas Rice,42,5.0,1,23.0,22.0,0,6,-0.09891725432008354,1.4452862349185096,
Douglas Rodriguez,34,1.0,1,12.0,16.0,0,7,-0.31442216974406995,1.6749823413021807,
Douglas Simpson,53,,1,4.0,,0,3,-0.5600587664206409,-0.4721713407257638,
Douglas Smith,28,,1,,,0,4,-0.5361089715262347,-0.3692422237170325,
Douglas West,43,5.0,1,10.0,20.0,0,6,-0.19035020659665952,-0.10957853590381779,
Douglas Wheeler,54,,1,,,0,3,-0.5568347035503135,0.29730375409731824,
Dr. Aaron Perez,24,,1,,,0,4,-0.5329203973686841,-0.4717877587653943,
Dr. Alicia Williams,36,3.0,1,4.0,0.0,0,2,-1.0057975118108653,-2.3483187820509306,Frequent Support Users
Dr. Angela Flores DVM,51,,1,0.0,,0,3,-0.5606578646562556,-0.9291743142832125,
Dr. Angela George,62,2.0,1,16.0,11.0,0,3,-0.5519849860140229,1.5597915307330472,
Dr. Anna Martinez,28,,1,,,0,4,-0.5361089715262347,-0.3692422237170325,
Dr. April Taylor,41,,1,6.0,,0,4,-0.5493963512907941,-0.5769428428542147,
Dr. Brenda Lopez,19,5.0,1,6.0,3.0,0,2,-0.8832242519218229,-3.3565448245257747,Frequent Support Users
Dr. Brian Melton,52,,1,14.0,,1,1,0.9776614389854408,0.22199839140521538,High Value Satisfied Customers
Dr. Brittany Mcfarland,56,,1,,,0,3,-0.5584289906290888,0.3485765216214991,
Dr. Cameron Horton,27,,1,4.0,,1,1,0.992106564184157,-1.433236717730215,High Value Satisfied Customers
Dr. Charles Cameron,53,1.0,1,20.0,19.0,0,7,-0.199920166665524,3.36635102231288,
Dr. Charles Woods,42,4.0,1,10.0,10.0,0,4,-0.5984216790664391,-0.860560045047197,
Dr. Christian Morris,35,,1,0.0,,0,4,-0.5479035680260532,-1.3393564544766592,
Dr. Dana Brown,69,,1,,,0,3,-0.5687918566411282,0.6818495105286746,
Dr. David Powers DVM,18,,1,,,0,4,-0.5281375361323583,-0.6256060613379367,
Dr. Debbie Carr,30,5.0,1,3.0,7.0,0,2,-0.7266232569100378,-2.8550862877151384,Frequent Support Users
Dr. Gary Vega MD,53,,1,20.0,,0,0,-0.5512852251630809,1.1507494834073089,Low Engagement Customers
Dr. Gwendolyn Shaw DVM,24,,1,1.0,,0,4,-0.5385866427641917,-1.5199241243513368,
Dr. Jennifer Wood,55,,1,23.0,,0,0,-0.5512344732560637,1.5063199054564407,Low Engagement Customers
Dr. Jillian Barber,43,5.0,1,17.0,1.0,0,2,-0.9798311937179747,-1.8873915326204138,Frequent Support Users
Dr. John Mcbride,23,,1,21.0,,0,0,-0.526822572652854,0.48309052205291325,Low Engagement Customers
Dr. Joseph Nolan,57,,1,19.0,,0,0,-0.555022145649229,1.1518624669473534,Low Engagement Customers
Dr. Karen Edwards,37,2.0,1,16.0,19.0,0,7,-0.19802717166764852,1.966393876585972,
Dr. Katelyn Gonzalez PhD,70,1.0,1,2.0,8.0,0,3,-0.6826320263096833,0.5360547017490803,
Dr. Kelly Walker,44,,1,0.0,,0,3,-0.555077859880542,-1.1086290006178454,
Dr. Kim Brewer,19,,1,,,1,1,1.002504918908973,-0.894489076765947,High Value Satisfied Customers
Dr. Lauren Lee,53,,1,,,0,3,-0.5560375600109259,0.2716673703352278,
Dr. Lindsay Hernandez,56,1.0,1,17.0,14.0,0,7,-0.4127249024330315,2.484267556633459,
Dr. Logan Mayo V,70,,1,2.0,,1,1,0.9567326993332932,-0.5337373189769614,High Value Satisfied Customers
Dr. Marc Leonard,62,,1,7.0,,0,3,-0.5655880192893372,0.06285376765800108,
Dr. Michael Turner,61,5.0,1,13.0,20.0,0,6,-0.20305375131984468,0.6561740263387609,
Dr. Michael Wilson,44,,1,3.0,,0,3,-0.5534328208947495,-0.8043313460928946,
Dr. Nicholas Miller,24,,1,20.0,,0,0,-0.5281680625208391,0.4072943543066866,Low Engagement Customers
Dr. Phillip Wilkinson,55,3.0,1,17.0,9.0,1,1,0.8934077408876495,0.34132721224014134,High Value Satisfied Customers
Dr. Preston Romero,46,,1,,,1,1,0.9809820433455068,-0.20230671518950583,High Value Satisfied Customers
Dr. Raymond Thompson,49,,1,3.0,,0,3,-0.5574185385916878,-0.6761494272824424,
Dr. Robert Weaver DVM,18,,1,11.0,,0,4,-0.5283203182418907,-0.6594169118407092,
Dr. Sarah Gardner,27,4.0,1,0.0,21.0,0,6,-0.1326578037017849,-0.8191023991920937,
Dr. Sean Boyd,59,,1,13.0,,0,3,-0.5599065106995893,0.594539925421632,
Dr. Shane Day,55,2.0,1,20.0,20.0,0,7,-0.16842871682952573,2.964517982825016,
Dr. Sharon Le,30,,1,0.0,,0,4,-0.543917850329115,-1.4675383732871112,
Dr. Tammy Meyer DVM,35,3.0,1,0.0,6.0,0,4,-0.7566718341896053,-1.9940514169174002,
Dr. Thomas Hall PhD,33,,1,3.0,,1,1,0.9867753566192337,-1.3808509666659896,High Value Satisfied Customers
Dr. Tina Faulkner DVM,40,2.0,1,3.0,7.0,1,1,0.8228486552306153,-1.1411074507837569,High Value Satisfied Customers
Drew Willis,63,5.0,1,1.0,10.0,1,2,0.9026748719118252,-2.1136531483084453,Frequent Support Users
Duane Hughes,35,,1,5.0,,0,4,-0.5451618363830657,-0.8321936969350743,
Dustin Brewer,18,,1,18.0,,0,4,-0.5244818939417083,0.050610948717510026,
Dustin Campbell,53,,1,19.0,,0,0,-0.5518335714916784,1.0493169318989917,Low Engagement Customers
Dustin Carter,30,,1,3.0,,0,4,-0.5422728113433225,-1.1632407187621603,
Dustin Duffy,21,,1,,,0,4,-0.5305289667505212,-0.5486969100516654,
Dustin Flores,32,,1,,,0,4,-0.5392975456837853,-0.2666966886686709,
Dustin Ford,34,,1,20.0,,0,0,-0.5361394979147156,0.6636581919275908,Low Engagement Customers
Dustin Gonzalez,24,,1,,,0,4,-0.5329203973686841,-0.4717877587653943,
Dustin Keller,20,1.0,1,5.0,2.0,0,4,-0.891651729750771,-1.2271007867593786,
Dustin Lara,67,,1,,,0,3,-0.5671975695623529,0.6305767430044937,
Dustin Martin,43,,1,13.0,,0,4,-0.5471522140693869,0.18435778522818533,
Dustin Olson,58,,1,20.0,,1,1,0.9761686557207,0.9844120030276602,High Value Satisfied Customers
Dustin Smith,32,,1,20.0,,0,0,-0.5345452108359403,0.6123854244034099,Low Engagement Customers
Dustin Taylor,41,,1,12.0,,0,4,-0.5461062733192091,0.031652466195687456,
Dustin Vasquez,32,1.0,1,4.0,11.0,0,4,-0.5259829194576265,0.15755419927072295,
Dustin Woods,54,,1,9.0,,1,1,0.9733254202636781,-0.23389159861218897,High Value Satisfied Customers
Dwayne Rodriguez,52,,1,5.0,,1,1,0.9727263220280633,-0.6908945721696379,High Value Satisfied Customers
Dylan Chapman,49,1.0,1,9.0,10.0,0,3,-0.5785462812169395,0.9695964882796971,
Dylan Gutierrez,46,,1,,,0,3,-0.5504575552352123,0.09221268400059492,
Dylan King,49,,1,22.0,,0,0,-0.5469999583483354,1.2510690513755813,Low Engagement Customers
Dylan Lee,35,,1,,,0,4,-0.5416889763019482,-0.18978753738239967,
Dylan Lutz,51,4.0,1,20.0,21.0,0,6,-0.14082232207513842,1.8248218412644168,
Earl Lambert,26,,1,23.0,,0,0,-0.5281173106138219,0.7628647763558185,Low Engagement Customers
Ebony Wilson,41,5.0,1,4.0,3.0,0,2,-0.9018581024455461,-2.9954094847764194,Frequent Support Users
Eddie Dixon,27,,1,,,0,4,-0.5353118279868471,-0.39487860747912296,
Eddie Little,34,5.0,1,12.0,12.0,0,6,-0.5161084479466589,-1.1849528266511828,
Eddie Parker,18,,1,6.0,,0,4,-0.5310620498848783,-1.1665796693822943,
Eddie Reed,28,3.0,1,22.0,10.0,0,0,-0.5720135972539051,0.5817659998835343,Low Engagement Customers
Eddie Smith,41,,1,5.0,,0,4,-0.5499446976193916,-0.6783753943625317,
Eddie Stewart,28,,1,,,0,4,-0.5361089715262347,-0.3692422237170325,
Eddie Walker,52,,1,,,0,3,-0.5552404164715382,0.2460309865731374,
Eddie White,56,5.0,1,20.0,19.0,0,6,-0.23698326255543437,1.1070809755983797,
Edgar Cowan,37,,1,5.0,,0,4,-0.546756123461841,-0.7809209294108934,
Edgar Pratt,32,,1,19.0,,0,0,-0.5350935571645378,0.510952872895093,Low Engagement Customers
Eduardo Collins,46,,1,11.0,,1,1,0.9807992612359742,-0.23611756569227824,High Value Satisfied Customers
Eduardo Mitchell,48,,1,,,0,3,-0.5520518423139876,0.14348545152477576,
Edward Baker,42,,1,14.0,,0,0,-0.5458067242014017,0.26015395297441196,Low Engagement Customers
Edward Baldwin,29,3.0,1,9.0,7.0,1,1,0.8262393958175276,-1.398557162617042,High Value Satisfied Customers
Edward Brown,25,,1,7.0,,1,1,0.9953458902487248,-1.1802118307294451,High Value Satisfied Customers
Edward Bush,37,,1,,,0,4,-0.5432832633807235,-0.13851476985821884,
Edward Camacho,54,,1,,,1,1,0.9746048950304056,0.002784354907217513,High Value Satisfied Customers
Edward Clements,61,,1,,,0,3,-0.562414708326027,0.4767584404319512,
Edward Crosby,56,,1,,,0,3,-0.5584289906290888,0.3485765216214991,
Edward Freeman,27,3.0,1,11.0,22.0,0,7,-0.07620442453656513,1.0116394593877347,
Edward French,69,,1,,,0,3,-0.5687918566411282,0.6818495105286746,
Edward Garcia,24,4.0,1,17.0,11.0,1,1,0.9929585807561506,-0.775567498908558,High Value Satisfied Customers
Edward Gomez,69,3.0,1,9.0,21.0,1,7,1.3789047994999672,1.4600440827006491,
Edward Green,42,3.0,1,12.0,22.0,0,7,-0.0876132312987823,1.4976177673274078,
Edward Hall,54,,1,,,1,1,0.9746048950304056,0.002784354907217513,High Value Satisfied Customers
Edward Hardin,62,3.0,1,17.0,7.0,1,1,0.8043204296465152,0.2589039135984779,High Value Satisfied Customers
Edward Hughes,59,5.0,1,12.0,11.0,0,2,-0.5777906896640604,-0.6749822250870706,Frequent Support Users
Edward Jones,57,,1,1.0,,0,3,-0.564892379563984,-0.6739234602023532,
Edward Kline,70,,1,,,0,3,-0.5695890001805158,0.7074858942907649,
Edward Long,40,,1,17.0,,0,0,-0.542567398136834,0.5131788399751823,Low Engagement Customers
Edward Nguyen,63,,1,14.0,,1,1,0.9688928600521767,0.50399861278821,High Value Satisfied Customers
Edward Patterson,30,,1,13.0,,0,4,-0.5367893480573475,-0.14891520367899005,
Edward Russell,37,,1,,,0,4,-0.5432832633807235,-0.13851476985821884,
Edward Scott,38,2.0,1,4.0,23.0,0,7,-0.03838985821936455,1.2985956122008508,
Edward Thompson,45,3.0,1,8.0,16.0,0,3,-0.3427199666275978,0.38316275765152186,
Edward Watkins,67,,1,7.0,,1,1,0.9618658615944436,-0.10348371272164755,High Value Satisfied Customers
Edward Webb,52,5.0,1,2.0,8.0,0,2,-0.7029551078724532,-2.2615794039693182,Frequent Support Users
Edwin Shah,29,,1,0.0,,0,4,-0.5431207067897273,-1.4931747570492018,
Edwin Thomas,24,,1,12.0,,0,4,-0.5325548331496192,-0.40416605775984965,
Eileen Boyd,41,,1,6.0,,0,4,-0.5493963512907941,-0.5769428428542147,
Eileen Hart,70,,1,10.0,,0,3,-0.5703201286186459,0.5722424922796756,
Eileen Johnson,65,1.0,1,12.0,20.0,0,7,-0.17211900653424536,2.9934662078795764,
Eileen Kim,27,,1,23.0,,0,0,-0.5289144541532096,0.7885011601179089,Low Engagement Customers
Eileen Lynn,19,3.0,1,5.0,2.0,0,4,-0.908190418847257,-2.420826769521854,
Eileen Marquez,28,,1,17.0,,0,0,-0.5330016756641822,0.20554223483009723,Low Engagement Customers
Eileen May,52,,1,7.0,,0,3,-0.5576165838954608,-0.1935100699629031,
Elaine White,44,4.0,1,10.0,12.0,0,3,-0.5165086596797935,-0.5474092925467199,
Elijah Allen,37,,1,,,1,1,0.9881563351999956,-0.4330341690483196,High Value Satisfied Customers
Elijah Brown,32,5.0,1,2.0,11.0,1,2,0.96968832119415,-2.676009500936783,Frequent Support Users
Elijah Waller,23,,1,,,0,4,-0.5321232538292965,-0.4974241425274846,
Elizabeth Andersen,48,4.0,1,2.0,10.0,0,3,-0.6075913109315448,-1.5182021545411908,
Elizabeth Anderson,46,1.0,1,21.0,9.0,0,0,-0.611328347888317,1.9789389626050817,Low Engagement Customers
Elizabeth Berg,54,,1,21.0,,1,1,0.979905576206848,0.9832990194876154,High Value Satisfied Customers
Elizabeth Blanchard,48,,1,2.0,,0,3,-0.5571697413808976,-0.8032183625528498,
Elizabeth Brown,34,,1,19.0,,0,0,-0.5366878442433131,0.5622256404192738,Low Engagement Customers
Elizabeth Carroll,25,,1,,,0,4,-0.5337175409080718,-0.4461513750033039,
Elizabeth Castillo,64,4.0,2,21.0,0.0,0,5,1.60226008194987,-0.4714963920904048,
Elizabeth Combs,58,,1,0.0,,0,3,-0.5662378694319691,-0.7497196279485797,
Elizabeth Curry,49,4.0,1,17.0,14.0,0,6,-0.4331486466111285,0.5526784717982478,
Elizabeth Davila,53,,1,14.0,,0,3,-0.5545753031346659,0.5421541743574066,
Elizabeth Davis,34,,1,,,0,4,-0.5408918327625606,-0.21542392114449005,
Elizabeth Edwards,34,,1,,,0,4,-0.5408918327625606,-0.21542392114449005,
Elizabeth Fisher,30,1.0,1,14.0,1.0,0,0,-0.9364417014199803,-0.18878297805176913,Low Engagement Customers
Elizabeth Foley,18,,1,15.0,,1,1,1.0053126656532183,-0.5482061049975417,High Value Satisfied Customers
Elizabeth Franklin,34,,1,,,0,4,-0.5408918327625606,-0.21542392114449005,
Elizabeth Hamilton,33,3.0,1,6.0,1.0,0,2,-0.960555735302797,-2.0914238378324193,Frequent Support Users
Elizabeth Hardin,19,,1,17.0,,1,1,1.0056122147710256,-0.31970461821881735,High Value Satisfied Customers
Elizabeth Harris,51,,2,18.0,,0,5,2.0789360108538686,0.9153066813472915,
Elizabeth Hudson,46,,1,18.0,,0,0,-0.5468019130445624,0.7684296940560418,Low Engagement Customers
Elizabeth Johnson,28,,2,,,1,5,3.6250542686498535,-0.6450665544263355,
Elizabeth Kelly,64,1.0,1,5.0,17.0,0,7,-0.3004212469931714,1.8649849860948222,
Elizabeth Kennedy,62,,1,,,1,1,0.9682277467153044,0.20787542500394085,High Value Satisfied Customers
Elizabeth King,67,,2,11.5,,1,5,3.5940570616685013,0.3716578375465767,
Elizabeth Larsen,52,,1,,,0,3,-0.5552404164715382,0.2460309865731374,
Elizabeth Lopez,58,2.0,2,22.5,6.0,0,5,1.8757232147112284,1.480557686528803,
Elizabeth Mcdonald,27,,1,5.0,,0,4,-0.5387846880679645,-1.0372847670317975,
Elizabeth Mckenzie,20,,1,5.0,,1,1,0.9982349152884681,-1.5112588525565311,High Value Satisfied Customers
Elizabeth Mcmahon,32,,1,4.0,,0,4,-0.5433187520935003,-1.0105353997296622,
Elizabeth Miller,38,,1,,,0,4,-0.5440804069201112,-0.11287838609612842,
Elizabeth Mitchell,53,,1,,,0,3,-0.5560375600109259,0.2716673703352278,
Elizabeth Oliver,30,,1,,,1,1,0.9937363399757091,-0.6124888553829524,High Value Satisfied Customers
Elizabeth Oneill,51,5.0,1,17.0,18.0,0,6,-0.27639623707699906,0.5436624097748285,
Elizabeth Palmer,48,3.0,1,15.0,19.0,0,7,-0.21601201324744698,1.5629167469604568,
Elizabeth Patel,47,,1,,,0,3,-0.5512546987746,0.11784906776268533,
Elizabeth Pena,32,,1,,,0,4,-0.5392975456837853,-0.2666966886686709,
Elizabeth Peterson,32,,1,,,0,4,-0.5392975456837853,-0.2666966886686709,
Elizabeth Rasmussen,21,,1,10.0,,0,4,-0.5312600951886511,-0.6839403120627549,
Elizabeth Robinson,37,,1,,,0,4,-0.5432832633807235,-0.13851476985821884,
Elizabeth Sandoval,50,4.0,1,18.0,6.0,0,2,-0.7674266696836018,-0.36776453283653027,Frequent Support Users
Elizabeth Schmitt,47,5.0,1,2.0,1.0,1,2,0.5401946357762314,-3.600853669386908,Frequent Support Users
Elizabeth Smith,63,4.0,1,8.0,17.0,0,6,-0.32398281342180185,0.3915118583571048,
Elizabeth Solomon,69,,1,21.0,,0,0,-0.5634911754646857,1.6623641751090725,Low Engagement Customers
Elizabeth Spears,49,,1,4.0,,0,3,-0.5568701922630903,-0.5747168757741253,
Elizabeth Turner,56,,1,,,1,1,0.9730106079516303,0.054057122431398374,High Value Satisfied Customers
Elizabeth Vasquez,49,1.0,1,7.0,6.0,0,3,-0.7466575868049761,0.24297541531047018,
Elizabeth Wade,63,,1,19.0,,1,1,0.9716345916951642,1.0111613703297953,High Value Satisfied Customers
Elizabeth Waller MD,65,3.0,1,2.0,1.0,0,3,-0.9882577138775916,-1.6767897634787945,
Elizabeth Walton,38,,1,19.0,,0,0,-0.5398764184008636,0.6647711754676353,Low Engagement Customers
Elizabeth Wells,48,1.0,2,10.5,4.0,0,5,1.802275104014451,0.32917004533199085,
Elizabeth Williams,69,,2,,,2,5,5.123810982115679,0.11150578062927076,
Elizabeth Williamson,64,,1,2.0,,0,3,-0.5699240380110999,-0.3930362223594032,
Elizabeth Young,30,,1,13.0,,0,4,-0.5367893480573475,-0.14891520367899005,
Elizabeth Zavala,26,5.0,1,13.0,19.0,0,6,-0.21690738067398746,-0.3720383978225522,
Ellen Gregory,55,,1,,,0,3,-0.5576318470897011,0.32294013785940867,
Emily Adams,63,,1,9.0,,0,3,-0.5652884701715298,0.2913552544367256,
Emily Allen,52,1.0,2,11.5,8.0,1,5,3.4980890876970587,0.7623847026511616,
Emily Bailey,24,,1,,,0,4,-0.5329203973686841,-0.4717877587653943,
Emily Benton,52,,1,,,1,1,0.9761991821091809,-0.04848841261696332,High Value Satisfied Customers
Emily Campos,20,2.0,1,16.0,12.0,0,4,-0.4767513041270314,0.6140024052133978,
Emily Cochran,69,,1,9.0,,0,3,-0.5700713314078557,0.4451735570092681,
Emily Combs,28,,1,10.0,,0,4,-0.5368400999643647,-0.504485625728122,
Emily Daugherty,20,5.0,1,18.0,1.0,0,2,-0.9609485459834612,-2.375595807640176,Frequent Support Users
Emily Diaz,50,,1,14.0,,1,1,0.9792557260642161,0.17072562388103457,High Value Satisfied Customers
Emily Duarte,30,,1,23.0,,1,1,1.0001337138093465,0.5708909122140795,High Value Satisfied Customers
Emily Edwards,65,,1,,,0,3,-0.5656032824835776,0.5793039754803129,
Emily Graham,29,,1,7.0,,0,4,-0.5392822824895448,-0.7831468964909827,
Emily Hardy,29,,1,,,0,4,-0.5369061150656224,-0.34360583995494215,
Emily Hayes,57,2.0,1,20.0,11.0,0,0,-0.5458058830026946,1.837339817955863,Low Engagement Customers
Emily Hernandez,23,,1,10.0,,1,1,0.9985852163132926,-0.9271869437286747,High Value Satisfied Customers
Emily Hill,29,2.0,1,20.0,16.0,0,7,-0.3147175977362886,1.7742160350580722,
Emily Hood,38,,1,14.0,,1,1,0.9888214485368679,-0.1369109812640505,High Value Satisfied Customers
Emily Hull,33,1.0,1,8.0,14.0,0,7,-0.3993257179844931,0.981737766530526,
Emily Jones,42,1.0,1,2.0,4.0,0,4,-0.8273266201376709,-0.7055200135420441,
Emily Knox,34,,1,,,1,1,0.9905477658181585,-0.5099433203345908,High Value Satisfied Customers
Emily Little,33,4.0,1,4.0,8.0,0,2,-0.678044771648956,-1.9617607929322094,Frequent Support Users
Emily Logan,32,4.0,1,8.0,15.0,0,6,-0.3827786701662056,-0.6650940232439944,
Emily Morales,50,,1,,,0,3,-0.5536461293927629,0.19475821904895657,
Emily Murray,22,,1,6.0,,0,4,-0.5342506240424288,-1.0640341343339326,
Emily Nunez,34,,1,5.0,,1,1,0.987074905737041,-1.1523494798872653,High Value Satisfied Customers
Emily Phillips,48,,1,,,0,3,-0.5520518423139876,0.14348545152477576,
Emily Riley,44,3.0,1,17.0,22.0,0,7,-0.08646578673457013,2.056053292393174,
Emily Ross,65,,1,,,0,3,-0.5656032824835776,0.5793039754803129,
Emily Sanchez,35,,1,15.0,,1,1,0.9917612254836283,-0.11238758104200475,High Value Satisfied Customers
Emily Smith,26,1.0,2,11.0,4.0,0,5,1.8200864350452781,-0.18411412167983993,
Emily Townsend,20,,1,12.0,,0,4,-0.5293662589920686,-0.5067115928082113,
Emily Tyler,70,,1,,,0,3,-0.5695890001805158,0.7074858942907649,
Emily Vasquez,25,,1,,,0,4,-0.5337175409080718,-0.4461513750033039,
Emily Walker,25,,1,21.0,,0,0,-0.5284168597316293,0.5343632895770941,Low Engagement Customers
Emily Welch,31,,1,,,0,4,-0.5385004021443976,-0.29233307243076134,
Emily Wiley,22,,1,19.0,,0,0,-0.5271221217706613,0.2545890352741887,Low Engagement Customers
Emily Young,24,,1,13.0,,0,4,-0.5320064868210216,-0.3027335062515326,
Emma Bell,31,2.0,1,22.0,6.0,0,0,-0.7327517244849728,0.7189639807174056,Low Engagement Customers
Emma Brock,25,,1,,,0,4,-0.5337175409080718,-0.4461513750033039,
Emma Cruz,41,,1,14.0,,0,4,-0.5450095806620141,0.2345175692123215,
Emma Fox,29,,1,10.0,,0,4,-0.5376372435037523,-0.47884924196603157,
Emma Hampton,39,,1,22.0,,0,0,-0.5390285229544588,0.9947052137546769,Low Engagement Customers
Emma Mendoza MD,55,,1,6.0,,1,1,0.9708832377384979,-0.5125528693750495,High Value Satisfied Customers
Emma Peterson,58,,1,,,0,3,-0.5600232777078641,0.3998492891456799,
Emma Ward,34,,1,12.0,,1,1,0.9909133300372235,-0.4423216193290462,High Value Satisfied Customers
Eric Arnold,55,,1,,,0,3,-0.5576318470897011,0.32294013785940867,
Eric Bentley,19,,1,,,1,1,1.002504918908973,-0.894489076765947,High Value Satisfied Customers
Eric Black,34,,1,,,0,4,-0.5408918327625606,-0.21542392114449005,
Eric Bradford,67,,1,,,0,3,-0.5671975695623529,0.6305767430044937,
Eric Brooks,26,,1,,,0,4,-0.5345146844474594,-0.42051499124121344,
Eric Brown,39,,2,,,0,5,2.08484609113587,-0.06854693385324027,
Eric Campos,62,,1,,,1,1,0.9682277467153044,0.20787542500394085,High Value Satisfied Customers
Eric Cardenas,55,,1,,,1,1,0.973807751491018,0.028420738669307916,High Value Satisfied Customers
Eric Cervantes,26,,1,16.0,,0,4,-0.5319557349140044,0.0528369157975993,
Eric Clark,61,,1,,,1,1,0.9690248902546921,0.18223904124185047,High Value Satisfied Customers
Eric Dean,21,,1,,,0,4,-0.5305289667505212,-0.5486969100516654,
Eric Dyer,27,2.0,1,22.0,9.0,1,1,0.9271374079514281,0.7147160239433876,High Value Satisfied Customers
Eric Ellis,28,3.0,1,11.0,4.0,0,4,-0.8285673262647401,-1.319626021636842,
Eric Fields,45,2.0,1,0.0,5.0,0,3,-0.7977290064982553,-1.2845817722844513,
Eric Garcia,60,,1,5.0,,0,3,-0.5650904248677568,-0.19128410288281378,
Eric Graves Jr.,18,5.0,1,19.0,11.0,0,2,-0.5412693802489844,-1.0160460987745585,Frequent Support Users
Eric Green,59,,1,14.0,,0,3,-0.5593581643709917,0.695972476929949,
Eric Harris,28,,1,20.0,,0,0,-0.5313566366783897,0.5098398893550484,Low Engagement Customers
Eric Harvey,43,4.0,1,4.0,8.0,0,2,-0.6860162070428325,-1.705396955311305,Frequent Support Users
Eric Higgins,19,5.0,1,20.0,12.0,0,6,-0.49976452422706424,-0.7580381710160029,
Eric Hogan,36,2.0,1,12.0,16.0,0,7,-0.32468437314078213,1.142210309326169,
Eric Howell,32,,1,3.0,,0,4,-0.5438670984220978,-1.1119679512379794,
Eric James,59,,1,20.0,,0,0,-0.5560680863994067,1.3045677859798512,Low Engagement Customers
Eric Johnson,54,5.0,1,22.0,20.0,0,6,-0.1925386295867537,1.3896123035789811,
Eric Kennedy,40,,1,6.0,,0,4,-0.5485992077514065,-0.6025792266163051,
Eric Little,46,,1,,,0,3,-0.5504575552352123,0.09221268400059492,
Eric Lopez,38,,1,6.0,,0,4,-0.5470049206726312,-0.653851994140486,
Eric Lucas,26,4.0,1,6.0,16.0,0,6,-0.33733884835436434,-0.8908384363450228,
Eric May,55,3.0,1,23.0,17.0,0,0,-0.30071255385980133,2.29195386038533,Low Engagement Customers
Eric Miller MD,54,,1,9.0,,0,3,-0.558114178317041,0.06062780057791178,
Eric Mora,23,,1,,,1,1,0.9993163447514226,-0.7919435417175853,High Value Satisfied Customers
Eric Myers,54,,1,16.0,,1,1,0.9771638445638605,0.47613626194603026,High Value Satisfied Customers
Eric Patel,42,,1,2.0,,0,4,-0.5523868801445717,-0.9570366651253923,
Eric Ponce,44,3.0,1,2.0,10.0,1,1,0.9357047781246617,-1.3312222892794603,High Value Satisfied Customers
Eric Richardson,27,,2,7.0,,1,5,3.6234752447653182,-1.1102439947244664,
Eric Rodriguez,34,,1,8.0,,1,1,0.9887199447228335,-0.8480518253623143,High Value Satisfied Customers
Eric Saunders,23,,1,15.0,,0,4,-0.530112650624439,-0.12550478699698894,
Eric Smith,49,,1,,,1,1,0.9785906127273438,-0.12539756390323456,High Value Satisfied Customers
Eric Stein,46,3.0,1,8.0,4.0,1,1,0.6868786496212088,-1.4569881676342664,High Value Satisfied Customers
Eric Stokes,67,,1,5.0,,0,3,-0.5706704296434704,-0.011829416548180887,
Eric Stone,47,2.0,1,19.0,21.0,1,7,1.4105933369704073,2.4944139545180226,
Eric Torres,21,2.0,1,2.0,11.0,0,4,-0.5269789494994943,-0.9113559246290983,
Eric Walton,58,,1,8.0,,0,3,-0.5618510988031891,0.06174078411795645,
Eric Weber,27,2.0,1,17.0,11.0,0,0,-0.5235366158068577,0.7639506505681996,Low Engagement Customers
Eric White,27,,1,,,0,4,-0.5353118279868471,-0.39487860747912296,
Eric Wilson,55,5.0,1,19.0,15.0,0,6,-0.40374907827548584,0.4562560703753795,
Erica Boyer,44,,1,,,0,3,-0.548863268156437,0.04093991647641409,
Erica Burton,69,,1,20.0,,0,0,-0.5640395217932832,1.5609316236007555,Low Engagement Customers
Erica Chambers,44,3.0,1,21.0,5.0,0,0,-0.7940845063762569,0.23582062612792298,Low Engagement Customers
Erica Chapman,43,,1,4.0,,0,4,-0.5520873310267644,-0.7285351783466678,
Erica Chavez,27,1.0,1,9.0,16.0,1,7,1.2209523946265701,0.8967106012524961,
Erica Garcia,42,,1,,,0,4,-0.5472689810776618,-0.010332851047766755,
Erica Hall,50,3.0,1,5.0,21.0,0,7,-0.13958245714677645,0.8617419843777637,
Erica Harmon,60,,1,,,0,3,-0.5616175647866394,0.45112205666986077,
Erica Harris,57,2.0,1,16.0,16.0,1,1,1.1922085964271862,1.7917851751732352,High Value Satisfied Customers
Erica Henderson,39,,1,15.0,,1,1,0.9885726513260777,-0.009842045993643049,High Value Satisfied Customers
Erica Martin,60,,1,7.0,,0,3,-0.5639937322105619,0.01158100013382028,
Erica Nixon,45,4.0,1,13.0,17.0,0,6,-0.3068924980698367,0.4372197081810623,
Erica Norman,52,,1,22.0,,1,1,0.9820482096142208,1.0334588034717518,High Value Satisfied Customers
Erica Novak,53,,1,15.0,,1,1,0.9774126417746507,0.34906732667562274,High Value Satisfied Customers
Erica Reed,64,4.0,1,2.0,10.0,0,3,-0.6203456075617473,-1.108020014347744,
Erica Reyes,31,,1,,,0,4,-0.5385004021443976,-0.29233307243076134,
Erica Scott DVM,40,2.0,1,1.0,22.0,0,7,-0.08338283751664267,0.9146317327119324,
Erica Turner,51,,1,,,1,1,0.9769963256485685,-0.07412479637905373,High Value Satisfied Customers
Erica Vang,23,4.0,1,2.0,0.0,1,2,0.5262403438067613,-3.7630210726650337,Frequent Support Users
Erik Anderson,47,,1,9.0,,0,3,-0.5525341735413275,-0.11882688575672114,
Erik Beasley,69,,1,,,1,1,0.9626477419395909,0.3873301113385738,High Value Satisfied Customers
Erik Dillon,34,,1,,,0,4,-0.5408918327625606,-0.21542392114449005,
Erik Hicks,44,,1,,,0,3,-0.548863268156437,0.04093991647641409,
Erik Johnston,30,,1,8.0,,0,4,-0.539531079700335,-0.6560779612205752,
Erik Luna,53,,1,,,0,3,-0.5560375600109259,0.2716673703352278,
Erik Marquez,63,,1,2.0,,0,3,-0.5691268944717123,-0.41867260612149354,
Erik Vaughan,31,,1,,,0,4,-0.5385004021443976,-0.29233307243076134,
Erik Walker,30,,1,7.0,,0,4,-0.5400794260289324,-0.7575105127288922,
Erika Banks,22,5.0,1,22.0,8.0,0,2,-0.6680738751188738,-1.0020198866656902,Frequent Support Users
Erika Barber,49,,1,,,0,3,-0.5528489858533753,0.16912183528686617,
Erika Brewer,46,,1,7.0,,1,1,0.9786058759215842,-0.6418477717255463,High Value Satisfied Customers
Erika Ford,36,,1,3.0,,0,4,-0.5470556725796484,-1.0094224161896177,
Erika Morales,23,1.0,1,11.0,5.0,0,4,-0.7654921226992177,-0.14877934895876055,
Erika Richardson,51,,1,14.0,,0,3,-0.5529810160558906,0.49088140683322573,
Erika Rivera,68,,1,,,0,3,-0.5679947131017405,0.6562131267665842,
Erika Santos,65,1.0,1,17.0,10.0,1,1,0.9445257913623573,1.8967196413495795,High Value Satisfied Customers
Erika Silva,34,,1,,,0,4,-0.5408918327625606,-0.21542392114449005,
Erika Villanueva,69,,1,17.0,,0,3,-0.5656845607790757,1.2566339690758044,
Erika Wilkins,58,5.0,1,1.0,0.0,0,2,-1.04231554129906,-3.256705592810278,Frequent Support Users
Erin Bauer MD,35,,1,15.0,,0,4,-0.5396783730970908,0.18213181814809598,
Erin Brown,21,,1,,,0,4,-0.5305289667505212,-0.5486969100516654,
Erin Chambers,42,,1,11.0,,0,4,-0.5474517631871942,-0.04414370155053916,
Erin Chang,38,,1,,,0,4,-0.5440804069201112,-0.11287838609612842,
Erin Coleman,69,,1,13.0,,0,3,-0.5678779460934658,0.8509037630425362,
Erin Espinoza,26,4.0,1,11.0,1.0,0,2,-0.9609019152020328,-2.3477605661256598,Frequent Support Users
Erin Fletcher,51,4.0,1,19.0,16.0,0,6,-0.350138934567288,1.0686943273153588,
Erin Grimes,61,,1,20.0,,0,0,-0.557662373478182,1.355840553504032,Low Engagement Customers
Erin Holmes,45,,1,0.0,,0,3,-0.5558750034199297,-1.082992616855755,
Erin Horton,27,,1,20.0,,0,0,-0.5305594931390021,0.48420350559295794,Low Engagement Customers
Erin Hunt,45,,1,,,0,3,-0.5496604116958247,0.0665763002385045,
Erin Jimenez,35,,1,6.0,,0,4,-0.5446134900544682,-0.7307611454267572,
Erin Jones,30,,2,15.0,,0,5,2.0940309861952167,0.0726449678184417,
Erin Lawrence,25,,1,,,1,1,0.9977220576726473,-0.7406707741934045,High Value Satisfied Customers
Erin Martinez,59,,1,,,0,3,-0.5608204212472517,0.42548567290777034,
Erin Miller,32,,1,19.0,,0,0,-0.5350935571645378,0.510952872895093,Low Engagement Customers
Erin Monroe,29,,1,21.0,,0,0,-0.5316054338891799,0.6369088246254557,Low Engagement Customers
Erin Munoz,23,,1,,,0,4,-0.5321232538292965,-0.4974241425274846,
Erin Reed,69,,1,8.0,,1,1,0.9608199208442658,0.049221606310850374,High Value Satisfied Customers
Erin Stewart,38,1.0,1,9.0,15.0,0,7,-0.36100943612012343,1.3422912293374432,
Erin Swanson,68,,1,,,0,3,-0.5679947131017405,0.6562131267665842,
Erin Thompson,63,1.0,1,6.0,20.0,0,7,-0.17381479742705505,2.3335981313054934,
Erin Tran,60,,1,17.0,,1,1,0.9729293296561321,0.7313871160268898,High Value Satisfied Customers
Ernest Mclean,53,2.0,1,18.0,11.0,1,1,0.98772559707838,1.2374097807007667,High Value Satisfied Customers
Ernest Torres,60,,1,,,0,3,-0.5616175647866394,0.45112205666986077,
Ethan Ball,20,3.0,1,5.0,11.0,0,4,-0.533204683292251,-1.2167394533664304,
Ethan Hood,21,2.0,1,9.0,16.0,0,4,-0.3143722590357599,0.4533668983698616,
Ethan Mcpherson,42,,1,,,0,4,-0.5472689810776618,-0.010332851047766755,
Ethan Orr,38,,1,0.0,,0,4,-0.5502949986442162,-1.262447303190388,
Ethan Spencer,57,,1,,,1,1,0.9722134644122427,0.0796935061934888,High Value Satisfied Customers
Eugene Brown,68,,1,,,0,3,-0.5679947131017405,0.6562131267665842,
Eugene Frazier,34,1.0,1,14.0,16.0,1,7,1.218114121493844,1.5833280451287142,
Eugene Sanders,37,,1,,,0,4,-0.5432832633807235,-0.13851476985821884,
Eugene Stevens,24,,1,0.0,,0,4,-0.5391349890927891,-1.6213566758596538,
Evan Brown,56,,1,13.0,,1,1,0.9739245184992927,0.22311137494526007,High Value Satisfied Customers
Evan Hill,70,,1,,,0,3,-0.5695890001805158,0.7074858942907649,
Evan Jones,28,2.0,1,22.0,22.0,0,7,-0.06230184214344345,2.7370787092415054,
Evan Mcdaniel,41,2.0,1,12.0,22.0,0,7,-0.07814817144145782,2.0560261830655104,
Evan Mckenzie,70,,1,2.0,,0,3,-0.5747068992474258,-0.23921791978686074,
Evan Medina,20,,1,22.0,,1,1,1.0075568028746253,0.21309452308485832,High Value Satisfied Customers
Evan Patel,32,,1,,,0,4,-0.5392975456837853,-0.2666966886686709,
Evan Patterson,39,,1,1.0,,1,1,0.9808958027257128,-1.4298977671100812,High Value Satisfied Customers
Evelyn Collins,32,,1,7.0,,0,4,-0.5416737131077077,-0.7062377452047114,
Evelyn Garcia,43,,1,16.0,,0,0,-0.5455071750835944,0.4886554397531364,Low Engagement Customers
Evelyn Macias,30,2.0,1,21.0,14.0,1,1,1.1329658971682195,1.3448875861620826,High Value Satisfied Customers
Evelyn Smith,31,,1,1.0,,0,4,-0.5441666475399052,-1.340469438016704,
Evelyn Ward,20,,1,,,0,4,-0.5297318232111335,-0.5743332938137559,
Evelyn Watkins,64,3.0,1,19.0,10.0,0,0,-0.602355803657653,1.200378160793838,Low Engagement Customers
Faith Martin,59,5.0,1,22.0,0.0,0,2,-1.0315974119379,-1.1009856273735301,Frequent Support Users
Felicia Clark,37,,1,,,0,4,-0.5432832633807235,-0.13851476985821884,
Felicia Harvey,68,,1,,,0,3,-0.5679947131017405,0.6562131267665842,
Felicia Jordan,46,1.0,1,7.0,2.0,0,3,-0.9112807691176548,-0.3576897059283938,
Felicia Lindsey,33,,1,,,0,4,-0.5400946892231729,-0.24106030490658048,
Felicia Stanton,18,4.0,1,0.0,18.0,0,6,-0.2507444715454273,-1.4426468305153521,
Felicia Waters,67,3.0,1,15.0,12.0,0,3,-0.523433313124785,1.1334350910231377,
Fernando Diaz,27,1.0,1,4.0,4.0,0,4,-0.8142727743896612,-0.8872006669567662,
Fernando Gentry,23,,1,7.0,,1,1,0.9969401773275001,-1.2314845982536258,High Value Satisfied Customers
Fernando Graham,36,,1,,,0,4,-0.5424861198413359,-0.16415115362030927,
Fernando Hutchinson,20,,1,4.0,,0,4,-0.5337530296208485,-1.3181720048747474,
Fernando Johnson,39,4.0,2,6.0,20.0,0,5,2.4490365401598075,-0.015114409004457112,
Frances Riley,20,,1,16.0,,0,4,-0.5271728736776785,-0.10098138677494319,
Francis Mitchell,33,2.0,1,6.0,10.0,0,4,-0.5761049398904665,-0.32892810593889343,
Francis Owens,40,,1,,,0,4,-0.5456746939988865,-0.06160561857194756,
Francisco Campbell,39,,1,15.0,,1,1,0.9885726513260777,-0.009842045993643049,High Value Satisfied Customers
Francisco Harris,26,4.0,1,17.0,7.0,0,2,-0.7070899178341854,-0.953531302146869,Frequent Support Users
Frank Black,27,4.0,1,0.0,7.0,0,2,-0.7172089489597305,-2.652248294026168,Frequent Support Users
Frank Brandt,48,,1,,,1,1,0.9793877562667315,-0.151033947665325,High Value Satisfied Customers
Frank Garcia,49,3.0,1,6.0,5.0,0,3,-0.8062954190021577,-1.1574857276863804,
Frank Gay,57,3.0,1,0.0,16.0,0,3,-0.3566724597290295,-0.12066104926992931,
Frank Jones,39,3.0,1,20.0,9.0,0,0,-0.6236325220770746,0.5299621257617466,Low Engagement Customers
Frank Mcdonald,70,,1,,,0,3,-0.5695890001805158,0.7074858942907649,
Frank Ruiz,43,,1,0.0,,0,3,-0.5542807163411544,-1.134265384379936,
Frank Russell,32,,1,,,0,4,-0.5392975456837853,-0.2666966886686709,
Frank Scott,55,,1,,,0,3,-0.5576318470897011,0.32294013785940867,
Frank Serrano,54,,1,,,0,3,-0.5568347035503135,0.29730375409731824,
Frank Shannon,55,,1,15.0,,1,1,0.9758183546958754,0.4003400941998036,High Value Satisfied Customers
Frank Sherman,64,4.0,1,23.0,12.0,1,1,1.00611657038494,0.9894221531131091,High Value Satisfied Customers
Frederick Cruz,38,,1,,,0,4,-0.5440804069201112,-0.11287838609612842,
Gabriel Bell,57,,1,18.0,,0,0,-0.5555704919778265,1.0504299154390364,Low Engagement Customers
Gabriel Carlson,24,5.0,1,14.0,11.0,0,2,-0.5487939731282978,-1.369390553743601,Frequent Support Users
Gabriel Combs,34,,1,17.0,,1,1,0.993655061680211,0.064841138212539,High Value Satisfied Customers
Gabriel Conner,68,2.0,1,21.0,8.0,1,1,0.8521525232752266,1.5334362141926294,High Value Satisfied Customers
Gabriel Gallegos,62,,1,,,0,3,-0.5632118518654147,0.5023948241940417,
Gabriel Johnson,69,5.0,1,22.0,8.0,0,2,-0.7055396214700932,0.2028901501525594,Frequent Support Users
Gabriel Jones,64,,1,,,1,1,0.9666334596365291,0.25914819252812166,High Value Satisfied Customers
Gabriel King,61,,1,8.0,,1,1,0.967197069159367,-0.155869463785873,High Value Satisfied Customers
Gabriel Marsh,48,,1,0.0,,0,3,-0.5582664340380926,-1.0060834655694837,
Gabriel Mills,31,,1,,,1,1,0.9929391964363214,-0.5868524716208621,High Value Satisfied Customers
Gabriela Murphy,36,,1,12.0,,0,4,-0.5421205556222709,-0.09652945261476463,
Gabriela Warren,32,,1,17.0,,0,0,-0.5361902498217328,0.3080877698784589,Low Engagement Customers
Gabriella Cross,22,,1,,,0,4,-0.5313261102899088,-0.523060526289575,
Gabriella Howard,19,,1,,,0,4,-0.5289346796717459,-0.5999696775758463,
Gabriella Perez,61,,1,13.0,,0,3,-0.5615007977783646,0.6458126929458129,
Gabrielle Camacho,58,,1,18.0,,0,0,-0.5563676355172141,1.0760662992011267,Low Engagement Customers
Gabrielle Griffin,58,1.0,1,4.0,1.0,1,1,0.5671944147719097,-0.7798091469865085,High Value Satisfied Customers
Gabrielle Knight,60,4.0,1,5.0,22.0,0,6,-0.11446815562587927,0.6650000149866234,
Gail Beck,22,3.0,1,9.0,12.0,0,4,-0.490851931823926,-0.6287974873208333,
Gail Day,64,5.0,1,15.0,17.0,0,6,-0.32960944897894384,0.5431313031772216,
Gail Leach,41,5.0,1,0.0,18.0,1,6,1.253692909311439,-1.7315742026775658,
Garrett Mcneil,27,4.0,1,14.0,19.0,0,6,-0.20848826156684075,0.33907533694804814,
Garrett Shah,20,,1,,,1,1,1.0017077753695856,-0.8688526930038566,High Value Satisfied Customers
Gary Archer,60,,1,,,1,1,0.9698220337940797,0.15660265747976004,High Value Satisfied Customers
Gary Boyd,48,,1,12.0,,0,3,-0.5516862780949227,0.21110715253032036,
Gary Cantu,34,5.0,1,15.0,11.0,0,2,-0.5562170621935768,-1.0115941646143798,Frequent Support Users
Gary Decker,51,2.0,1,16.0,16.0,0,7,-0.3344481409172068,1.9324862717907934,
Gary Eaton,53,,1,9.0,,0,3,-0.5573170347776534,0.03499141681582135,
Gary Fox,20,5.0,1,9.0,15.0,0,6,-0.38133251768289317,-1.4553428763809553,
Gary Galloway,56,3.0,1,19.0,17.0,0,0,-0.303703082713579,1.911860038114152,Low Engagement Customers
Gary Gonzales,66,,1,,,0,3,-0.5664004260229653,0.6049403592424033,
Gary Johnson,67,,1,22.0,,0,0,-0.561348542057313,1.7125239590932086,Low Engagement Customers
Gary Miller,41,,1,2.0,,0,4,-0.5515897366051841,-0.9826730488874826,
Gary Mora,49,4.0,1,4.0,3.0,0,2,-0.8995673344427104,-2.2062736151795033,Frequent Support Users
Gary Morgan,58,4.0,1,3.0,2.0,0,2,-0.9490436258585071,-2.207917705317155,Frequent Support Users
Gary Perez,42,,1,11.0,,1,1,0.9839878353935249,-0.33866310074063993,High Value Satisfied Customers
Gary Reyes,40,,1,,,0,4,-0.5456746939988865,-0.06160561857194756,
Gary Smith,19,2.0,2,12.0,13.0,0,5,2.1933297489260464,0.3322698763869851,
Gary Wilkerson,43,,1,17.0,,1,1,0.9864807698257222,0.2955685920713526,High Value Satisfied Customers
Gary Wilson,41,4.0,1,16.0,3.0,0,2,-0.8866100301844392,-1.1941740671764225,Frequent Support Users
Gary Zimmerman,42,2.0,2,14.0,3.0,0,5,1.7585556078502205,-0.18461811894978303,
Gene Norman,55,,1,,,0,3,-0.5576318470897011,0.32294013785940867,
Geoffrey Espinoza,54,,1,,,0,3,-0.5568347035503135,0.29730375409731824,
Geoffrey Little,50,3.0,1,1.0,10.0,0,3,-0.6010660280209809,-0.9843171390251342,
George Baker,24,1.0,1,22.0,7.0,1,1,0.854689448422107,0.9599736871810125,High Value Satisfied Customers
George Bowman,59,5.0,1,19.0,4.0,1,2,0.6652117605878682,-1.1760467111359894,Frequent Support Users
George Campbell,52,2.0,1,9.0,22.0,0,7,-0.08856178936051441,2.033728749923554,
George Duran,51,,1,,,0,3,-0.5544432729321506,0.220394602811047,
George Edwards,56,,1,12.0,,1,1,0.9733761721706953,0.12167882343694303,High Value Satisfied Customers
George Estes,38,,1,12.0,,1,1,0.9877247558796729,-0.33977608428068456,High Value Satisfied Customers
George Frey,70,,1,23.0,,0,0,-0.5631916263468784,1.8908656618877968,Low Engagement Customers
George Hale,66,3.0,1,15.0,5.0,0,3,-0.8149117422143702,0.19122575984401002,
George Haynes,44,,1,20.0,,0,0,-0.5441109333085921,0.920022029548495,Low Engagement Customers
George Johnson,61,4.0,2,20.5,20.0,0,5,2.439450404057943,2.019658030632129,
George Lloyd,64,,1,23.0,,0,0,-0.5584087651105525,1.7370473593152544,Low Engagement Customers
George Martin,30,,1,4.0,,0,4,-0.541724465014725,-1.061808167253843,
George Mathews,48,,1,,,0,3,-0.5520518423139876,0.14348545152477576,
George Mitchell,24,,1,22.0,,0,0,-0.5270713698636441,0.6101594573233207,Low Engagement Customers
George Neal,70,1.0,1,12.0,10.0,0,3,-0.5936412565582876,1.8122582018085467,
George Pennington,25,,1,,,1,1,0.9977220576726473,-0.7406707741934045,High Value Satisfied Customers
George Porter,55,,1,,,1,1,0.973807751491018,0.028420738669307916,High Value Satisfied Customers
George Reed,47,,1,6.0,,0,3,-0.55417921252712,-0.4231245402816722,
George Roberts,48,,1,8.0,,0,3,-0.5538796634093126,-0.19462305350294767,
George Romero,38,,1,17.0,,0,0,-0.5409731110580587,0.46190607245100135,Low Engagement Customers
George Scott,26,3.0,1,15.0,11.0,0,4,-0.532504081242602,-0.04859563571071772,
George Smith,65,,1,,,0,3,-0.5656032824835776,0.5793039754803129,
George Thomas,62,,1,2.0,,1,1,0.9631098476483944,-0.7388283890736848,High Value Satisfied Customers
George Thompson,61,,1,,,0,3,-0.562414708326027,0.4767584404319512,
George White,60,3.0,1,5.0,9.0,1,1,0.8828418672475413,-0.7476814870492108,High Value Satisfied Customers
George Wilkins,29,,1,17.0,,0,0,-0.5337988192035699,0.2311786185921876,Low Engagement Customers
Gerald Ayala,59,1.0,1,2.0,17.0,0,7,-0.29808056828202567,1.4325054127594192,
Gerald Butler,40,3.0,1,3.0,12.0,0,4,-0.5084905935044886,-0.775937888653108,
Gerald Harrison,21,5.0,1,0.0,1.0,0,2,-0.971615923437604,-4.1757453510277935,Frequent Support Users
Gerald Maldonado,21,,1,,,1,1,1.0009106318301977,-0.8432163092417662,High Value Satisfied Customers
Gerald Moore,34,4.0,1,9.0,1.0,1,2,0.5630638424063901,-2.640053998235672,Frequent Support Users
Gerald Nash,42,,1,22.0,,1,1,0.9900196450080972,0.7770949658508474,High Value Satisfied Customers
Gerald Spencer,20,,1,,,1,1,1.0017077753695856,-0.8688526930038566,High Value Satisfied Customers
Gilbert Allen,33,,1,,,0,4,-0.5400946892231729,-0.24106030490658048,
Gilbert Martinez,64,,1,,,1,1,0.9666334596365291,0.25914819252812166,High Value Satisfied Customers
Gina Cherry,64,1.0,1,15.0,16.0,0,7,-0.33669143693990683,2.748371508689844,
Gina Conley,20,4.0,1,14.0,15.0,0,4,-0.36992286972196886,-0.3641353193391774,
Gina Downs,48,,1,23.0,,0,0,-0.5456544684803502,1.3268652191218078,Low Engagement Customers
Gina Hooper,27,,1,1.0,,0,4,-0.5409780733823546,-1.4430149730650654,
Gina Hull,25,,1,17.0,,0,4,-0.5306102450460193,0.12863308354382597,
Gina Hunter,35,,1,22.0,,0,0,-0.5358399487969082,0.8921596787063153,Low Engagement Customers
Gina Kane,51,,1,,,1,1,0.9769963256485685,-0.07412479637905373,High Value Satisfied Customers
Gina Wolfe,65,,1,,,0,3,-0.5656032824835776,0.5793039754803129,
Gina Wood,47,,1,11.0,,0,3,-0.5514374808841325,0.08403821725991292,
Gina Zimmerman,28,2.0,1,6.0,23.0,0,7,-0.029321730168293064,1.2450968775965807,
Glen Cox,46,4.0,1,13.0,15.0,0,6,-0.39119694807464517,0.2009781069668565,
Glen Luna,65,,1,21.0,,1,1,0.9711369972735839,1.26529924087061,High Value Satisfied Customers
Glenda Bennett,30,,1,,,0,4,-0.53770325860501,-0.3179694561928517,
Glenda Davis,62,,1,2.0,,0,3,-0.5683297509323246,-0.4443089898835841,
Glenda Lopez,18,5.0,1,0.0,4.0,0,2,-0.8439635331213098,-3.859837524849619,Frequent Support Users
Glenn Brown,47,,1,,,0,3,-0.5512546987746,0.11784906776268533,
Glenn Flores,37,,1,0.0,,0,4,-0.5494978551048285,-1.2880836869524783,
Glenn Mckee Jr.,37,,1,21.0,,1,1,0.993457016376438,0.5474804955320783,High Value Satisfied Customers
Glenn Shaffer,34,,1,,,0,4,-0.5408918327625606,-0.21542392114449005,
Gloria Carney,31,4.0,1,16.0,13.0,0,4,-0.46110206246345875,-0.14114797991584505,
Gloria Gonzalez,33,,1,6.0,,1,1,0.9884203956050261,-1.0765533121410389,High Value Satisfied Customers
Gloria Peck,61,,1,19.0,,0,0,-0.5582107198067796,1.2544080019957151,Low Engagement Customers
Gloria Thompson,34,,1,6.0,,1,1,0.9876232520656385,-1.0509169283789483,High Value Satisfied Customers
Gordon Banks,57,,1,,,0,3,-0.5592261341684764,0.37421290538358953,
Grace Carroll,32,,1,,,0,4,-0.5392975456837853,-0.2666966886686709,
Grace Lambert,69,5.0,1,14.0,23.0,0,6,-0.08362159360821715,1.3555146254082457,
Grace Ortiz,55,3.0,1,20.0,3.0,0,0,-0.8869087381035394,0.15451031102630425,Low Engagement Customers
Grace Patrick,69,,1,,,1,1,0.9626477419395909,0.3873301113385738,High Value Satisfied Customers
Grace Scott,55,,1,,,0,3,-0.5576318470897011,0.32294013785940867,
Grace Taylor,22,2.0,1,2.0,3.0,1,1,0.6696342796801539,-2.227750879962294,High Value Satisfied Customers
Grace Wyatt,66,5.0,1,17.0,19.0,0,6,-0.24659973693510334,1.0591471586943328,
Grant Mills,25,,1,2.0,,0,4,-0.5388354399749817,-1.3928551890809293,
Grant Shaw MD,35,3.0,1,16.0,6.0,1,1,0.7835413056486737,-0.6656499919744285,High Value Satisfied Customers
Grant Thomas,29,,1,23.0,,0,0,-0.5305087412319849,0.8397739276420898,Low Engagement Customers
Grant Washington,56,,1,,,0,3,-0.5584289906290888,0.3485765216214991,
Gregory Barnett,56,2.0,1,12.0,7.0,0,3,-0.7164101230229286,0.47648705217464365,
Gregory Bautista,35,,1,19.0,,0,0,-0.5374849877827007,0.5878620241813641,Low Engagement Customers
Gregory Berger,64,,1,,,0,3,-0.56480613894419,0.5536675917182224,
Gregory Cross,56,,1,,,1,1,0.9730106079516303,0.054057122431398374,High Value Satisfied Customers
Gregory Davis,33,4.0,1,14.0,15.0,0,6,-0.38028573573400826,-0.030862330432001903,
Gregory Garcia,62,,1,10.0,,0,3,-0.5639429803035447,0.36715142218295216,
Gregory George,20,,1,,,0,4,-0.5297318232111335,-0.5743332938137559,
Gregory Hall,47,,1,7.0,,1,1,0.9778087323821966,-0.6162113879634559,High Value Satisfied Customers
Gregory Hamilton,35,1.0,1,7.0,7.0,0,4,-0.6937439240208386,0.015005035129352575,
Gregory Holloway,57,,1,22.0,,1,1,0.9780624919172826,1.1616407222822038,High Value Satisfied Customers
Gregory James,37,,1,20.0,,0,0,-0.5385309285328785,0.7405673432138621,Low Engagement Customers
Gregory Jones,29,3.0,1,12.0,23.0,0,7,-0.03549671205403257,1.2952837709083804,
Gregory Lee,52,,1,14.0,,0,3,-0.5537781595952782,0.5165177905953162,
Gregory Leon,61,,1,4.0,,0,3,-0.5664359147357421,-0.26708027062904033,
Gregory Love,28,,1,4.0,,0,4,-0.5401301779359498,-1.113080934778024,
Gregory Maynard,25,,1,,,0,4,-0.5337175409080718,-0.4461513750033039,
Gregory Ochoa,58,,1,,,1,1,0.971416320872855,0.10532988995557918,High Value Satisfied Customers
Gregory Palmer,53,,1,13.0,,0,3,-0.5551236494632634,0.4407216228490895,
Gregory Robinson,65,3.0,1,19.0,17.0,1,1,1.2205622240126512,1.8480680927828648,High Value Satisfied Customers
Gregory Rodriguez,52,,1,16.0,,0,0,-0.5526814669380833,0.7193828936119502,Low Engagement Customers
Gregory Rowe,34,,1,,,0,4,-0.5408918327625606,-0.21542392114449005,
Gregory Vargas,23,,1,7.0,,1,1,0.9969401773275001,-1.2314845982536258,High Value Satisfied Customers
Gregory Weber,50,2.0,1,17.0,0.0,0,0,-1.0011611027725882,-0.08674144027335075,Low Engagement Customers
Gregory Zhang,46,,1,15.0,,0,0,-0.5484469520303549,0.4641320395310906,Low Engagement Customers
Gwendolyn Fisher,28,,1,,,1,1,0.9953306270544844,-0.6637616229071333,High Value Satisfied Customers
Gwendolyn Hubbard,52,,1,,,1,1,0.9761991821091809,-0.04848841261696332,High Value Satisfied Customers
Hailey Moore,49,3.0,1,19.0,23.0,1,7,1.483838440039116,2.223519907518307,
Haley Collins,47,3.0,1,17.0,8.0,0,0,-0.6734083626106787,0.29981654884537057,Low Engagement Customers
Haley Franklin,23,,1,,,0,4,-0.5321232538292965,-0.4974241425274846,
Haley Hanson,56,3.0,1,3.0,22.0,0,7,-0.10370835780758687,0.9436341764218205,
Haley Martin,57,,1,,,0,3,-0.5592261341684764,0.37421290538358953,
Haley Preston,42,,1,,,0,4,-0.5472689810776618,-0.010332851047766755,
Haley Richard,33,2.0,1,0.0,2.0,0,4,-0.9134242437237348,-1.985035354893981,
Hannah Chen,43,,1,,,0,4,-0.5480661246170494,0.015303532714323676,
Hannah Davis,64,2.0,1,11.0,22.0,0,7,-0.09703081917597119,2.544230458085273,
Hannah Fields,61,2.0,1,19.0,12.0,0,0,-0.5077891502561324,1.9693917939840557,Low Engagement Customers
Hannah Fuentes,35,3.0,1,10.0,15.0,0,4,-0.37540549180923666,0.1987250305591036,
Hannah Gibbs,54,5.0,1,15.0,7.0,1,2,0.7922650526685476,-1.317141858515265,Frequent Support Users
Hannah Greer,67,,1,,,0,3,-0.5671975695623529,0.6305767430044937,
Hannah Guerrero,34,3.0,1,9.0,20.0,0,7,-0.16638842843489451,0.7263510577294371,
Hannah Jones,63,2.0,1,12.0,21.0,0,7,-0.1374389825406965,2.489087633343351,
Hannah Joseph,41,,1,,,1,1,0.984967761042445,-0.3304886339999579,High Value Satisfied Customers
Hannah Mccullough,50,,1,23.0,,0,0,-0.5472487555591254,1.3781379866459886,Low Engagement Customers
Hannah Norton,46,,1,15.0,,0,0,-0.5484469520303549,0.4641320395310906,Low Engagement Customers
Hannah Phillips MD,60,,1,,,0,3,-0.5616175647866394,0.45112205666986077,
Hannah Quinn,48,,1,,,0,3,-0.5520518423139876,0.14348545152477576,
Hannah Sanchez,26,,1,,,1,1,0.9969249141332597,-0.7150343904313141,High Value Satisfied Customers
Hannah Tapia,33,4.0,1,20.0,23.0,0,6,-0.04296643190074004,1.6252449185230857,
Hannah Valentine,51,1.0,1,1.0,10.0,0,3,-0.5845273389244948,0.20940884373734156,
Hannah Walls,29,1.0,1,10.0,17.0,0,7,-0.2697794914716163,1.474874311963243,
Hannah Wood,25,,1,18.0,,0,0,-0.5300618987174218,0.23006563505214297,Low Engagement Customers
Harold Booker,29,,1,1.0,,1,1,0.9888672381195892,-1.6862616047309855,High Value Satisfied Customers
Harold Hansen,31,,1,,,1,1,0.9929391964363214,-0.5868524716208621,High Value Satisfied Customers
Hayden Foster,57,1.0,1,23.0,19.0,0,7,-0.2014637018372821,3.7731942118861928,
Hayden Hernandez,61,,1,0.0,,0,3,-0.568629300050132,-0.6728104766623084,
Heather Anderson,60,,1,22.0,,1,1,0.9756710612991196,1.238549873568475,High Value Satisfied Customers
Heather Brown,34,,1,7.0,,1,1,0.988171598394236,-0.9494843768706313,High Value Satisfied Customers
Heather Castillo,51,,1,,,0,3,-0.5544432729321506,0.220394602811047,
Heather Castro,54,2.0,1,22.0,15.0,0,0,-0.3753031467964951,2.4870517396388188,Low Engagement Customers
Heather Cox,36,1.0,1,16.0,7.0,0,0,-0.6896059506028488,0.9535343824662964,Low Engagement Customers
Heather Curtis,37,2.0,1,10.0,2.0,0,4,-0.9111293545953103,-0.8681643047624491,
Heather Davis,20,,1,12.0,,0,4,-0.5293662589920686,-0.5067115928082113,
Heather Dawson,38,3.0,1,14.0,4.0,0,0,-0.834893722672824,-0.7589645294909869,Low Engagement Customers
Heather Edwards,64,1.0,1,8.0,10.0,0,3,-0.5910517806363517,1.252709693202736,
Heather Estrada,20,5.0,1,14.0,19.0,1,6,1.319863425471655,-0.718943548076878,
Heather Fleming,31,,1,,,0,4,-0.5385004021443976,-0.29233307243076134,
Heather Garcia,30,,1,,,0,4,-0.53770325860501,-0.3179694561928517,
Heather Gardner,41,,1,,,0,4,-0.5464718375382741,-0.03596923480985717,
Heather Goodman,20,2.0,1,0.0,10.0,0,4,-0.5690321518500121,-1.2707964038959711,
Heather Henderson,58,,1,0.0,,0,3,-0.5662378694319691,-0.7497196279485797,
Heather Hood,35,4.0,1,12.0,21.0,1,6,1.3989848025070029,0.30865988981433307,
Heather Hurst,52,,1,11.0,,1,1,0.9760163999996483,-0.08229926311973573,High Value Satisfied Customers
Heather Jackson,57,2.5,3,16.0,10.5,1,5,6.217676828679049,0.8169884536999195,
Heather Jacobs,26,,1,5.0,,1,1,0.9934520540521422,-1.3574405499839886,High Value Satisfied Customers
Heather Lee,26,2.0,1,6.0,20.0,1,7,1.37845119579307,0.5064877334178546,
Heather Leonard,62,,1,,,0,3,-0.5632118518654147,0.5023948241940417,
Heather Lopez,30,,1,18.0,,0,0,-0.53404761641436,0.3582475538625951,Low Engagement Customers
Heather Love,19,3.0,1,2.0,6.0,1,1,0.7886187536785112,-2.4958878532843136,High Value Satisfied Customers
Heather Lyons,63,,1,21.0,,0,0,-0.5587083142283599,1.50854587253653,Low Engagement Customers
Heather Martin,54,4.0,1,18.0,17.0,1,6,1.220114540299381,0.8805905203913607,
Heather Mccarty,22,,1,21.0,,0,0,-0.5260254291134664,0.4574541382908228,Low Engagement Customers
Heather Mccullough,23,2.0,1,20.0,7.0,0,0,-0.6857176155943563,0.4419468000921963,Low Engagement Customers
Heather Mendoza,21,,1,,,0,4,-0.5305289667505212,-0.5486969100516654,
Heather Middleton,18,,1,,,0,4,-0.5281375361323583,-0.6256060613379367,
Heather Miles,18,,1,,,1,1,1.0033020624483606,-0.9201254605280375,High Value Satisfied Customers
Heather Moreno,55,,1,,,0,3,-0.5576318470897011,0.32294013785940867,
Heather Morrison,58,,1,,,0,3,-0.5600232777078641,0.3998492891456799,
Heather Murray,21,,1,6.0,,0,4,-0.5334534805030412,-1.0896705180960229,
Heather Noble,58,,1,18.0,,0,0,-0.5563676355172141,1.0760662992011267,Low Engagement Customers
Heather Nunez,45,,1,,,0,3,-0.5496604116958247,0.0665763002385045,
Heather Pearson,42,,1,5.0,,0,4,-0.5507418411587792,-0.6527390106004413,
Heather Perry,60,3.0,1,21.0,15.0,0,0,-0.38930227067935536,1.9553926912028514,Low Engagement Customers
Heather Peterson,21,1.0,1,22.0,20.0,1,7,1.3998783710655052,2.5852714382406674,
Heather Pham,51,3.0,1,2.0,18.0,0,3,-0.2672855993700878,0.19026373615045866,
Heather Potter,47,5.0,1,7.0,21.0,0,6,-0.1534301665072922,-0.180391662892259,
Heather Raymond,18,1.0,1,19.0,10.0,0,0,-0.5483513682099475,1.1891941067380642,Low Engagement Customers
Heather Robinson,31,2.0,1,21.0,5.0,1,1,0.7563858745344383,0.19207303753083949,High Value Satisfied Customers
Heather Russell,69,,1,4.0,,0,3,-0.5728130630508432,-0.061989200532316976,
Heather Silva,35,,1,20.0,,1,1,0.9945029571266158,0.39477517649958044,High Value Satisfied Customers
Heather Spence,28,1.0,1,1.0,3.0,1,1,0.6729709884331673,-1.591320329397876,High Value Satisfied Customers
Heather Taylor,51,2.5,2,18.0,12.5,0,5,2.145900448861903,1.4037375698296102,
Heather Walters,64,4.0,1,7.0,2.0,1,2,0.5798064968002761,-1.9428885959014452,Frequent Support Users
Heather Weiss,65,,1,,,1,1,0.9658363160971415,0.2847845762902121,High Value Satisfied Customers
Heather White,60,,1,5.0,,0,3,-0.5650904248677568,-0.19128410288281378,
Heather Williams,59,3.0,1,8.0,18.0,0,3,-0.27037266971360396,1.0039501152970842,
Heather Wilson,26,,1,,,0,4,-0.5345146844474594,-0.42051499124121344,
Heather Woodard,67,,1,,,0,3,-0.5671975695623529,0.6305767430044937,
Heather Wright,18,1.0,1,20.0,11.0,0,0,-0.5060493686486396,1.4215656507345296,Low Engagement Customers
Hector Garcia,56,2.0,1,13.0,12.0,0,3,-0.5070935105307791,1.2326145661237016,
Hector Glenn,28,,1,,,0,4,-0.5361089715262347,-0.3692422237170325,
Hector Perez,43,3.0,1,17.0,17.0,1,1,1.2370026892219845,1.0812025470002418,High Value Satisfied Customers
Hector Peters,34,,1,17.0,,1,1,0.993655061680211,0.064841138212539,High Value Satisfied Customers
Heidi Hudson,31,,1,,,0,4,-0.5385004021443976,-0.29233307243076134,
Heidi Lopez,67,5.0,1,1.0,4.0,1,2,0.6489643783580121,-2.7967415681889727,Frequent Support Users
Heidi Powell,59,,1,,,0,3,-0.5608204212472517,0.42548567290777034,
Heidi Ware,36,2.0,1,12.0,23.0,0,7,-0.03240880051180925,2.0587832567432063,
Heidi Wilkins,46,,1,6.0,,0,3,-0.5533820689877323,-0.4487609240437626,
Helen Garza,67,1.0,1,15.0,0.0,0,0,-1.0071413192814362,0.730256780165745,Low Engagement Customers
Helen Holloway,66,,1,6.0,,0,3,-0.5693249397754853,0.06396675119804571,
Henry Anderson,60,3.0,1,20.0,10.0,0,0,-0.5986188831715048,1.1992651772537934,Low Engagement Customers
Henry Carr,46,,1,,,1,1,0.9809820433455068,-0.20230671518950583,High Value Satisfied Customers
Henry Daniels,37,,1,19.0,,0,0,-0.539079274861476,0.639134791705545,Low Engagement Customers
Henry Newman Jr.,67,4.0,1,18.0,18.0,0,6,-0.27993427106066704,1.639321900976785,
Henry Stevens,59,,1,18.0,,1,1,0.9742748195241173,0.8071832837731165,High Value Satisfied Customers
Herbert Coleman,39,,1,,,1,1,0.9865620481212203,-0.38176140152413873,High Value Satisfied Customers
Holly Allen,69,,1,0.0,,0,3,-0.5750064483652332,-0.46771940656558514,
Holly Dodson,22,,1,,,0,4,-0.5313261102899088,-0.523060526289575,
Holly Donovan,45,,1,19.0,,0,0,-0.5454564231765773,0.8442258618022683,Low Engagement Customers
Holly Fox,36,2.0,1,14.0,6.0,0,0,-0.7411242128106911,0.0356854874613213,Low Engagement Customers
Holly James,61,,1,6.0,,0,3,-0.565339222078547,-0.06421516761240632,
Holly Martin,42,1.0,1,23.0,14.0,0,7,-0.3982748149100195,2.7339534930140954,
Holly Miller,20,,1,,,0,4,-0.5297318232111335,-0.5743332938137559,
Holly Oliver,46,3.0,1,2.0,16.0,1,1,1.1846324104421486,-0.4943155668263906,High Value Satisfied Customers
Holly Perez,48,2.0,1,14.0,9.0,0,0,-0.6254289755852116,0.7361390700708509,Low Engagement Customers
Holly Simon,60,1.0,1,11.0,2.0,0,3,-0.9202473933546919,0.4069498727741402,
Holly Taylor,58,,1,,,0,3,-0.5600232777078641,0.3998492891456799,
Holly Thomas,26,2.0,1,23.0,20.0,1,7,1.3877730833792274,2.2308411090592437,
Holly Thompson,54,,1,,,0,3,-0.5568347035503135,0.29730375409731824,
Howard Davis,28,,1,,,0,4,-0.5361089715262347,-0.3692422237170325,
Hunter Armstrong,59,,1,,,0,3,-0.5608204212472517,0.42548567290777034,
Hunter Bush,39,5.0,1,17.0,15.0,1,6,1.1393481242782406,-0.45131057202480196,
Hunter Esparza,34,,1,,,0,4,-0.5408918327625606,-0.21542392114449005,
Hunter Hayes,32,3.0,1,9.0,23.0,1,7,1.491906416922731,0.7733758684795999,
Hunter Irwin,45,1.0,1,0.0,2.0,0,3,-0.9143220498784497,-1.0933539502487033,
Hunter Johnson,35,,1,,,1,1,0.9897506222787709,-0.4843069365725004,High Value Satisfied Customers
Hunter Meza,29,,1,,,0,4,-0.5369061150656224,-0.34360583995494215,
Ian Blackwell,50,,1,,,0,3,-0.5536461293927629,0.19475821904895657,
Ian Coleman,27,,1,,,0,4,-0.5353118279868471,-0.39487860747912296,
Ian Davis,38,,1,,,1,1,0.9873591916606079,-0.40739778528622916,High Value Satisfied Customers
Ian Fernandez,33,,1,,,0,4,-0.5400946892231729,-0.24106030490658048,
Ian Thornton,37,4.0,1,12.0,10.0,0,4,-0.5933392687123058,-0.7858768608410152,
Ian White,22,,1,15.0,,0,4,-0.5293155070850514,-0.15114117075907937,
Isaac Allen,35,,1,,,0,4,-0.5416889763019482,-0.18978753738239967,
Isaac Collier,22,5.0,1,10.0,1.0,0,2,-0.9669296036910165,-3.1357834521825314,Frequent Support Users
Isaac Gallagher,46,,1,,,0,3,-0.5504575552352123,0.09221268400059492,
Isaac Jones,24,3.0,1,1.0,20.0,1,1,1.368635834910921,-0.6359925911481041,High Value Satisfied Customers
Isaac Wright,46,,1,19.0,,0,0,-0.5462535667159649,0.8698622455643586,Low Engagement Customers
Isabella Lewis,70,4.0,1,19.0,7.0,1,1,0.7903720576706722,0.08281528721164239,High Value Satisfied Customers
Isaiah Bernard,57,,1,,,0,3,-0.5592261341684764,0.37421290538358953,
Isaiah Greene,47,,1,,,1,1,0.9801848998061191,-0.17667033142741542,High Value Satisfied Customers
Isaiah Lawrence,26,4.0,1,19.0,23.0,0,6,-0.03793477345362398,1.3443576806801356,
Isaiah Marquez,68,3.0,1,16.0,4.0,0,3,-0.8577113361972584,0.21299208638835973,
Isaiah Mcpherson,26,,1,10.0,,0,4,-0.5352458128855894,-0.5557583932523028,
Isaiah Miller,67,,1,,,1,1,0.9642420290183662,0.33605734381439295,High Value Satisfied Customers
Jack Fox,64,,1,5.0,,0,3,-0.5682789990253074,-0.08873856783445218,
Jack House,20,,1,,,1,1,1.0017077753695856,-0.8688526930038566,High Value Satisfied Customers
Jack Huang,28,,1,16.0,,1,1,0.9978895765879393,-0.19040971586832053,High Value Satisfied Customers
Jack Jennings,47,,1,,,1,1,0.9801848998061191,-0.17667033142741542,High Value Satisfied Customers
Jack Jones,47,,1,15.0,,0,0,-0.5492440955697425,0.48976842329318104,Low Engagement Customers
Jack Lee,21,4.0,1,9.0,9.0,0,4,-0.6239836643006064,-1.6312956480475609,
Jack Lewis,61,3.0,1,1.0,18.0,0,3,-0.27580538109256175,0.34519502226304577,
Jack Mccall,48,4.0,1,2.0,13.0,0,3,-0.4823303512334137,-1.1253851770767462,
Jack Skinner,35,,1,,,0,4,-0.5416889763019482,-0.18978753738239967,
Jack Smith,21,3.0,1,2.0,0.0,0,2,-0.9949370513772456,-2.935729641498921,Frequent Support Users
Jack Thomas,20,,1,,,0,4,-0.5297318232111335,-0.5743332938137559,
Jack Velazquez,31,,1,,,0,4,-0.5385004021443976,-0.29233307243076134,
Jack Walton,48,,1,,,0,3,-0.5520518423139876,0.14348545152477576,
Jack Zamora,51,2.0,1,23.0,14.0,0,0,-0.4141170230824451,2.3806361473727162,Low Engagement Customers
Jackie Hunter,27,,1,,,0,4,-0.5353118279868471,-0.39487860747912296,
Jackie Knight,20,4.0,1,16.0,17.0,0,6,-0.28531887059935307,0.10060776865375295,
Jackie Taylor,39,3.0,1,9.0,18.0,0,7,-0.25388145259725353,0.5926549915635928,
Jackson Strong,18,,1,,,0,4,-0.5281375361323583,-0.6256060613379367,
Jaclyn Holland,61,,1,8.0,,0,3,-0.564242529421352,0.13864993540422774,
Jaclyn Hughes,38,3.0,1,9.0,20.0,0,7,-0.1695770025924451,0.8288965927777986,
Jacob Alexander,21,,1,19.0,,0,0,-0.5263249782312737,0.22895265151209826,Low Engagement Customers
Jacob Bailey,61,2.0,1,13.0,22.0,0,7,-0.09354269590061327,2.670186409815636,
Jacob Buchanan,44,5.0,1,7.0,14.0,1,6,1.0881252900626168,-1.4683931607856684,
Jacob Clark,34,,1,,,0,4,-0.5408918327625606,-0.21542392114449005,
Jacob Cook,52,,1,,,0,3,-0.5552404164715382,0.2460309865731374,
Jacob Davis,64,,1,,,0,3,-0.56480613894419,0.5536675917182224,
Jacob Diaz,62,,1,,,0,3,-0.5632118518654147,0.5023948241940417,
Jacob Frank,54,2.0,1,3.0,14.0,1,1,1.103964218308161,0.13437486930254605,High Value Satisfied Customers
Jacob Hale,20,,1,,,0,4,-0.5297318232111335,-0.5743332938137559,
Jacob Hall,54,,1,2.0,,1,1,0.9694869959634955,-0.9439194591704081,High Value Satisfied Customers
Jacob Hamilton,34,,1,3.0,,0,4,-0.5454613855008731,-1.0606951837137986,
Jacob Hayden,20,,1,,,0,4,-0.5297318232111335,-0.5743332938137559,
Jacob Howard,69,,1,19.0,,1,1,0.9668517304588383,1.1649796729023376,High Value Satisfied Customers
Jacob James,65,,1,15.0,,0,3,-0.5635926792787201,0.9512233310108086,
Jacob Key,66,,1,7.0,,0,3,-0.5687765934468878,0.16539930270636274,
Jacob Lam,55,,1,10.0,,0,3,-0.5583629755278312,0.18769673584831922,
Jacob Larsen,24,,1,,,0,4,-0.5329203973686841,-0.4717877587653943,
Jacob Lewis,61,,1,5.0,,0,3,-0.5658875684071445,-0.16564771912072337,
Jacob Moore,34,4.0,1,23.0,8.0,0,0,-0.6684233349449912,-0.008905930512095457,Low Engagement Customers
Jacob Owens,60,,1,,,1,1,0.9698220337940797,0.15660265747976004,High Value Satisfied Customers
Jacob Pearson,60,,1,1.0,,1,1,0.9641557883985722,-0.8915337081061826,High Value Satisfied Customers
Jacob Peterson,20,3.0,1,7.0,7.0,0,4,-0.6991226035658976,-1.537630320302389,
Jacob Reed,58,2.0,1,9.0,4.0,0,3,-0.8449104087856276,-0.16935481229057106,
Jacob Robinson,30,,1,,,0,4,-0.53770325860501,-0.3179694561928517,
Jacob Smith,37,,1,,,0,4,-0.5432832633807235,-0.13851476985821884,
Jacob Spencer,19,4.0,1,7.0,10.0,0,4,-0.5817324166463156,-1.7544945261002278,
Jacob Strong,62,,1,3.0,,0,3,-0.5677814046037272,-0.34287643837526705,
Jacob Tanner,34,5.0,1,13.0,11.0,0,2,-0.5573137548507718,-1.214459267631014,Frequent Support Users
Jacob Turner,18,,1,2.0,,1,1,0.9981841633814509,-1.866829274605663,High Value Satisfied Customers
Jacob Villarreal,49,,1,12.0,,0,3,-0.5524834216343103,0.2367435362924108,
Jacob Washington,59,,1,9.0,,0,3,-0.5620998960139792,0.18880971938836386,
Jacob Weber,26,5.0,1,4.0,11.0,0,2,-0.5558717234930481,-2.3324433013025905,Frequent Support Users
Jacob Williams,50,4.0,1,16.0,18.0,0,6,-0.26747952354827204,1.0006382740046138,
Jacob Wilson,70,,1,,,0,3,-0.5695890001805158,0.7074858942907649,
Jacob Wright,32,,1,,,0,4,-0.5392975456837853,-0.2666966886686709,
Jacob Yu,19,1.0,1,2.0,2.0,0,4,-0.8924996251971758,-1.55703482504642,
Jacqueline Bell,56,,1,,,0,3,-0.5584289906290888,0.3485765216214991,
Jacqueline Booker,56,,1,,,0,3,-0.5584289906290888,0.3485765216214991,
Jacqueline Combs,67,2.0,1,21.0,18.0,0,7,-0.2609533994390008,3.1117091545021216,
Jacqueline Fox,36,,1,9.0,,1,1,0.9876740039726557,-0.6953465063298164,High Value Satisfied Customers
Jacqueline Hansen,30,,1,,,0,4,-0.53770325860501,-0.3179694561928517,
Jacqueline Hanson,41,1.0,1,11.0,3.0,1,1,0.6680915857071029,-0.24372182540753012,High Value Satisfied Customers
Jacqueline Harmon,67,,1,15.0,,1,1,0.9662526322232237,0.7079766993448887,High Value Satisfied Customers
Jacqueline Harris,22,,1,,,1,1,1.00011348829081,-0.8175799254796757,High Value Satisfied Customers
Jacqueline Hunter,65,4.0,1,0.0,17.0,0,6,-0.32996387112935716,-0.3686757861852506,
Jacqueline Jensen,31,1.0,1,13.0,22.0,1,7,1.470479125179672,2.1906202972630147,
Jacqueline Johnson,23,,1,,,0,4,-0.5321232538292965,-0.4974241425274846,
Jacqueline Johnston,63,,1,4.0,,0,3,-0.5680302018145174,-0.21580750310485947,
Jacqueline Moore,67,4.0,1,3.0,21.0,0,6,-0.1628985062914983,0.510650605816474,
Jacqueline Perez,63,2.0,1,8.0,22.0,0,7,-0.09787871462237603,2.2142964197982313,
Jacqueline Porter,57,,1,0.0,,0,3,-0.5654407258925814,-0.7753560117106701,
Jacqueline Reed,50,4.0,1,4.0,19.0,1,6,1.2991335723219875,-0.38013275079714315,
Jacqueline Taylor,23,5.0,1,12.0,6.0,0,2,-0.7578617884096572,-2.2525870029630664,Frequent Support Users
Jacqueline Walker,26,,1,9.0,,0,4,-0.5357941592141869,-0.6571909447606199,
Jacqueline Ward,48,,1,,,1,1,0.9793877562667315,-0.151033947665325,High Value Satisfied Customers
Jacqueline Weaver,70,5.0,1,13.0,5.0,0,2,-0.8365328416649895,-1.077183407124648,Frequent Support Users
Jacqueline Williams,39,,1,0.0,,0,4,-0.5510921421836038,-1.2368109194282975,
Jacqueline Wright,24,,1,,,0,4,-0.5329203973686841,-0.4717877587653943,
Jaime Fisher,45,,1,12.0,,0,3,-0.5492948474767597,0.13419800124404913,
Jaime Harvey,19,4.0,1,5.0,6.0,0,2,-0.7498437222343523,-2.481115599069454,Frequent Support Users
Jaime Jones,44,3.0,1,3.0,16.0,1,1,1.1867750438495215,-0.4441557828422545,High Value Satisfied Customers
Jaime Lewis,46,,1,,,1,1,0.9809820433455068,-0.20230671518950583,High Value Satisfied Customers
Jake Farley,43,,1,,,0,4,-0.5480661246170494,0.015303532714323676,
Jake Murray,45,5.0,1,12.0,21.0,0,6,-0.14909414778552943,0.27549832712514527,
James Anderson,52,,2,14.5,,0,5,2.07621965516439,0.5859291348302723,
James Andrews,38,,1,14.0,,0,4,-0.5426181500438512,0.15760841792605026,
James Barber,49,4.0,1,23.0,10.0,0,0,-0.596873181570385,0.6375178108955573,Low Engagement Customers
James Bass,46,,1,0.0,,0,3,-0.5566721469593173,-1.0573562330936646,
James Bishop,35,5.0,1,1.0,14.0,1,6,1.0920095039455207,-2.3077159236943845,
James Bonilla,37,2.0,1,16.0,10.0,1,1,0.9576295478186769,0.49342354500253777,High Value Satisfied Customers
James Bryan,38,4.0,1,1.0,0.0,0,2,-1.0177047541933701,-3.1853884685518934,Frequent Support Users
James Buckley,43,1.0,1,6.0,13.0,0,7,-0.45014749926827496,0.9042975086466478,
James Burns,53,,1,,,0,3,-0.5560375600109259,0.2716673703352278,
James Burton,36,3.0,1,22.0,18.0,0,0,-0.24436151970732312,1.834369009885443,Low Engagement Customers
James Butler,65,,1,7.0,,0,3,-0.5679794499075002,0.1397629189442723,
James Campbell,23,,1,,,0,4,-0.5321232538292965,-0.4974241425274846,
James Carter,42,,1,16.0,,0,0,-0.5447100315442067,0.463019055991046,Low Engagement Customers
James Chen,53,,1,,,0,3,-0.5560375600109259,0.2716673703352278,
James Clark,69,,1,,,1,1,0.9626477419395909,0.3873301113385738,High Value Satisfied Customers
James Contreras,21,,1,4.0,,0,4,-0.5345501731602362,-1.2925356211126569,
James Cox,37,,1,17.0,,1,1,0.9912636310620481,0.1417502894988102,High Value Satisfied Customers
James David,38,,2,7.0,,0,5,2.0832670672513354,-0.5337243741513712,
James Davis,27,,1,,,1,1,0.996127770593872,-0.6893980066692237,High Value Satisfied Customers
James Deleon,19,,1,9.0,,0,4,-0.5302141544384734,-0.8366456310952528,
James Dodson,68,,1,,,0,3,-0.5679947131017405,0.6562131267665842,
James Doyle,67,1.0,1,23.0,7.0,0,0,-0.7104789760236834,2.4582901396493186,Low Engagement Customers
James Escobar,32,,1,,,0,4,-0.5392975456837853,-0.2666966886686709,
James Evans,24,,1,22.0,,0,0,-0.5270713698636441,0.6101594573233207,Low Engagement Customers
James Fischer,44,,1,,,0,3,-0.548863268156437,0.04093991647641409,
James Forbes,70,,1,,,1,1,0.9618505984002033,0.41296649510066413,High Value Satisfied Customers
James Francis,33,,1,,,0,4,-0.5400946892231729,-0.24106030490658048,
James Franco,38,,2,17.5,,0,5,2.089024703701609,0.5313174166859577,
James Frank,28,,1,22.0,,0,0,-0.5302599440211947,0.7127049923716824,Low Engagement Customers
James Galvan,27,4.0,1,12.0,5.0,0,2,-0.7941360994819814,-1.6969356609026602,Frequent Support Users
James Garcia,36,5.0,2,11.0,6.0,0,5,1.8609506408450753,-2.00205149708341,
James Gardner,56,,1,,,0,3,-0.5584289906290888,0.3485765216214991,
James Hancock,24,2.0,1,5.0,22.0,0,7,-0.06843515557205028,0.9101797985517538,
James Harper,27,,1,11.0,,0,4,-0.5354946100963796,-0.42868945798189534,
James Harris,49,,1,,,1,1,0.9785906127273438,-0.12539756390323456,High Value Satisfied Customers
James Hernandez,47,,1,,,0,3,-0.5512546987746,0.11784906776268533,
James Hoover,42,3.0,1,4.0,21.0,1,7,1.3976859434204463,0.26069896358262273,
James Hudson,54,,1,,,1,1,0.9746048950304056,0.002784354907217513,High Value Satisfied Customers
James Hughes,61,4.0,1,3.0,10.0,0,3,-0.6174058306149868,-1.0834966141256983,
James Ibarra,63,4.0,1,9.0,13.0,0,3,-0.49044908002404597,-0.03081156008717083,
James Johnson,63,,1,,,0,3,-0.5640089954048023,0.5280312079561321,
James Johnston,29,3.0,1,14.0,16.0,0,4,-0.3266755920258104,0.5815759265079774,
James Jones,57,,1,0.0,,0,3,-0.5654407258925814,-0.7753560117106701,
James Kelley,34,,1,,,0,4,-0.5408918327625606,-0.21542392114449005,
James King,40,1.0,1,10.0,7.0,0,4,-0.6960846027319844,0.44748460846475574,
James Larson,64,,1,3.0,,0,3,-0.5693756916825025,-0.29160367085108624,
James Lee,55,,1,16.0,,1,1,0.9763667010244729,0.5017726457081207,High Value Satisfied Customers
James Lewis,58,,3,11.333333333333334,,0,5,4.699424005482874,0.43723942610727534,
James Love,51,,1,,,0,3,-0.5544432729321506,0.220394602811047,
James Martinez,63,2.5,2,14.5,6.5,1,5,3.4153331934236166,0.2762068905765958,
James Mathis,21,,1,,,0,4,-0.5305289667505212,-0.5486969100516654,
James Matthews,39,,1,17.0,,1,1,0.9896693439832728,0.19302305702299105,High Value Satisfied Customers
James Mccormick,32,,1,9.0,,0,4,-0.5405770204505128,-0.5033726421880773,
James Mendez,36,,1,,,1,1,0.9889534787393832,-0.45867055281041,High Value Satisfied Customers
James Mendoza,40,4.0,1,22.0,14.0,0,0,-0.42323262311365223,0.8291137754810192,Low Engagement Customers
James Meyer,35,,1,,,0,4,-0.5416889763019482,-0.18978753738239967,
James Mitchell,53,,1,23.0,,0,0,-0.5496401861772884,1.4550471379322598,Low Engagement Customers
James Morton,44,,1,7.0,,0,3,-0.5512394355803595,-0.3986011400596264,
James Moses,68,4.0,1,12.0,23.0,0,6,-0.07525322640808764,1.711057938129714,
James Myers,42,,1,,,0,4,-0.5472689810776618,-0.010332851047766755,
James Nash,61,,1,,,0,3,-0.562414708326027,0.4767584404319512,
James Nelson,18,,1,18.0,,0,4,-0.5244818939417083,0.050610948717510026,
James Noble Jr.,39,,1,5.0,,0,4,-0.5483504105406163,-0.7296481618867126,
James Odom,57,3.0,1,12.0,7.0,0,3,-0.7258751828802531,-0.08192136356345854,
James Pittman,47,,1,,,1,1,0.9801848998061191,-0.17667033142741542,High Value Satisfied Customers
James Price,49,,1,0.0,,0,3,-0.5590635775774803,-0.9804470818073934,
James Reed,41,4.0,1,0.0,2.0,0,2,-0.9371372246747096,-2.948033883797643,Frequent Support Users
James Reynolds,60,,1,,,1,1,0.9698220337940797,0.15660265747976004,High Value Satisfied Customers
James Rhodes,38,2.0,1,9.0,18.0,1,7,1.28702320584079,0.8565440081115943,
James Rivera,55,,1,,,0,3,-0.5576318470897011,0.32294013785940867,
James Rodriguez,24,2.0,2,12.5,18.0,1,5,3.9298260691376776,0.8713436342022358,
James Roman,33,4.0,1,1.0,6.0,1,2,0.7682424814805497,-2.8224558316235577,Frequent Support Users
James Rose,50,,1,,,0,3,-0.5536461293927629,0.19475821904895657,
James Ross,26,,1,,,0,4,-0.5345146844474594,-0.42051499124121344,
James Russell,65,,1,13.0,,0,3,-0.5646893719359152,0.7483582279941745,
James Sanchez,48,,1,6.0,,0,3,-0.5549763560665076,-0.39748815651958175,
James Santos,22,,1,,,0,4,-0.5313261102899088,-0.523060526289575,
James Scott,24,,1,,,1,1,0.998519201212035,-0.766307157955495,High Value Satisfied Customers
James Serrano,25,,1,,,0,4,-0.5337175409080718,-0.4461513750033039,
James Smith,45,,5,16.666666666666668,,2,5,13.03503786559961,0.09329138382585135,
James Smith Jr.,29,,1,14.0,,0,4,-0.5354438581893624,-0.07311903593276343,
James Snyder,62,,1,16.0,,0,3,-0.5606529023319597,0.9757467312328544,
James Sosa,34,,1,11.0,,0,4,-0.5410746148720931,-0.24923477164726243,
James Spencer,38,,1,12.0,,0,4,-0.5437148427010462,-0.045256685090583795,
James Stein,69,2.0,1,9.0,13.0,0,3,-0.47789610862449816,1.2910963414857572,
James Stephens,24,,1,21.0,,0,0,-0.5276197161922417,0.5087269058150037,Low Engagement Customers
James Stevenson,43,1.0,1,15.0,15.0,1,7,1.1697345227352423,1.7845490580076968,
James Stokes,24,,1,,,0,4,-0.5329203973686841,-0.4717877587653943,
James Thompson,62,,1,,,0,3,-0.5632118518654147,0.5023948241940417,
James Todd,23,,1,1.0,,0,4,-0.537789499224804,-1.5455605081134272,
James Turner,34,,1,17.0,,1,1,0.993655061680211,0.064841138212539,High Value Satisfied Customers
James Vargas,56,,1,11.0,,0,3,-0.5586117727386213,0.3147656711187267,
James Vincent,61,,1,,,0,3,-0.562414708326027,0.4767584404319512,
James Watson,23,,1,22.0,,0,0,-0.5262742263242565,0.5845230735612303,Low Engagement Customers
James Weaver,43,4.0,1,13.0,23.0,1,6,1.47666330698592,0.87706149639567,
James Webb,29,3.0,1,21.0,22.0,0,7,-0.07231524832936544,2.077237741995086,
James Welch,52,,1,22.0,,0,0,-0.5493913889664983,1.3279782026618525,Low Engagement Customers
James West,34,,1,0.0,,0,4,-0.5471064244866656,-1.3649928382387495,
James White,51,,2,,,0,5,2.0752803686632184,0.23908967129184472,
James Williams,36,,3,7.0,,1,5,6.246024594506199,-0.8608214723848551,
James Wilson,48,4.0,2,11.0,5.5,0,5,1.839176008074005,-1.1758395886822066,
James Woods,40,4.0,1,8.0,16.0,0,6,-0.3474021652485964,-0.3290639606591231,
Jamie Campbell,35,,1,,,0,4,-0.5416889763019482,-0.18978753738239967,
Jamie Cox,65,,1,,,0,3,-0.5656032824835776,0.5793039754803129,
Jamie Cunningham,63,,1,23.0,,0,0,-0.5576116215711648,1.7114109755531641,Low Engagement Customers
Jamie Foley,33,4.0,1,0.0,19.0,0,6,-0.22094797140353162,-0.9271620815958477,
Jamie Green,29,,1,,,0,4,-0.5369061150656224,-0.34360583995494215,
Jamie Jones,61,,1,17.0,,0,0,-0.5593074124639745,1.051542898979081,Low Engagement Customers
Jamie Long,65,4.0,1,5.0,0.0,0,2,-1.0370342444424465,-2.087475900942184,Frequent Support Users
Jamie Mcgee,36,,1,4.0,,0,4,-0.5465073262510509,-0.9079898646813008,
Jamie Mclaughlin,57,2.0,1,9.0,15.0,1,1,1.1466165188942934,0.9508183221268678,High Value Satisfied Customers
Jamie Nelson,41,,1,17.0,,0,0,-0.5433645416762216,0.5388152237372726,Low Engagement Customers
Jamie Oneill,45,3.0,1,14.0,8.0,1,1,0.8579804840630231,-0.3502732723938621,High Value Satisfied Customers
Jamie Phelps,23,2.0,1,18.0,15.0,0,7,-0.35278508238986805,1.2865936369807476,
Jamie Rodriguez,63,2.0,1,5.0,21.0,0,7,-0.141277406840879,1.7790597727851318,
Jamie Scott,26,,1,,,1,1,0.9969249141332597,-0.7150343904313141,High Value Satisfied Customers
Jamie Smith,53,,1,7.0,,0,3,-0.5584137274348484,-0.1678736862008127,
Jamie Snyder,55,,1,,,0,3,-0.5576318470897011,0.32294013785940867,
Jamie Stevens,55,3.0,1,4.0,18.0,0,3,-0.2693774808704434,0.49567437421545435,
Jamie Williams,56,1.0,2,20.0,16.0,0,5,2.302151084613551,3.069138264615504,
Jamie Wilson,62,,1,,,0,3,-0.5632118518654147,0.5023948241940417,
Jamie Young,19,4.0,1,22.0,22.0,0,6,-0.0724633829248283,1.338261656382306,
Jane Eaton,26,,1,10.0,,0,4,-0.5352458128855894,-0.5557583932523028,
Jane Hall,52,,1,,,0,3,-0.5552404164715382,0.2460309865731374,
Jane Shelton,38,,1,5.0,,0,4,-0.5475532670012286,-0.755284545648803,
Janet Chan,68,2.0,1,17.0,23.0,0,7,-0.05517566212922645,3.3863102946716848,
Janet Farmer,31,,1,12.0,,0,4,-0.5381348379253327,-0.2247113714252167,
Janet Harris,58,1.0,1,15.0,9.0,1,1,0.9072554502481653,1.383460859510164,High Value Satisfied Customers
Janet Johnson,61,3.0,1,18.0,13.0,0,0,-0.4752517596699563,1.4148534354636944,Low Engagement Customers
Janet Lewis,59,5.0,1,9.0,13.0,0,6,-0.4959284221844322,-0.7174018946357252,
Janet Moore,25,,1,,,1,1,0.9977220576726473,-0.7406707741934045,High Value Satisfied Customers
Janet Morgan,25,,1,13.0,,0,4,-0.5328036303604092,-0.2770971224894421,
Janet Myers,56,,1,,,0,3,-0.5584289906290888,0.3485765216214991,
Janet Perkins,52,,1,,,0,3,-0.5552404164715382,0.2460309865731374,
Janet Williams,63,,1,,,0,3,-0.5640089954048023,0.5280312079561321,
Janet Wright,60,,1,15.0,,1,1,0.9718326369989372,0.5285220130102558,High Value Satisfied Customers
Janice Erickson,40,,1,4.0,,0,4,-0.5496959004086015,-0.8054443296329391,
Janice Gilbert,68,,1,14.0,,1,1,0.9649071423552384,0.632180531598662,High Value Satisfied Customers
Janice Harris,24,,1,21.0,,0,0,-0.5276197161922417,0.5087269058150037,Low Engagement Customers
Janice Hernandez,64,,1,,,0,3,-0.56480613894419,0.5536675917182224,
Janice Larson,62,,1,,,0,3,-0.5632118518654147,0.5023948241940417,
Janice Washington,68,3.0,1,4.0,17.0,1,1,1.2099455984655259,0.40348897144438084,High Value Satisfied Customers
Jared Boyer,35,,1,,,0,4,-0.5416889763019482,-0.18978753738239967,
Jared Chang,21,,1,14.0,,0,4,-0.5290667098742612,-0.27821010602948676,
Jared Greene,44,,1,9.0,,0,3,-0.5501427429231646,-0.19573603704299236,
Jared Johnson,36,,1,,,0,4,-0.5424861198413359,-0.16415115362030927,
Jared King,36,2.0,1,17.0,11.0,1,1,1.0007286909193724,0.7001587052369125,High Value Satisfied Customers
Jared Park,29,,1,,,1,1,0.9945334835150967,-0.6381252391450428,High Value Satisfied Customers
Jared Smith,52,1.0,1,2.0,0.0,1,1,0.5291269301183301,-1.2674315450638334,High Value Satisfied Customers
Jared Williams,55,,1,,,0,3,-0.5576318470897011,0.32294013785940867,
Jasmin Dougherty,33,,1,15.0,,0,4,-0.5380840860183155,0.13085905062391523,
Jasmin Padilla,34,,1,,,0,4,-0.5408918327625606,-0.21542392114449005,
Jasmine Brown,44,,1,,,1,1,0.982576330424282,-0.25357948271368663,High Value Satisfied Customers
Jasmine Cooper,53,,1,,,1,1,0.9754020385697932,-0.02285202885487292,High Value Satisfied Customers
Jasmine Diaz,57,,1,,,0,3,-0.5592261341684764,0.37421290538358953,
Jasmine Everett,33,,1,11.0,,0,4,-0.5402774713327054,-0.27487115540935286,
Jasmine Foley,42,,1,13.0,,0,4,-0.5463550705299992,0.1587214014660949,
Jasmine Mcdowell,52,1.0,1,9.0,13.0,0,7,-0.4556767521369713,1.4393226170304128,
Jasmine Sanders,30,,1,,,0,4,-0.53770325860501,-0.3179694561928517,
Jason Andersen,57,,1,2.0,,1,1,0.9670955653453326,-0.8670103078841368,High Value Satisfied Customers
Jason Andrews,58,,1,,,0,3,-0.5600232777078641,0.3998492891456799,
Jason Banks,23,,1,,,0,4,-0.5321232538292965,-0.4974241425274846,
Jason Barnes,53,,1,10.0,,0,3,-0.5567686884490559,0.1364239683241384,
Jason Barton,58,3.0,1,7.0,10.0,0,3,-0.604153098364497,-0.17063075987850876,
Jason Benson,50,4.0,1,10.0,11.0,0,3,-0.5630451741488298,-0.5245299824623256,
Jason Bowen,24,,1,20.0,,0,0,-0.5281680625208391,0.4072943543066866,Low Engagement Customers
Jason Bradford,65,,1,6.0,,0,3,-0.5685277962360976,0.03833036743595529,
Jason Brown,26,,2,20.0,,0,5,2.0999612919957547,0.47726219031166517,
Jason Burns,51,5.0,1,0.0,11.0,0,2,-0.5779936972921292,-2.097263913283598,Frequent Support Users
Jason Carlson,59,4.5,2,4.0,10.5,1,5,3.562442911425861,-1.5357140643568874,
Jason Chen,24,,1,0.0,,1,1,0.99230460948793,-1.9158760750497545,High Value Satisfied Customers
Jason Coffey,43,,1,1.0,,0,4,-0.5537323700125569,-1.032832832871619,
Jason Davies,68,,1,5.0,,0,3,-0.571467573182858,0.013806967213909544,
Jason Davis,43,,1,,,0,4,-0.5480661246170494,0.015303532714323676,
Jason Fernandez,41,1.0,1,4.0,11.0,0,7,-0.5331572113121154,0.38828165312953683,
Jason Fisher,66,,1,,,1,1,0.9650391725577538,0.3104209600523025,High Value Satisfied Customers
Jason Flores,45,,1,2.0,,1,1,0.9766612878179843,-1.1746469130292219,High Value Satisfied Customers
Jason Fox,28,,1,,,0,4,-0.5361089715262347,-0.3692422237170325,
Jason Garcia,26,4.0,1,22.0,0.0,1,2,0.5348158397605484,-1.6574608912124218,Frequent Support Users
Jason Gonzalez,66,,1,3.0,,0,3,-0.5709699787612778,-0.24033090332690538,
Jason Hamilton,38,,1,13.0,,0,4,-0.5431664963724486,0.05617586641773324,
Jason Hanna,61,,1,,,0,3,-0.562414708326027,0.4767584404319512,
Jason Harvey,43,3.0,1,14.0,18.0,0,7,-0.25432829511181665,1.2023632841535397,
Jason Hernandez,42,4.0,2,7.5,5.0,1,5,3.3526024291246035,-2.0446607169680338,
Jason Hunter,36,2.0,1,2.0,3.0,0,4,-0.8729653284519923,-1.5743221081029275,
Jason Jones,58,,1,,,0,3,-0.5600232777078641,0.3998492891456799,
Jason Keller,20,,1,2.0,,0,4,-0.5348497222780435,-1.5210371078913814,
Jason Kelley,36,2.0,1,16.0,1.0,0,0,-0.9487957863170481,-0.4161443719627854,Low Engagement Customers
Jason Kelly,64,5.0,1,21.0,5.0,0,2,-0.8273632097998836,-0.4195412976306543,Frequent Support Users
Jason Kim,69,,1,,,0,3,-0.5687918566411282,0.6818495105286746,
Jason Lam MD,63,,1,,,1,1,0.9674306031759168,0.23351180876603134,High Value Satisfied Customers
Jason Lozano,33,1.0,1,21.0,1.0,0,0,-0.9349947077379608,0.5981540337927211,Low Engagement Customers
Jason Marshall,29,,1,,,0,4,-0.5369061150656224,-0.34360583995494215,
Jason Martinez,43,,3,17.0,,0,5,4.714488454435742,0.6274781282230489,
Jason May,58,,1,12.0,,0,3,-0.5596577134887991,0.46747099015122456,
Jason Mccann,52,,1,19.0,,0,0,-0.5510364279522908,1.0236805481369013,Low Engagement Customers
Jason Medina,70,,1,16.0,,0,3,-0.5670300506470609,1.1808378013295777,
Jason Mercado,36,3.0,1,13.0,5.0,0,4,-0.7920941286899358,-0.7807308560353365,
Jason Meza,51,,1,,,1,1,0.9769963256485685,-0.07412479637905373,High Value Satisfied Customers
Jason Miles,38,4.0,2,17.0,5.0,1,5,3.3610002934038303,-1.1835970126873834,
Jason Miller,52,1.0,1,5.0,1.0,1,1,0.572525622336833,-0.8321948980507342,High Value Satisfied Customers
Jason Mills,19,,1,7.0,,0,4,-0.5313108470956683,-1.0395107341118868,
Jason Morrison,54,5.0,1,1.0,19.0,1,6,1.2856320428607075,-1.1659296697739254,
Jason Nelson,47,1.0,1,21.0,16.0,0,7,-0.31984991879873187,2.9211482937842095,
Jason Nicholson,33,,1,19.0,,0,0,-0.5358907007039254,0.5365892566571834,Low Engagement Customers
Jason Page,64,1.0,2,3.5,7.0,0,5,1.9109433427821971,0.42214130243166265,
Jason Parker,54,1.0,1,17.0,15.0,1,7,1.1620626364591733,2.269414382407325,
Jason Rasmussen,62,,1,13.0,,0,3,-0.5622979413177522,0.6714490767079032,
Jason Reid,37,,1,,,0,4,-0.5432832633807235,-0.13851476985821884,
Jason Serrano,44,5.0,1,2.0,4.0,1,2,0.6678470260925254,-3.2849458432087353,Frequent Support Users
Jason Sharp,24,,1,,,0,4,-0.5329203973686841,-0.4717877587653943,
Jason Simon,33,5.0,1,5.0,0.0,0,2,-1.0201935674999787,-3.4918849808292705,Frequent Support Users
Jason Smith,31,1.0,2,6.0,22.0,0,5,2.56492474389414,1.7938069043756943,
Jason Stephenson,30,,1,15.0,,0,4,-0.5356926554001525,0.05394989933764399,
Jason Stewart,34,,1,16.0,,1,1,0.9931067153516134,-0.03659141329577806,High Value Satisfied Customers
Jason Taylor,37,,1,,,0,4,-0.5432832633807235,-0.13851476985821884,
Jason Thomas,24,,1,,,0,4,-0.5329203973686841,-0.4717877587653943,
Jason Turner,45,,1,,,0,3,-0.5496604116958247,0.0665763002385045,
Jason Vance,46,,1,6.0,,0,3,-0.5533820689877323,-0.4487609240437626,
Jason Wagner,49,,1,8.0,,0,3,-0.5546768069487003,-0.1689866697408573,
Jason Wallace,62,3.0,1,19.0,19.0,0,7,-0.22497863748448405,2.3275563256629908,
Jason White,40,,1,,,0,4,-0.5456746939988865,-0.06160561857194756,
Jason Wilson,52,1.0,1,7.0,4.0,0,3,-0.8325563238885598,0.05800658162044501,
Jason Wood,43,,1,7.0,,0,4,-0.5504422920409718,-0.4242375238217168,
Jason Wright,59,,2,,,0,5,2.0689032203481172,0.44418074138856806,
Jason Young,27,,1,,,0,4,-0.5353118279868471,-0.39487860747912296,
Jay Hurst,54,,1,,,0,3,-0.5568347035503135,0.29730375409731824,
Jay Jordan,48,4.0,1,14.0,6.0,0,2,-0.7680257679192165,-0.8247675063939791,Frequent Support Users
Jay Moore,69,,1,,,0,3,-0.5687918566411282,0.6818495105286746,
Jean Stewart,37,,1,5.0,,1,1,0.9846834751188781,-1.0754403286009941,High Value Satisfied Customers
Jeanette Ayala,67,,1,,,0,3,-0.5671975695623529,0.6305767430044937,
Jeanette Beard,29,2.0,1,5.0,1.0,1,1,0.582192007424812,-2.0058765240790066,High Value Satisfied Customers
Jeanette Gomez,44,,1,,,0,3,-0.548863268156437,0.04093991647641409,
Jeanette York,46,,1,,,0,3,-0.5504575552352123,0.09221268400059492,
Jeanne Duncan,28,,1,,,0,4,-0.5361089715262347,-0.3692422237170325,
Jeff Flores,32,,1,9.0,,0,4,-0.5405770204505128,-0.5033726421880773,
Jeff Hart,60,,1,3.0,,0,3,-0.5661871175249519,-0.39414920589944785,
Jeff Schaefer,62,,1,,,0,3,-0.5632118518654147,0.5023948241940417,
Jeff Wilkinson,26,5.0,2,4.0,6.0,0,5,1.8650836519387692,-2.9684431952625334,
Jeffery Boone,50,,1,1.0,,0,3,-0.5593123747882704,-0.8533781465369861,
Jeffery Brown,40,1.0,1,2.0,22.0,0,7,-0.07416657487010832,1.6001090837204421,
Jeffery Campbell,61,,1,10.0,,1,1,0.968293761816562,0.046995639230761055,High Value Satisfied Customers
Jeffery Chase,70,,1,,,0,3,-0.5695890001805158,0.7074858942907649,
Jeffery Flynn,35,,1,11.0,,0,4,-0.5418717584114807,-0.2235983878851721,
Jeffery Fox,37,,1,22.0,,0,0,-0.5374342358756835,0.9434324462304962,Low Engagement Customers
Jeffery Jackson,59,,1,,,0,3,-0.5608204212472517,0.42548567290777034,
Jeffery Jones,63,,1,,,0,3,-0.5640089954048023,0.5280312079561321,
Jeffery Matthews,55,,1,5.0,,0,3,-0.5611047071708186,-0.3194660216932659,
Jeffery Murphy,30,3.0,1,6.0,0.0,1,1,0.5315216406633746,-2.59379138079694,High Value Satisfied Customers
Jeffery Nelson,45,4.0,1,5.0,6.0,0,2,-0.770569454258431,-1.8145696212551037,Frequent Support Users
Jeffery Rodgers,70,,1,,,0,3,-0.5695890001805158,0.7074858942907649,
Jeffery Shields,24,4.0,1,10.0,6.0,0,2,-0.751087708288303,-1.8457709227174173,Frequent Support Users
Jeffery Smith,69,3.0,1,0.0,0.0,0,3,-1.0342966339250477,-1.9080483239352148,
Jeffery Villegas,19,,1,20.0,,0,0,-0.5241823448239009,0.27911243549623455,Low Engagement Customers
Jeffery Yates,40,,1,,,1,1,0.9857649045818326,-0.3561250177620483,High Value Satisfied Customers
Jeffrey Adams,34,,1,,,1,1,0.9905477658181585,-0.5099433203345908,High Value Satisfied Customers
Jeffrey Aguirre,43,,1,0.0,,1,1,0.9771588822395647,-1.4287847835700367,High Value Satisfied Customers
Jeffrey Anderson,64,,1,17.0,,1,1,0.9697407554985815,0.8339326510752516,High Value Satisfied Customers
Jeffrey Baker,45,3.0,1,4.0,4.0,1,1,0.6854824078462065,-1.8883547574296249,High Value Satisfied Customers
Jeffrey Campbell PhD,51,,1,6.0,,1,1,0.9740718118960485,-0.6150984044234112,High Value Satisfied Customers
Jeffrey Chavez,46,,1,15.0,,1,1,0.9829926465503642,0.16961264034098988,High Value Satisfied Customers
Jeffrey Craig,59,,1,16.0,,1,1,0.9731781268669223,0.6043181807564824,High Value Satisfied Customers
Jeffrey Daniels DDS,65,,1,,,0,3,-0.5656032824835776,0.5793039754803129,
Jeffrey Dennis,27,5.0,1,8.0,18.0,0,6,-0.262199909089073,-0.9845037640901948,
Jeffrey English,45,3.0,1,15.0,6.0,0,0,-0.7564180746545193,-0.21619930667174064,Low Engagement Customers
Jeffrey Gomez,25,1.0,1,0.0,15.0,0,7,-0.3555816870654615,0.09612527685541458,
Jeffrey Gonzalez,33,,1,18.0,,0,0,-0.536439047032523,0.43515670514886634,Low Engagement Customers
Jeffrey Green,43,,1,14.0,,0,0,-0.5466038677407894,0.28579033673650234,Low Engagement Customers
Jeffrey Hall,60,5.0,2,9.0,10.0,0,5,2.0077371161734185,-1.0658874198572816,
Jeffrey Harmon,19,4.0,1,18.0,22.0,0,6,-0.07465676823921831,0.9325314503490377,
Jeffrey Hensley,19,,1,,,0,4,-0.5289346796717459,-0.5999696775758463,
Jeffrey Hernandez,56,,1,22.0,,0,0,-0.5525799631240489,1.4305237377102142,Low Engagement Customers
Jeffrey Hicks,56,,1,,,0,3,-0.5584289906290888,0.3485765216214991,
Jeffrey Hodge,60,2.0,1,22.0,16.0,0,0,-0.33833235480011065,2.7718090346995092,Low Engagement Customers
Jeffrey Hodges,24,4.0,1,9.0,18.0,0,6,-0.2505922158243757,-0.37593556436795617,
Jeffrey Jackson,33,,1,,,0,4,-0.5400946892231729,-0.24106030490658048,
Jeffrey Johnson,31,3.0,1,19.0,23.0,0,7,-0.033252574832625365,2.0565843989907804,
Jeffrey Leon,24,,1,19.0,,0,0,-0.5287164088494366,0.3058618027983695,Low Engagement Customers
Jeffrey Luna,64,,1,,,0,3,-0.56480613894419,0.5536675917182224,
Jeffrey Lyons,68,1.0,1,3.0,7.0,0,3,-0.722243046135021,0.45527549324506816,
Jeffrey Martinez,20,,1,18.0,,1,1,1.0053634175602355,-0.19263568294840985,High Value Satisfied Customers
Jeffrey Mayer,64,,1,13.0,,1,1,0.9675473701841916,0.4282024450419833,High Value Satisfied Customers
Jeffrey Morris,65,5.0,1,8.0,21.0,1,6,1.3642091946930466,0.0879763971435848,
Jeffrey Nguyen,21,1.0,1,13.0,16.0,1,7,1.227928641177286,1.1486225047132217,
Jeffrey Porter,70,,1,6.0,,0,3,-0.5725135139330358,0.16651228624640732,
Jeffrey Powell,48,,1,,,0,3,-0.5520518423139876,0.14348545152477576,
Jeffrey Pratt,66,1.0,1,20.0,2.0,0,0,-0.9200951376336403,1.473661138921536,Low Engagement Customers
Jeffrey Reynolds II,31,,1,,,0,4,-0.5385004021443976,-0.29233307243076134,
Jeffrey Rivera,36,1.5,2,14.5,12.5,1,5,3.696045904701282,0.9537032834292365,
Jeffrey Robertson,39,5.0,1,0.0,20.0,0,6,-0.19264509572508393,-1.22644958603535,
Jeffrey Russell,19,,1,,,0,4,-0.5289346796717459,-0.5999696775758463,
Jeffrey Sanchez,32,,1,5.0,,0,4,-0.5427704057649028,-0.9091028482213455,
Jeffrey Scott,58,,1,,,0,3,-0.5600232777078641,0.3998492891456799,
Jeffrey Shaw,52,,1,1.0,,0,3,-0.5609066618670457,-0.8021053790128053,
Jeffrey Smith,39,,1,2.0,,0,4,-0.5499954495264088,-1.0339458164116635,
Jeffrey Torres,44,3.0,1,10.0,3.0,0,2,-0.8836236224562503,-1.1418154254398607,Frequent Support Users
Jeffrey Williams,48,3.0,1,22.0,2.0,0,0,-0.9219856939033414,0.04698173522015706,Low Engagement Customers
Jeffrey Wilson,61,,1,,,0,3,-0.562414708326027,0.4767584404319512,
Jeffrey Wright,39,2.0,1,13.0,10.0,0,4,-0.5770493768266098,0.5349180571918682,
Jeffrey Zamora,29,4.0,1,6.0,6.0,0,2,-0.7572668112996312,-2.123319209940233,Frequent Support Users
Jenna Allen,18,,1,2.0,,1,1,0.9981841633814509,-1.866829274605663,High Value Satisfied Customers
Jenna Ayers,68,2.0,1,3.0,5.0,0,3,-0.8144182689183787,-0.3906472912314209,
Jenna Carroll,25,,1,,,0,4,-0.5337175409080718,-0.4461513750033039,
Jenna Clayton,27,3.0,1,16.0,3.0,0,0,-0.8667821043150753,-0.9690386403454956,Low Engagement Customers
Jenna Daniels,29,4.0,1,3.0,7.0,0,2,-0.7171581970527133,-2.296677871977036,Frequent Support Users
Jenna Ellis,35,3.0,1,17.0,6.0,1,1,0.7840896519772713,-0.5642174404661116,High Value Satisfied Customers
Jenna Gomez,67,1.0,1,22.0,12.0,0,0,-0.5022590561887289,3.0115525505817424,Low Engagement Customers
Jenna Reese,30,1.0,1,4.0,8.0,1,1,0.8817900065037365,-0.581054944908003,High Value Satisfied Customers
Jenna Travis,19,,1,10.0,,1,1,1.001773790470843,-1.0297324787770366,High Value Satisfied Customers
Jenna Walker,51,,1,,,1,1,0.9769963256485685,-0.07412479637905373,High Value Satisfied Customers
Jenna Walsh,39,,1,10.0,,1,1,0.9858309196830902,-0.5170048035352282,High Value Satisfied Customers
Jennifer Adkins,18,,1,21.0,,0,0,-0.5228368549559158,0.3549086032424611,Low Engagement Customers
Jennifer Alexander,40,,1,,,0,4,-0.5456746939988865,-0.06160561857194756,
Jennifer Allen,34,,1,10.0,,0,4,-0.5416229612006905,-0.35066732315557947,
Jennifer Alvarez,27,4.0,1,16.0,7.0,0,2,-0.7084354077021705,-1.0293274698930959,Frequent Support Users
Jennifer Anderson,60,,2,10.0,,0,5,2.0673749483706,0.33457372313956907,
Jennifer Bailey,45,,1,,,0,3,-0.5496604116958247,0.0665763002385045,
Jennifer Baker,52,,1,3.0,,0,3,-0.5598099692098507,-0.5992402759961712,
Jennifer Banks,64,,2,7.0,,0,5,2.0625413352272566,0.1328216036629796,
Jennifer Barker,36,,1,17.0,,1,1,0.9920607746014357,0.11611390573671976,High Value Satisfied Customers
Jennifer Beck,31,,1,,,1,1,0.9929391964363214,-0.5868524716208621,High Value Satisfied Customers
Jennifer Blake,68,,1,20.0,,1,1,0.9681972203268235,1.2407758406485643,High Value Satisfied Customers
Jennifer Blankenship,65,,1,19.0,,1,1,0.9700403046163889,1.062434137853976,High Value Satisfied Customers
Jennifer Bowen,70,,1,,,0,3,-0.5695890001805158,0.7074858942907649,
Jennifer Boyer,52,5.0,1,8.0,12.0,0,6,-0.5326504169700266,-1.1292281249668235,
Jennifer Bryan,37,1.0,1,14.0,2.0,0,0,-0.9002680529629835,0.1216107007710118,Low Engagement Customers
Jennifer Burke,24,2.0,1,20.0,2.0,1,1,0.6361565732834231,-0.48163117777655506,High Value Satisfied Customers
Jennifer Butler,65,,1,9.0,,0,3,-0.5668827572503051,0.34262802196090636,
Jennifer Carter,67,5.0,1,15.0,1.0,1,2,0.5313802672602459,-1.7695028245369786,Frequent Support Users
Jennifer Chang,19,3.0,1,6.0,20.0,0,4,-0.1560763143298723,0.037507646773129615,
Jennifer Clark,57,5.0,2,21.0,14.0,1,5,3.715162914246312,0.3036306177187433,
Jennifer Cole,43,4.0,1,16.0,6.0,0,2,-0.7629433575650832,-0.7500843221877971,Frequent Support Users
Jennifer Collins,47,,1,,,0,3,-0.5512546987746,0.11784906776268533,
Jennifer Cooper,60,,1,7.0,,0,3,-0.5639937322105619,0.01158100013382028,
Jennifer Copeland,42,,1,9.0,,0,4,-0.5485484558443893,-0.24700880456717322,
Jennifer Cox,26,,1,,,1,1,0.9969249141332597,-0.7150343904313141,High Value Satisfied Customers
Jennifer Daniel,57,,1,5.0,,1,1,0.9687406043311251,-0.5627126533591857,High Value Satisfied Customers
Jennifer Davis,59,,1,,,0,3,-0.5608204212472517,0.42548567290777034,
Jennifer Durham,49,,1,5.0,,0,3,-0.5563218459344927,-0.4732843242658084,
Jennifer Edwards,40,,1,15.0,,0,0,-0.543664090794029,0.31031373695854814,Low Engagement Customers
Jennifer Ellison,57,,1,,,1,1,0.9722134644122427,0.0796935061934888,High Value Satisfied Customers
Jennifer Fernandez,26,,1,0.0,,0,4,-0.5407292761715644,-1.570083908335473,
Jennifer Flowers,37,,1,,,0,4,-0.5432832633807235,-0.13851476985821884,
Jennifer Foley,70,5.0,1,12.0,13.0,0,6,-0.5030519621319038,-0.13110401872777971,
Jennifer Golden,52,3.0,1,1.0,6.0,0,3,-0.7696749280305978,-1.4568003414535462,
Jennifer Gonzalez,26,,1,,,0,4,-0.5345146844474594,-0.42051499124121344,
Jennifer Graves,53,,1,15.0,,1,1,0.9774126417746507,0.34906732667562274,High Value Satisfied Customers
Jennifer Greer,23,1.0,1,22.0,7.0,1,1,0.8554865919614947,0.9343373034189222,High Value Satisfied Customers
Jennifer Hall,30,,1,,,0,4,-0.53770325860501,-0.3179694561928517,
Jennifer Hansen,65,,1,,,1,1,0.9658363160971415,0.2847845762902121,High Value Satisfied Customers
Jennifer Hanson,44,2.0,1,11.0,9.0,0,3,-0.6238854404134535,0.3292958804975381,
Jennifer Hays,26,,1,,,0,4,-0.5345146844474594,-0.42051499124121344,
Jennifer Hernandez,61,,1,,,0,3,-0.562414708326027,0.4767584404319512,
Jennifer Herring,64,,1,3.0,,0,3,-0.5693756916825025,-0.29160367085108624,
Jennifer Hicks,56,,1,,,0,3,-0.5584289906290888,0.3485765216214991,
Jennifer Hunt,28,2.0,1,11.0,14.0,0,4,-0.40236287761969924,0.5738087027448324,
Jennifer Hunter,60,,1,17.0,,0,0,-0.5585102689245869,1.0259065152169906,Low Engagement Customers
Jennifer Jackson,56,,1,11.0,,1,1,0.9728278258420977,0.020246271928625964,High Value Satisfied Customers
Jennifer Johnson,24,,1,,,1,1,0.998519201212035,-0.766307157955495,High Value Satisfied Customers
Jennifer Jones,44,1.0,3,10.333333333333334,23.0,0,5,5.228415340134103,2.7162550107878562,
Jennifer Jordan,70,,2,15.0,,0,5,2.062145244619711,1.0981003183020583,
Jennifer Keith,42,,1,,,0,4,-0.5472689810776618,-0.010332851047766755,
Jennifer King,37,,1,1.0,,1,1,0.982490089804488,-1.481170534634262,High Value Satisfied Customers
Jennifer Leon,21,4.0,1,6.0,7.0,1,1,0.8223035888288994,-2.491990686738909,High Value Satisfied Customers
Jennifer Lucas,18,2.0,1,8.0,12.0,0,4,-0.47954378767703604,-0.24873077437731933,
Jennifer Lynch,50,,1,,,0,3,-0.5536461293927629,0.19475821904895657,
Jennifer Marks,66,1.0,1,21.0,16.0,0,7,-0.33499564604709714,3.408239585263927,
Jennifer Martinez,36,,2,10.5,,2,5,5.14965976364164,-0.8190220097766439,
Jennifer Massey,38,5.0,1,1.0,10.0,0,2,-0.6088361381842028,-2.4600433431706046,Frequent Support Users
Jennifer Mcbride,29,1.0,1,14.0,19.0,0,7,-0.18407879969180546,2.1424825029728076,
Jennifer Mccarthy,26,2.0,1,11.0,10.0,0,4,-0.5677832034717655,-0.001220034731941282,
Jennifer Mccormick,64,,1,21.0,,0,0,-0.5595054577677475,1.5341822562986203,Low Engagement Customers
Jennifer Mcdaniel,31,,1,21.0,,0,0,-0.5331997209679552,0.6881815921496365,Low Engagement Customers
Jennifer Mcfarland,45,,1,21.0,,0,0,-0.5443597305193822,1.0470909648189024,Low Engagement Customers
Jennifer Mclean,48,,1,,,1,1,0.9793877562667315,-0.151033947665325,High Value Satisfied Customers
Jennifer Melendez,53,1.0,1,11.0,11.0,1,1,0.9925550890961344,1.1114267196427403,High Value Satisfied Customers
Jennifer Miller,32,,1,9.0,,0,4,-0.5405770204505128,-0.5033726421880773,
Jennifer Morales,62,,1,,,0,3,-0.5632118518654147,0.5023948241940417,
Jennifer Morgan,32,,1,6.0,,1,1,0.9892175391444138,-1.1021896959031292,High Value Satisfied Customers
Jennifer Morris,70,,1,5.0,,0,3,-0.5730618602616333,0.0650797347380903,
Jennifer Nelson,38,,2,2.0,,0,5,2.080525335608348,-1.0408871316929562,
Jennifer Olson,63,2.0,1,4.0,1.0,0,3,-0.9768988178236846,-0.9411526284861484,
Jennifer Ortiz,47,5.0,1,4.0,14.0,0,6,-0.44735077812205754,-1.4012622648342472,
Jennifer Payne,43,,1,,,0,4,-0.5480661246170494,0.015303532714323676,
Jennifer Perez,68,,2,,,0,5,2.0617289284936287,0.6749081952473819,
Jennifer Phillips,38,3.0,1,11.0,6.0,0,4,-0.7530314551931957,-0.8013841990396416,
Jennifer Ramirez,69,3.0,2,5.0,19.0,0,5,2.3914881507348067,1.105650359361983,
Jennifer Ramsey,54,,1,8.0,,0,3,-0.5586625246456385,-0.040804750930405226,
Jennifer Reed,35,,1,,,0,4,-0.5416889763019482,-0.18978753738239967,
Jennifer Reyes,18,,1,21.0,,0,0,-0.5228368549559158,0.3549086032424611,Low Engagement Customers
Jennifer Roberts,61,2.0,1,4.0,6.0,0,3,-0.7665362645813573,-0.3377304335695886,
Jennifer Robinson,68,,1,15.0,,0,3,-0.5659841098968831,1.0281324822970799,
Jennifer Rodriguez,40,2.0,1,21.0,11.0,0,0,-0.5317060965045072,1.502953845508643,Low Engagement Customers
Jennifer Rush,33,,1,,,1,1,0.9913449093575462,-0.5355797040966812,High Value Satisfied Customers
Jennifer Russell,51,,2,11.0,,1,5,3.606537185134405,-0.08924057840102842,
Jennifer Sanders,63,,1,13.0,,0,3,-0.5630950848571399,0.6970854604699938,
Jennifer Scott,19,,1,,,1,1,1.002504918908973,-0.894489076765947,High Value Satisfied Customers
Jennifer Shea,23,,1,,,1,1,0.9993163447514226,-0.7919435417175853,High Value Satisfied Customers
Jennifer Silva,34,,1,2.0,,0,4,-0.5460097318294705,-1.1621277352221155,
Jennifer Simpson,35,,1,2.0,,1,1,0.9846327232118609,-1.431010750650126,High Value Satisfied Customers
Jennifer Smith,26,3.0,4,14.666666666666666,16.0,1,5,9.096691926178245,0.33385428247954313,
Jennifer Solomon,57,,1,7.0,,0,3,-0.561602301592399,-0.06532815115245096,
Jennifer Stewart,33,,1,,,0,4,-0.5400946892231729,-0.24106030490658048,
Jennifer Stokes,48,5.0,1,12.0,0.0,0,2,-1.0283122962906108,-2.397311363839695,Frequent Support Users
Jennifer Sutton,53,,1,,,0,3,-0.5560375600109259,0.2716673703352278,
Jennifer Thomas,34,,1,8.0,,0,4,-0.5427196538578856,-0.5535324261722135,
Jennifer Thompson,49,,1,,,0,3,-0.5528489858533753,0.16912183528686617,
Jennifer Turner,20,,1,,,0,4,-0.5297318232111335,-0.5743332938137559,
Jennifer Valenzuela,47,,1,4.0,,1,1,0.9761636933964041,-0.9205090424884069,High Value Satisfied Customers
Jennifer Vargas,66,4.0,1,19.0,3.0,0,2,-0.904893579683338,-0.24896681859921116,Frequent Support Users
Jennifer Velez,46,4.0,1,12.0,16.0,1,6,1.1814479574101868,-0.06403485124341313,
Jennifer Villegas,35,3.0,1,1.0,23.0,0,7,-0.04631138290493095,0.33334400688943566,
Jennifer Ward,40,,1,8.0,,0,4,-0.5475025150942114,-0.399714123599671,
Jennifer Warren,36,1.0,2,12.5,11.0,0,5,2.1052130917732708,1.1409714906205772,
Jennifer Webster,24,,1,,,1,1,0.998519201212035,-0.766307157955495,High Value Satisfied Customers
Jennifer Weiss,43,2.0,1,1.0,23.0,1,7,1.4874189836786238,0.827960477296251,
Jennifer White,70,,1,14.0,,0,3,-0.5681267433042558,0.9779726983129435,
Jennifer Wilson,52,,1,8.0,,1,1,0.9743713610138558,-0.3865969176446868,High Value Satisfied Customers
Jennifer Woods,37,,1,,,0,4,-0.5432832633807235,-0.13851476985821884,
Jennifer Wu,55,,2,,,0,5,2.072091794505668,0.3416352063402064,
Jenny Flynn,44,5.0,1,21.0,12.0,0,6,-0.5191447663831579,-0.015696025455425564,
Jenny Johnson,42,,1,16.0,,0,0,-0.5447100315442067,0.463019055991046,Low Engagement Customers
Jenny Miller DDS,44,4.0,1,11.0,13.0,0,6,-0.47420666011848567,-0.3150377485502548,
Jenny Robinson,48,,1,15.0,,0,0,-0.5500412391091302,0.5154048070552716,Low Engagement Customers
Jenny Romero,51,,1,17.0,,0,0,-0.5513359770700981,0.7951790613581767,Low Engagement Customers
Jeremiah Allen,57,,1,2.0,,0,3,-0.5643440332353864,-0.5724909086940361,
Jeremiah Anderson,34,4.0,1,17.0,2.0,0,2,-0.9222353323128386,-1.4031351944908865,Frequent Support Users
Jeremiah Jones,69,1.0,1,10.0,20.0,0,7,-0.17640427334899095,2.893146639911304,
Jeremiah Stark,30,1.0,1,18.0,23.0,0,7,-0.015667944985961496,3.0976050627207585,
Jeremiah Thompson,49,5.0,1,7.0,17.0,0,6,-0.32203906651690917,-0.6528748653206708,
Jeremiah Vargas,58,1.0,1,7.0,16.0,1,7,1.195144252248358,1.488573394860665,
Jeremy Barrera,37,3.0,1,15.0,8.0,0,0,-0.6665336198739973,-0.15941239179216768,Low Engagement Customers
Jeremy Bean,27,5.0,1,0.0,7.0,0,2,-0.7258768652776674,-3.2362930935263607,Frequent Support Users
Jeremy Booker,63,,1,20.0,,1,1,0.9721829380237618,1.1125939218381122,High Value Satisfied Customers
Jeremy Brown,27,4.0,1,13.0,15.0,0,6,-0.37605122082627984,-0.2861131845128615,
Jeremy Collins II,45,2.0,1,15.0,21.0,0,7,-0.12144535984592632,2.331930380150675,
Jeremy Cox,56,1.0,1,3.0,2.0,0,3,-0.9214455898259213,-0.5070560743407576,
Jeremy Curtis,39,3.0,1,12.0,6.0,1,1,0.7781593461767332,-0.9688346629593348,High Value Satisfied Customers
Jeremy Diaz,57,,1,,,0,3,-0.5592261341684764,0.37421290538358953,
Jeremy George,38,,1,,,0,4,-0.5440804069201112,-0.11287838609612842,
Jeremy Gibbs,48,2.0,1,10.0,0.0,0,3,-1.0034052399939952,-0.8480420683557507,
Jeremy Gonzales,58,,1,,,0,3,-0.5600232777078641,0.3998492891456799,
Jeremy Good,32,,1,,,0,4,-0.5392975456837853,-0.2666966886686709,
Jeremy Green,28,,1,4.0,,0,4,-0.5401301779359498,-1.113080934778024,
Jeremy Jones,52,,1,,,0,3,-0.5552404164715382,0.2460309865731374,
Jeremy Maldonado,22,,1,,,0,4,-0.5313261102899088,-0.523060526289575,
Jeremy Mccoy,29,5.0,1,19.0,9.0,0,2,-0.6335452656476694,-0.9959238623678601,Frequent Support Users
Jeremy Miller,37,5.0,1,6.0,21.0,0,6,-0.14600707744201322,-0.5381880520214802,
Jeremy Miranda,60,,1,23.0,,0,0,-0.5552201909530019,1.6345018242668927,Low Engagement Customers
Jeremy Morgan,23,,1,,,0,4,-0.5321232538292965,-0.4974241425274846,
Jeremy Ortiz,56,4.0,1,7.0,7.0,0,2,-0.7364876873017898,-1.198765304367327,Frequent Support Users
Jeremy Paul,40,,1,,,0,4,-0.5456746939988865,-0.06160561857194756,
Jeremy Richardson,31,,1,,,0,4,-0.5385004021443976,-0.29233307243076134,
Jeremy Robinson,32,,1,,,1,1,0.9921420528969338,-0.5612160878587716,High Value Satisfied Customers
Jeremy Ross,33,5.0,1,14.0,13.0,1,6,1.0589786400633532,-1.1713045140985916,
Jeremy Schwartz,18,4.0,1,18.0,19.0,1,6,1.332319014182757,0.2195586899324018,
Jeremy Smith,20,,1,2.0,,0,4,-0.5348497222780435,-1.5210371078913814,
Jeremy Stephens,53,,1,,,0,3,-0.5560375600109259,0.2716673703352278,
Jeremy Sullivan,59,,1,3.0,,0,3,-0.5653899739855642,-0.4197855896615383,
Jeremy Valencia,42,,1,,,0,4,-0.5472689810776618,-0.010332851047766755,
Jeremy Vincent,58,,1,,,0,3,-0.5600232777078641,0.3998492891456799,
Jeremy Wells,65,,1,,,0,3,-0.5656032824835776,0.5793039754803129,
Jeremy White,34,2.0,1,6.0,2.0,1,1,0.6205082892891817,-1.645323061272089,High Value Satisfied Customers
Jeremy Whitney,25,1.0,1,17.0,23.0,0,7,-0.012230573617620782,2.8679905924019895,
Jerome Wilson,64,,1,11.0,,0,3,-0.5649889210537224,0.5198567412154501,
Jerry Good,61,,1,10.0,,0,3,-0.5631458367641571,0.3415150384208618,
Jerry Gray,38,,1,,,0,4,-0.5440804069201112,-0.11287838609612842,
Jerry Irwin,31,,1,20.0,,0,0,-0.5337480672965527,0.5867490406413195,Low Engagement Customers
Jerry Jones,38,,1,2.0,,0,4,-0.5491983059870211,-1.0595822001737538,
Jerry Mccullough,44,,1,2.0,,1,1,0.9774584313573721,-1.2002832967913122,High Value Satisfied Customers
Jerry Mejia,41,,1,15.0,,0,0,-0.5444612343334166,0.3359501207206385,Low Engagement Customers
Jerry Rivera,21,,1,,,0,4,-0.5305289667505212,-0.5486969100516654,
Jerry Rodgers,56,,1,19.0,,0,0,-0.5542250021098414,1.126226083185263,Low Engagement Customers
Jerry Ruiz,40,5.0,1,23.0,23.0,1,6,1.475870284572121,1.2304330606923761,
Jerry Walls,59,,1,12.0,,0,3,-0.5604548570281868,0.493107373913315,
Jerry Warren,57,1.0,1,12.0,21.0,0,7,-0.12398820498643377,2.9193141302710015,
Jesse Austin,61,,1,,,0,3,-0.562414708326027,0.4767584404319512,
Jesse Cooper,47,3.0,1,22.0,1.0,0,0,-0.962942203596664,-0.10959364103008128,Low Engagement Customers
Jesse Diaz,29,,1,,,0,4,-0.5369061150656224,-0.34360583995494215,
Jesse Edwards,47,,1,23.0,,0,0,-0.5448573249409625,1.3012288353597175,Low Engagement Customers
Jesse Gillespie,66,5.0,1,11.0,2.0,1,2,0.5717376787179539,-2.069930421844189,Frequent Support Users
Jesse Harris,58,1.0,1,8.0,20.0,1,7,1.3627072115077972,2.1137619163215744,
Jesse Hoffman,59,,1,,,0,3,-0.5608204212472517,0.42548567290777034,
Jesse Holland,65,,1,18.0,,0,0,-0.5619476402929277,1.2555209855357596,Low Engagement Customers
Jesse Hubbard,67,,1,,,0,3,-0.5671975695623529,0.6305767430044937,
Jesse Knox,31,,1,,,0,4,-0.5385004021443976,-0.29233307243076134,
Jesse Mckinney,65,2.0,1,15.0,21.0,0,7,-0.1373882306336793,2.8446580553924834,
Jesse Olsen,29,,1,1.0,,1,1,0.9888672381195892,-1.6862616047309855,High Value Satisfied Customers
Jesse Silva,50,,1,22.0,,1,1,0.9836424966929961,0.9821860359475709,High Value Satisfied Customers
Jesse Simpson,29,,1,,,0,4,-0.5369061150656224,-0.34360583995494215,
Jesse Torres,53,,1,,,0,3,-0.5560375600109259,0.2716673703352278,
Jessica Allison,53,,1,14.0,,1,1,0.9768642954460531,0.2476347751673058,High Value Satisfied Customers
Jessica Armstrong,18,3.0,1,15.0,18.0,0,4,-0.23385136029852796,0.6628862416095962,
Jessica Bailey,67,,1,,,0,3,-0.5671975695623529,0.6305767430044937,
Jessica Bentley,70,,1,,,0,3,-0.5695890001805158,0.7074858942907649,
Jessica Blanchard,48,3.0,1,10.0,0.0,1,1,0.519366442268787,-1.7266062670460443,High Value Satisfied Customers
Jessica Blankenship,61,,1,,,0,3,-0.562414708326027,0.4767584404319512,
Jessica Brooks,29,1.0,2,13.0,17.0,0,5,2.3615891891095453,1.7978670349689918,
Jessica Brown,29,2.0,3,19.5,11.0,0,5,4.735687246126599,1.1061949338247685,
Jessica Buckley,35,,1,3.0,,1,1,0.9851810695404584,-1.329578199141809,High Value Satisfied Customers
Jessica Burke,69,,1,,,0,3,-0.5687918566411282,0.6818495105286746,
Jessica Chase,45,2.0,2,20.0,13.0,0,5,2.1769907875307473,1.8102762662678722,
Jessica Chavez,49,4.0,1,15.0,16.0,0,6,-0.3507380328029027,0.6116913537579101,
Jessica Cordova,23,4.0,1,11.0,5.0,0,2,-0.7914958716530283,-1.9009137474593387,Frequent Support Users
Jessica Cross,46,5.0,1,23.0,2.0,1,2,0.5942607054488769,-1.3654674789861931,Frequent Support Users
Jessica Cuevas,27,,1,,,0,4,-0.5353118279868471,-0.39487860747912296,
Jessica Dean,55,,1,9.0,,0,3,-0.5589113218564287,0.0862641843400022,
Jessica Dixon,44,2.0,1,8.0,3.0,0,3,-0.8760523987955084,-0.7606357289563019,
Jessica Dunn,30,,1,13.0,,0,4,-0.5367893480573475,-0.14891520367899005,
Jessica Erickson,70,5.0,2,14.0,6.0,1,5,3.366932398072407,-1.1206361938374858,
Jessica Ferrell,36,,1,,,0,4,-0.5424861198413359,-0.16415115362030927,
Jessica Ford,22,,1,23.0,,1,1,1.0065108621244476,0.3657998421173561,High Value Satisfied Customers
Jessica Fox,29,1.0,1,10.0,14.0,0,7,-0.3950404511697475,1.0820573344987985,
Jessica Garcia,29,2.0,1,15.0,15.0,0,7,-0.3592129826119865,1.136114285028339,
Jessica George,25,4.0,1,14.0,16.0,0,6,-0.3321549341861967,-0.1050144080405772,
Jessica Gill,44,,1,,,0,3,-0.548863268156437,0.04093991647641409,
Jessica Gilmore,18,,1,5.0,,0,4,-0.5316103962134757,-1.2680122208906113,
Jessica Gomez,35,,1,2.0,,0,4,-0.5468068753688582,-1.1364913514600252,
Jessica Harris,54,3.0,1,10.0,14.0,0,3,-0.4323048722903124,0.5548773295506734,
Jessica Harrison,43,1.0,1,23.0,2.0,0,0,-0.9001157972419319,1.1883219669184073,Low Engagement Customers
Jessica Henry,57,,1,,,0,3,-0.5592261341684764,0.37421290538358953,
Jessica Hernandez MD,53,4.0,1,6.0,21.0,0,6,-0.15009345775427874,0.4560388876721592,
Jessica Hodge,49,5.0,1,0.0,6.0,0,2,-0.785167676376906,-2.8032316432485196,Frequent Support Users
Jessica Jackson,63,,1,3.0,,0,3,-0.5685785481431148,-0.31724005461317656,
Jessica Johnson,24,,1,4.0,,0,4,-0.5369416037783992,-1.2156264698263857,
Jessica Jones,68,,1,17.0,,0,3,-0.564887417239688,1.230997585313714,
Jessica Keith,26,,1,,,0,4,-0.5345146844474594,-0.42051499124121344,
Jessica Kim,60,3.0,1,4.0,14.0,0,3,-0.44037781149822325,0.10010032307331374,
Jessica Lara,20,5.0,1,5.0,3.0,0,2,-0.884569741789808,-3.432340992272001,Frequent Support Users
Jessica Lee,67,5.0,1,2.0,3.0,0,2,-0.9236805271268199,-2.5317286099787024,Frequent Support Users
Jessica Lewis,44,,2,,,1,5,3.612299972019651,-0.23488441423288894,
Jessica Liu,39,5.0,1,10.0,23.0,0,6,-0.06190067274097774,0.180692906512265,
Jessica Lucero,70,,1,11.0,,0,3,-0.5697717822900483,0.6736750437879925,
Jessica Martin,21,,1,18.0,,1,1,1.0045662740208479,-0.16699929918631942,High Value Satisfied Customers
Jessica Martinez,54,,1,18.0,,0,0,-0.5531790613596635,0.973520764152765,Low Engagement Customers
Jessica May,39,4.0,1,18.0,2.0,0,2,-0.9256727036811794,-1.1735207241721175,Frequent Support Users
Jessica Mills,67,,1,,,0,3,-0.5671975695623529,0.6305767430044937,
Jessica Mitchell,32,,1,10.0,,0,4,-0.5400286741219152,-0.40194009067976033,
Jessica Moore,26,,2,7.0,,0,5,2.092832789723987,-0.8413609792964563,
Jessica Nguyen,19,,1,14.0,,0,4,-0.5274724227954859,-0.3294828735536676,
Jessica Norris,30,,1,,,0,4,-0.53770325860501,-0.3179694561928517,
Jessica Parker,22,,1,,,0,4,-0.5313261102899088,-0.523060526289575,
Jessica Pham,66,2.0,1,2.0,6.0,0,3,-0.7716186749354904,-0.41241361777577057,
Jessica Phillips,55,,1,2.0,,0,3,-0.5627497461566111,-0.6237636762182169,
Jessica Pierce,24,,1,7.0,,1,1,0.9961430337881124,-1.2058482144915357,High Value Satisfied Customers
Jessica Porter,35,,1,10.0,,0,4,-0.5424201047400782,-0.3250309393934891,
Jessica Potts,52,,1,,,1,1,0.9761991821091809,-0.04848841261696332,High Value Satisfied Customers
Jessica Reed,33,,1,22.0,,0,0,-0.5342456617181329,0.8408869111821344,Low Engagement Customers
Jessica Reyes,27,,1,11.0,,0,4,-0.5354946100963796,-0.42868945798189534,
Jessica Richards,61,,1,,,1,1,0.9690248902546921,0.18223904124185047,High Value Satisfied Customers
Jessica Rios,42,,1,16.0,,0,0,-0.5447100315442067,0.463019055991046,Low Engagement Customers
Jessica Salinas,20,,1,9.0,,0,4,-0.5310112979778611,-0.8110092473331624,
Jessica Sanchez,41,,1,18.0,,0,0,-0.5428161953476242,0.6402477752455896,Low Engagement Customers
Jessica Sanders,54,,2,15.0,,0,5,2.074899541249913,0.6879181781086117,
Jessica Sandoval,28,1.0,1,8.0,11.0,0,4,-0.520600959985686,0.46073887025562943,
Jessica Sawyer,31,,1,14.0,,0,4,-0.5370381452681376,-0.021846268408582645,
Jessica Shah,32,,1,,,1,1,0.9921420528969338,-0.5612160878587716,High Value Satisfied Customers
Jessica Smith,45,3.0,2,10.0,3.0,1,5,3.27674247418045,-1.3920033723870733,
Jessica Snyder,24,,1,,,0,4,-0.5329203973686841,-0.4717877587653943,
Jessica Thomas,20,3.0,1,20.0,20.0,0,7,-0.14919660926889497,1.4831997516516584,
Jessica Vang,33,2.0,1,12.0,20.0,0,7,-0.15527832959177754,1.5890571279924903,
Jessica Vaughn,29,3.0,1,15.0,18.0,0,7,-0.24261993923179206,0.9448864629925908,
Jessica Vincent,46,1.0,1,22.0,8.0,0,0,-0.6525336547924299,1.9494325216252508,Low Engagement Customers
Jessica Wagner,32,,1,,,0,4,-0.5392975456837853,-0.2666966886686709,
Jessica Weaver,56,3.0,1,5.0,4.0,0,3,-0.8541774233391791,-1.2104025853482125,
Jessica Webster,59,,1,16.0,,0,3,-0.5582614717137968,0.8988375799465831,
Jessica Williams,60,4.5,3,5.666666666666667,11.0,0,5,4.681720548065141,-0.9623394641659628,
Jessica Williamson,19,,1,20.0,,1,1,1.007257253756818,-0.015406963693866208,High Value Satisfied Customers
Jessica Willis,38,,2,17.0,,0,5,2.0887505305373106,0.48060114093179906,
Jesus Carney,46,1.0,1,21.0,2.0,0,0,-0.9036039205172899,1.0623660151880445,Low Engagement Customers
Jesus Cross,57,,1,23.0,,0,0,-0.552828760334839,1.5575926729806215,Low Engagement Customers
Jesus Davis,45,,1,,,0,3,-0.5496604116958247,0.0665763002385045,
Jesus Hebert,66,3.0,1,3.0,1.0,0,3,-0.9885065110883818,-1.549720828208387,
Jesus Ramos,52,,1,8.0,,0,3,-0.5570682375668632,-0.09207751845458605,
Jesus Snyder,70,,1,23.0,,0,0,-0.5631916263468784,1.8908656618877968,Low Engagement Customers
Jesus Spears,21,,1,,,0,4,-0.5305289667505212,-0.5486969100516654,
Jesus Thompson,39,,1,,,1,1,0.9865620481212203,-0.38176140152413873,High Value Satisfied Customers
Jill Baldwin,49,,1,20.0,,0,0,-0.5480966510055303,1.0482039483589471,Low Engagement Customers
Jill Burton,20,,1,0.0,,1,1,0.9954931836454806,-2.0184216100981165,High Value Satisfied Customers
Jill Duncan,68,,1,14.0,,0,3,-0.5665324562254805,0.9266999307887628,
Jill Frey,36,,1,,,1,1,0.9889534787393832,-0.45867055281041,High Value Satisfied Customers
Jill Glenn,58,,1,,,1,1,0.971416320872855,0.10532988995557918,High Value Satisfied Customers
Jill Greene,21,4.0,1,9.0,11.0,0,4,-0.5404763578351856,-1.3694176630712644,
Jill Hayes,20,,1,23.0,,0,0,-0.5233344493774961,0.609046473783276,Low Engagement Customers
Jill Jones,55,,1,,,0,3,-0.5576318470897011,0.32294013785940867,
Jill Leon,51,,1,12.0,,0,3,-0.5540777087130856,0.28801630381659166,
Jill Long,59,,1,,,0,3,-0.5608204212472517,0.42548567290777034,
Jill Phelps,46,,1,20.0,,0,0,-0.5457052203873674,0.9712947970726759,Low Engagement Customers
Jill Preston,39,,1,,,0,4,-0.5448775504594988,-0.08724200233403799,
Jill Walker,50,5.0,1,17.0,22.0,0,6,-0.10858448060676974,1.041781995965331,
Jill Webster,43,1.0,1,14.0,5.0,0,0,-0.7797899545011782,0.6682459808079988,Low Engagement Customers
Jill Weeks,63,,1,7.0,,0,3,-0.5663851628287249,0.08849015142009156,
Jill Williams,36,,1,11.0,,0,4,-0.5426689019508684,-0.19796200412308168,
Jillian Fletcher,46,,1,3.0,,0,3,-0.5550271079735248,-0.7530585785687137,
Jillian Gonzalez,21,,1,,,0,4,-0.5305289667505212,-0.5486969100516654,
Jillian Harris,33,,1,,,1,1,0.9913449093575462,-0.5355797040966812,High Value Satisfied Customers
Jillian Hester,38,,1,,,0,4,-0.5440804069201112,-0.11287838609612842,
Jillian Hill,29,5.0,1,14.0,11.0,0,2,-0.552779690825236,-1.2412086349331488,Frequent Support Users
Jillian Jackson,35,,1,,,0,4,-0.5416889763019482,-0.18978753738239967,
Jillian Lawson,39,,1,7.0,,0,4,-0.5472537178834213,-0.5267830588700785,
Jillian Ortiz,65,,1,,,0,3,-0.5656032824835776,0.5793039754803129,
Jim Harris,49,5.0,1,0.0,6.0,0,2,-0.785167676376906,-2.8032316432485196,Frequent Support Users
Jim Nunez,59,,1,4.0,,0,3,-0.5648416276569668,-0.3183530381532212,
Jim Roach,41,,1,3.0,,0,4,-0.5510413902765866,-0.8812404973791658,
Jimmy Anderson,24,,1,,,1,1,0.998519201212035,-0.766307157955495,High Value Satisfied Customers
Jimmy Brown DDS,55,5.0,1,16.0,0.0,1,2,0.49974068282878464,-2.106645870661895,Frequent Support Users
Jimmy Martin,49,,1,1.0,,0,3,-0.5585152312488828,-0.8790145302990765,
Jimmy Mayo,40,,1,9.0,,0,4,-0.546954168765614,-0.29828157209135403,
Jimmy Russell,67,,1,,,0,3,-0.5671975695623529,0.6305767430044937,
Jimmy Tate,19,3.0,1,11.0,0.0,0,2,-0.9884076473410929,-2.0741094454482485,Frequent Support Users
Jimmy Thompson,37,5.0,1,20.0,23.0,1,6,1.4766166762044914,0.8492262548811538,
Jimmy Wise,45,,1,1.0,,0,3,-0.5553266570913322,-0.9815600653474381,
Joan Benson,49,,1,,,0,3,-0.5528489858533753,0.16912183528686617,
Joan Smith,51,,1,23.0,,0,0,-0.5480458990985131,1.403774370408079,Low Engagement Customers
Joan Walls,19,,1,,,0,4,-0.5289346796717459,-0.5999696775758463,
Joann Fisher,52,3.0,1,5.0,17.0,0,3,-0.3081913571563934,0.38925878194935176,
Joann Hawkins,70,,1,,,0,3,-0.5695890001805158,0.7074858942907649,
Joann King,24,1.0,1,7.0,0.0,1,1,0.5541886808641717,-1.4780875328607799,High Value Satisfied Customers
Joanna Green,64,,1,21.0,,0,0,-0.5595054577677475,1.5341822562986203,Low Engagement Customers
Joanna Hernandez,59,,1,23.0,,1,1,0.9770165511671048,1.3143460413147017,High Value Satisfied Customers
Joanna Hoover,52,3.0,1,4.0,3.0,0,3,-0.8932908487429365,-1.5453196643930396,
Joanna Pena,24,,1,,,0,4,-0.5329203973686841,-0.4717877587653943,
Joanna Rubio,48,4.0,1,10.0,10.0,0,3,-0.6032045403027649,-0.7067417424746545,
Joanne Andersen,70,,1,15.0,,0,3,-0.5675783969756584,1.0794052498212607,
Joanne Lynch,33,,1,2.0,,1,1,0.9862270102906362,-1.4822835181743066,High Value Satisfied Customers
Joanne Sawyer,49,,1,,,0,3,-0.5528489858533753,0.16912183528686617,
Jocelyn Morris,41,,1,9.0,,0,4,-0.5477513123050016,-0.27264518832926365,
Jocelyn Morrison,38,,1,,,1,1,0.9873591916606079,-0.40739778528622916,High Value Satisfied Customers
Jocelyn Smith,37,,1,,,0,4,-0.5432832633807235,-0.13851476985821884,
Jodi Bailey,59,,1,,,0,3,-0.5608204212472517,0.42548567290777034,
Jodi Cowan,48,,1,19.0,,0,0,-0.5478478537947402,0.9211350130885395,Low Engagement Customers
Jodi Dickson,53,,1,,,0,3,-0.5560375600109259,0.2716673703352278,
Jodi Miller,31,2.0,2,16.0,19.0,0,5,2.4364793311640467,1.8312706424942273,
Jodi White,27,,1,,,0,4,-0.5353118279868471,-0.39487860747912296,
Jodi Williams,63,,1,16.0,,0,3,-0.5614500458713474,1.0013831149949448,
Jody Bennett,25,,1,18.0,,1,1,1.0013776998632973,-0.06445376413795775,High Value Satisfied Customers
Jody Hubbard,65,4.0,1,15.0,0.0,1,2,0.49988881742424757,-1.3676697850491149,Frequent Support Users
Jody Rodriguez,67,,1,,,0,3,-0.5671975695623529,0.6305767430044937,
Joe Browning,69,,1,,,0,3,-0.5687918566411282,0.6818495105286746,
Joe Collins,18,,1,,,0,4,-0.5281375361323583,-0.6256060613379367,
Joe Edwards,67,2.0,1,16.0,5.0,0,3,-0.8064926231072235,0.9023394946146102,
Joe Flores,31,3.0,1,0.0,17.0,0,4,-0.2941930744722403,-0.656268034596132,
Joe Kent,54,,1,,,0,3,-0.5568347035503135,0.29730375409731824,
Joe Mckee,46,3.0,1,1.0,23.0,1,7,1.476359636742524,0.3208248290823295,
Joe Patterson,35,,1,,,0,4,-0.5416889763019482,-0.18978753738239967,
Joe Rios,22,,1,6.0,,0,4,-0.5342506240424288,-1.0640341343339326,
Joe Stanley,24,,1,,,1,1,0.998519201212035,-0.766307157955495,High Value Satisfied Customers
Joel Barron,34,,1,18.0,,0,0,-0.5372361905719106,0.46079308891095677,Low Engagement Customers
Joel Brown,30,,1,,,0,4,-0.53770325860501,-0.3179694561928517,
Joel Clark,50,,1,22.0,,1,1,0.9836424966929961,0.9821860359475709,High Value Satisfied Customers
Joel Conway,56,,1,19.0,,0,0,-0.5542250021098414,1.126226083185263,Low Engagement Customers
Joel Graham,61,,1,,,0,3,-0.562414708326027,0.4767584404319512,
Joel Jones,33,,1,7.0,,0,4,-0.5424708566470954,-0.680601361442621,
Joel Reed,26,,1,19.0,,0,0,-0.5303106959282119,0.35713457032255036,Low Engagement Customers
Joel Roberts,50,4.0,1,11.0,14.0,0,6,-0.43723586812210113,-0.030280453489564086,
Joel Smith,45,,1,22.0,,1,1,0.9876282143899343,0.8540041171371189,High Value Satisfied Customers
Joel Walsh,58,,1,,,0,3,-0.5600232777078641,0.3998492891456799,
John Alvarez,51,,1,5.0,,0,3,-0.557916133013268,-0.42201155674162755,
John Andersen,50,4.0,1,2.0,7.0,0,2,-0.7344465577084514,-1.8597463644814545,Frequent Support Users
John Anderson,21,,1,,,0,4,-0.5305289667505212,-0.5486969100516654,
John Andrews,60,,2,,,1,5,3.599545675389449,0.17529772596055776,
John Barnes,36,,1,16.0,,0,0,-0.5399271703078808,0.3092007534185035,Low Engagement Customers
John Blevins,47,,1,19.0,,0,0,-0.5470507102553526,0.8954986293264491,Low Engagement Customers
John Bond,48,,1,0.0,,1,1,0.9731731645426265,-1.3006028647595844,High Value Satisfied Customers
John Bowman,43,3.0,1,15.0,6.0,0,0,-0.7548237875757439,-0.2674720741959215,Low Engagement Customers
John Brown,69,2.0,2,15.0,9.0,1,5,3.5195425965923337,1.1001113498737638,
John Butler,56,,1,8.0,,0,3,-0.5602568117244138,0.010468016593775635,
John Campbell,28,,2,17.0,,1,5,3.628161564511906,-0.07028209587920578,
John Carroll,52,2.0,1,22.0,3.0,1,1,0.6566869000704744,0.5699916630667591,High Value Satisfied Customers
John Carter,20,,1,,,1,1,1.0017077753695856,-0.8688526930038566,High Value Satisfied Customers
John Castillo,61,,1,,,0,3,-0.562414708326027,0.4767584404319512,
John Cole PhD,68,5.0,1,14.0,5.0,0,2,-0.8343902082576167,-1.0270236231405117,Frequent Support Users
John Collier,53,5.0,1,23.0,8.0,0,2,-0.6922369785112933,-0.10585943853257042,Frequent Support Users
John Cox,39,,1,,,0,4,-0.5448775504594988,-0.08724200233403799,
John Cruz,30,,1,,,0,4,-0.53770325860501,-0.3179694561928517,
John Cuevas,19,,1,,,0,4,-0.5289346796717459,-0.5999696775758463,
John Cummings,65,,1,,,0,3,-0.5656032824835776,0.5793039754803129,
John Davis,34,,2,2.0,,0,5,2.0837139097658985,-1.1434326667413177,
John Decker,23,,1,,,1,1,0.9993163447514226,-0.7919435417175853,High Value Satisfied Customers
John Dixon,21,,1,2.0,,0,4,-0.5356468658174312,-1.495400724129291,
John Escobar,68,2.0,1,22.0,11.0,0,0,-0.5534777692787638,2.322205142355492,Low Engagement Customers
John Fitzgerald,43,,1,11.0,,0,4,-0.5482489067265819,-0.018507317788448736,
John Ford,59,2.0,1,20.0,12.0,0,0,-0.5056465168487595,2.0195515779681923,Low Engagement Customers
John Fox,49,4.0,1,3.0,17.0,0,6,-0.3155645355133623,-0.47456027185374633,
John Frank,26,,1,,,0,4,-0.5345146844474594,-0.42051499124121344,
John Franklin,18,4.0,1,2.0,9.0,0,4,-0.6254306579826259,-2.418232659892051,
John Garcia,67,3.0,1,9.0,20.0,1,7,1.3387454333460322,1.27783232268832,
John Goodman,55,,2,16.0,,0,5,2.074650744039123,0.8149871133790192,
John Graham,50,,1,21.0,,0,0,-0.5483454482163205,1.1752728836293544,Low Engagement Customers
John Gray,25,,1,10.0,,1,1,0.9969909292345173,-0.875914176204494,High Value Satisfied Customers
John Green,35,,1,22.0,,0,0,-0.5358399487969082,0.8921596787063153,Low Engagement Customers
John Hale,49,,1,,,0,3,-0.5528489858533753,0.16912183528686617,
John Hall,65,,1,1.0,,0,3,-0.5712695278790851,-0.4688323901056299,
John Hammond,34,4.0,1,0.0,7.0,0,2,-0.722788953735444,-2.472793607691535,Frequent Support Users
John Hensley,65,3.0,2,12.0,0.0,0,5,1.605195737771042,-0.7747081724029747,
John Hernandez,23,5.0,2,4.0,0.0,0,2,1.6169531631606693,-3.8309863014776937,Frequent Support Users
John Howard,56,,1,,,0,3,-0.5584289906290888,0.3485765216214991,
John Huber DDS,62,,1,,,1,1,0.9682277467153044,0.20787542500394085,High Value Satisfied Customers
John Jennings,58,,1,,,0,3,-0.5600232777078641,0.3998492891456799,
John Johnson,24,,1,,,1,1,0.998519201212035,-0.766307157955495,High Value Satisfied Customers
John Jones,55,,3,13.666666666666666,,1,5,6.234534509448483,0.3024868291503096,
John Kaufman,60,,1,,,0,3,-0.5616175647866394,0.45112205666986077,
John Key,24,,1,,,0,4,-0.5329203973686841,-0.4717877587653943,
John King,64,,1,,,1,1,0.9666334596365291,0.25914819252812166,High Value Satisfied Customers
John Lara,70,3.0,1,2.0,5.0,0,3,-0.8252288186436882,-1.0248518747157498,
John Larson,67,1.0,1,19.0,22.0,1,7,1.4450720357333016,3.722125421748172,
John Lawrence,26,1.0,1,3.0,17.0,1,7,1.260213113427083,0.39341790092865164,
John Lee,42,4.0,1,5.0,14.0,0,6,-0.43414879777858495,-0.8439668326361894,
John Martin,42,,2,10.5,,0,5,2.081997705243876,-0.07616490882389997,
John Mcconnell,60,,1,11.0,,0,3,-0.5618003468961719,0.4173112061670884,
John Mccullough,41,4.0,1,4.0,10.0,0,4,-0.6009146134986364,-1.4947917378591897,
John Mckinney,47,4.0,3,12.333333333333334,15.0,2,5,7.929966824519079,-0.39265587169520383,
John Mendoza,52,,1,14.0,,0,3,-0.5537781595952782,0.5165177905953162,
John Miller,39,1.0,2,12.0,8.0,0,5,1.9772865282926777,0.7743473886882455,
John Mitchell,25,,1,,,0,4,-0.5337175409080718,-0.4461513750033039,
John Moore,24,5.0,2,6.5,1.0,0,2,1.659280538675486,-3.4208295464566625,Frequent Support Users
John Morgan,27,,1,23.0,,0,0,-0.5289144541532096,0.7885011601179089,Low Engagement Customers
John Morris,68,,1,15.0,,0,3,-0.5659841098968831,1.0281324822970799,
John Mosley,52,,1,,,0,3,-0.5552404164715382,0.2460309865731374,
John Myers,37,,2,5.0,,1,5,3.614407116714247,-1.0567452601201965,
John Norton,45,,1,21.0,,0,0,-0.5443597305193822,1.0470909648189024,Low Engagement Customers
John Oconnor,21,,1,,,1,1,1.0009106318301977,-0.8432163092417662,High Value Satisfied Customers
John Parker,55,4.0,1,3.0,22.0,0,6,-0.11157913058613607,0.3339529931595373,
John Patel,68,,1,4.0,,0,3,-0.5720159195114556,-0.08762558429440744,
John Patterson,58,,1,,,0,3,-0.5600232777078641,0.3998492891456799,
John Perez,24,4.5,2,7.5,15.0,2,5,5.311593185582436,-1.7832674987443762,
John Pittman Jr.,44,,1,,,0,3,-0.548863268156437,0.04093991647641409,
John Porter,42,,1,,,0,4,-0.5472689810776618,-0.010332851047766755,
John Price,38,,1,3.0,,0,4,-0.5486499596584237,-0.9581496486654368,
John Ramsey,21,,1,20.0,,0,0,-0.5257766319026762,0.3303852030204154,Low Engagement Customers
John Roberts,65,1.5,2,18.5,11.5,0,5,2.1019288755600005,2.266469025265079,
John Robertson,49,5.0,1,5.0,10.0,1,2,0.9160282667776422,-2.0668323149444428,Frequent Support Users
John Robinson,67,,1,22.0,,0,0,-0.561348542057313,1.7125239590932086,Low Engagement Customers
John Santana,70,1.0,1,12.0,11.0,1,1,0.9795519952551419,1.6486777951065943,High Value Satisfied Customers
John Shields,40,,1,15.0,,1,1,0.9877755077866901,0.01579433776844738,High Value Satisfied Customers
John Smith,48,,1,5.0,,0,3,-0.5555247023951051,-0.49892070802789884,
John Snow,28,,1,,,0,4,-0.5361089715262347,-0.3692422237170325,
John Solis,19,1.0,1,1.0,21.0,0,7,-0.09972856010427568,0.8293734807200782,
John Stephens,51,1.0,1,2.0,20.0,0,7,-0.16644246026879328,1.6202313201271403,
John Stewart,48,2.0,1,5.0,0.0,0,3,-1.0061469716369829,-1.355204825897336,
John Strickland,32,,1,22.0,,1,1,0.9979910804019737,0.5207311282299433,High Value Satisfied Customers
John Sutton,69,3.0,1,8.0,9.0,0,3,-0.654126984201874,0.08186302052465476,
John Taylor MD,65,,1,3.0,,0,3,-0.5701728352218901,-0.2659672870889958,
John Terry,52,,1,,,0,3,-0.5552404164715382,0.2460309865731374,
John Thomas,34,1.0,1,5.0,3.0,0,4,-0.8610580860694876,-0.7372524216019646,
John Tran,44,,1,,,0,3,-0.548863268156437,0.04093991647641409,
John Wade,50,2.0,1,16.0,19.0,0,7,-0.20839003767968792,2.2996668654931476,
John Walker,65,5.0,1,6.0,7.0,0,2,-0.7528782418028129,-1.6535152015170231,Frequent Support Users
John Walters,49,,1,,,0,3,-0.5528489858533753,0.16912183528686617,
John Woods,59,,1,,,0,3,-0.5608204212472517,0.42548567290777034,
John Young Jr.,58,3.0,1,0.0,11.0,1,1,0.96520172914875,-1.0442390271386806,High Value Satisfied Customers
Johnathan Farrell,52,,1,12.0,,0,3,-0.5548748522524732,0.31365268757868203,
Johnathan Kelley,70,,1,,,1,1,0.9618505984002033,0.41296649510066413,High Value Satisfied Customers
Johnathan Meadows,60,,1,,,0,3,-0.5616175647866394,0.45112205666986077,
Johnathan Powell,20,,1,,,1,1,1.0017077753695856,-0.8688526930038566,High Value Satisfied Customers
Johnathan Wallace,54,,1,,,1,1,0.9746048950304056,0.002784354907217513,High Value Satisfied Customers
Johnny Carson,70,,1,6.0,,0,3,-0.5725135139330358,0.16651228624640732,
Johnny Cook,59,2.0,1,14.0,22.0,0,7,-0.09140006249324047,2.720346193799772,
Johnny Hensley,55,,1,,,0,3,-0.5576318470897011,0.32294013785940867,
Johnny Hernandez,24,,1,22.0,,0,0,-0.5270713698636441,0.6101594573233207,Low Engagement Customers
Johnny Herring,59,,1,,,0,3,-0.5608204212472517,0.42548567290777034,
Johnny Mann,47,2.0,1,10.0,5.0,0,3,-0.7938398302910555,-0.21898348967710024,
Johnny Mitchell,28,2.0,1,15.0,16.0,0,7,-0.3166621858398884,1.2414168937543968,
Johnny Nguyen,51,,1,,,1,1,0.9769963256485685,-0.07412479637905373,High Value Satisfied Customers
Johnny Sims,40,,1,20.0,,0,0,-0.5409223591510415,0.8174764945001333,Low Engagement Customers
Johnny Smith,52,,1,,,0,3,-0.5552404164715382,0.2460309865731374,
Johnny Stokes,44,,1,18.0,,0,0,-0.5452076259657871,0.7171569265318609,Low Engagement Customers
Jon Boone,43,,1,11.0,,0,4,-0.5482489067265819,-0.018507317788448736,
Jon Bowen,24,,1,,,1,1,0.998519201212035,-0.766307157955495,High Value Satisfied Customers
Jon Burke,18,,1,,,0,4,-0.5281375361323583,-0.6256060613379367,
Jon Reed,31,,1,21.0,,0,0,-0.5331997209679552,0.6881815921496365,Low Engagement Customers
Jon Smith,36,5.0,1,11.0,18.0,1,6,1.2637104366229497,-0.7439980548965307,
Jon Trujillo,66,,1,,,0,3,-0.5664004260229653,0.6049403592424033,
Jon Woodward,42,,1,,,0,4,-0.5472689810776618,-0.010332851047766755,
Jonathan Bailey,66,4.0,1,8.0,9.0,0,3,-0.6604034699016479,-0.5790909302618092,
Jonathan Chaney,42,,1,14.0,,1,1,0.9856328743793173,-0.034365446215688794,High Value Satisfied Customers
Jonathan Chang,36,,1,1.0,,1,1,0.9832872333438757,-1.5068069183963526,High Value Satisfied Customers
Jonathan Conley,32,,1,1.0,,0,4,-0.5449637910792928,-1.3148330542546134,
Jonathan Cook,46,,1,,,0,3,-0.5504575552352123,0.09221268400059492,
Jonathan Cooper,53,1.0,1,7.0,16.0,0,7,-0.33230962863542274,1.6549108752403137,
Jonathan Delgado,51,,1,,,0,3,-0.5544432729321506,0.220394602811047,
Jonathan Estrada,37,,1,22.0,,1,1,0.9940053627050355,0.6489130470403954,High Value Satisfied Customers
Jonathan Farrell,28,3.0,1,11.0,23.0,0,7,-0.03524791484324244,1.1682148356379731,
Jonathan Flowers,57,,1,19.0,,0,0,-0.555022145649229,1.1518624669473534,Low Engagement Customers
Jonathan Forbes,64,,1,,,1,1,0.9666334596365291,0.25914819252812166,High Value Satisfied Customers
Jonathan Fox,58,,1,,,0,3,-0.5600232777078641,0.3998492891456799,
Jonathan Glover,26,1.0,1,0.0,6.0,1,1,0.7992778888814763,-1.3512086709659292,High Value Satisfied Customers
Jonathan Gonzales,33,,1,14.0,,0,4,-0.5386324323469129,0.029426499115598224,
Jonathan Guerrero,52,2.0,1,1.0,16.0,0,7,-0.3434704793855569,0.4366343829281283,
Jonathan Hines,36,,1,23.0,,0,0,-0.5360887460076984,1.0192286139767226,Low Engagement Customers
Jonathan Jones,45,,1,14.0,,1,1,0.9832414437611543,0.04254370507058247,High Value Satisfied Customers
Jonathan King,43,,2,7.0,,1,5,3.610720948135116,-0.7000618545310198,
Jonathan Knight,70,1.0,1,9.0,20.0,0,7,-0.1777497632169761,2.8173504721650775,
Jonathan Mcdonald,30,,1,,,0,4,-0.53770325860501,-0.3179694561928517,
Jonathan Morris,57,2.0,1,0.0,19.0,0,7,-0.22274358371296143,0.8562007276947079,
Jonathan Murphy,64,,1,,,0,3,-0.56480613894419,0.5536675917182224,
Jonathan Peters,61,5.0,1,12.0,7.0,0,2,-0.7463995896736774,-1.1474654275154825,Frequent Support Users
Jonathan Phillips MD,23,,1,,,0,4,-0.5321232538292965,-0.4974241425274846,
Jonathan Pollard,27,,1,,,0,4,-0.5353118279868471,-0.39487860747912296,
Jonathan Poole,26,,1,6.0,,0,4,-0.5374391981999794,-0.9614885992855708,
Jonathan Thompson,33,,1,15.0,,1,1,0.9933555125624036,-0.1636603485661855,High Value Satisfied Customers
Jonathan Thornton,54,,1,,,0,3,-0.5568347035503135,0.29730375409731824,
Jonathan Watson,57,4.0,1,6.0,9.0,1,1,0.877113727876365,-1.3072028863273577,High Value Satisfied Customers
Jonathan Webb,46,,1,18.0,,0,0,-0.5468019130445624,0.7684296940560418,Low Engagement Customers
Jonathan Williams,54,,1,,,0,3,-0.5568347035503135,0.29730375409731824,
Jonathan Wilson,38,,1,,,0,4,-0.5440804069201112,-0.11287838609612842,
Jonathan Zamora,26,,1,18.0,,0,0,-0.5308590422568095,0.2557020188142334,Low Engagement Customers
Jonathon Barrett,45,,1,19.0,,1,1,0.9859831754041418,0.5497064626121676,High Value Satisfied Customers
Jonathon Cardenas,67,5.0,1,23.0,14.0,0,6,-0.452875068666458,1.0386838890655847,
Jonathon Copeland,68,,1,13.0,,0,3,-0.5670808025540781,0.8252673792804458,
Jordan Barker,66,,1,,,0,3,-0.5664004260229653,0.6049403592424033,
Jordan Bird,61,3.0,1,11.0,7.0,1,1,0.8018274952143178,-0.3753277792135147,High Value Satisfied Customers
Jordan Black,64,,1,19.0,,0,0,-0.5606021504249425,1.3313171532819863,Low Engagement Customers
Jordan Carter,37,4.0,1,20.0,18.0,0,6,-0.25492327222184263,1.0730954911307065,
Jordan Collins,59,,1,,,0,3,-0.5608204212472517,0.42548567290777034,
Jordan Farmer,21,,1,1.0,,0,4,-0.5361952121460287,-1.596833275637608,
Jordan Gonzalez,22,3.0,1,1.0,1.0,1,1,0.5769107105681988,-3.1751062159471,High Value Satisfied Customers
Jordan Ho,20,,1,,,1,1,1.0017077753695856,-0.8688526930038566,High Value Satisfied Customers
Jordan Hopkins,47,5.0,1,12.0,20.0,0,6,-0.19244208809701513,0.19583210216117788,
Jordan Kennedy,43,,1,,,1,1,0.9833734739636697,-0.27921586647577706,High Value Satisfied Customers
Jordan Khan,61,1.0,1,0.0,2.0,1,1,0.6043632520720671,-0.9776912092453575,High Value Satisfied Customers
Jordan Kim,65,,2,2.0,,0,5,2.0590024600448813,-0.3487047701165151,
Jordan Lopez,54,,1,,,0,3,-0.5568347035503135,0.29730375409731824,
Jordan Lynch,26,2.0,1,23.0,18.0,1,7,1.3042657769138066,1.9689631240829477,
Jordan Mccann,25,,1,13.0,,0,4,-0.5328036303604092,-0.2770971224894421,
Jordan Moran,61,,1,6.0,,0,3,-0.565339222078547,-0.06421516761240632,
Jordan Peterson,24,,1,21.0,,1,1,1.0038198823884774,0.21420750662490284,High Value Satisfied Customers
Jordan Reed,25,,1,9.0,,0,4,-0.5349970156747993,-0.6828273285227102,
Jordan Rodriguez MD,34,,1,3.0,,0,4,-0.5454613855008731,-1.0606951837137986,
Jordan Shaffer,69,,1,1.0,,0,3,-0.5744581020366357,-0.36628685505726816,
Jordan Short,31,3.0,1,23.0,5.0,0,0,-0.7826249477070226,0.10541274023738156,Low Engagement Customers
Jordan Wang,48,,1,23.0,,0,0,-0.5456544684803502,1.3268652191218078,Low Engagement Customers
Jorge Jennings,30,5.0,1,7.0,10.0,0,2,-0.5991689118975166,-2.0565391042174257,Frequent Support Users
Jorge Lee,60,,1,,,0,3,-0.5616175647866394,0.45112205666986077,
Jorge Pena,69,,1,17.0,,1,1,0.9657550378016433,0.9621145698857037,High Value Satisfied Customers
Jorge Ramos,46,,1,,,0,3,-0.5504575552352123,0.09221268400059492,
Jorge Williams,42,,1,12.0,,0,4,-0.5469034168585968,0.05728884995777788,
Jorge Willis,27,3.0,1,18.0,4.0,1,1,0.7075078401555491,-0.929753944030814,High Value Satisfied Customers
Jose Allen,48,2.0,1,17.0,11.0,0,0,-0.5402766301339983,1.3023147095720984,Low Engagement Customers
Jose Arnold,55,,1,6.0,,0,3,-0.5605563608422212,-0.21803347018494884,
Jose Bell,47,,1,,,0,3,-0.5512546987746,0.11784906776268533,
Jose Bradley,36,,1,23.0,,0,0,-0.5360887460076984,1.0192286139767226,Low Engagement Customers
Jose Brewer,56,,1,,,0,3,-0.5584289906290888,0.3485765216214991,
Jose Brooks,46,,1,11.0,,0,3,-0.5506403373447448,0.058401833497822526,
Jose Davis,18,,1,,,1,1,1.0033020624483606,-0.9201254605280375,High Value Satisfied Customers
Jose Erickson,42,,1,11.0,,1,1,0.9839878353935249,-0.33866310074063993,High Value Satisfied Customers
Jose Glenn,53,,1,,,0,3,-0.5560375600109259,0.2716673703352278,
Jose Hunter,18,,1,4.0,,0,4,-0.5321587425420732,-1.3694447723989283,
Jose Jones,56,1.5,2,12.0,3.0,0,5,1.7506328638005673,0.2634485504529452,
Jose King,51,1.0,1,13.0,14.0,1,7,1.1205070285302359,1.6558360325996377,
Jose Mckenzie,53,,1,,,0,3,-0.5560375600109259,0.2716673703352278,
Jose Pena,54,3.0,1,11.0,23.0,0,7,-0.05597364686732123,1.834760813452324,
Jose Reynolds,42,,1,,,1,1,0.9841706175030573,-0.3048522502378675,High Value Satisfied Customers
Jose Rogers,67,,1,,,0,3,-0.5671975695623529,0.6305767430044937,
Jose Turner,36,,1,,,0,4,-0.5424861198413359,-0.16415115362030927,
Jose Watson,19,,1,15.0,,0,4,-0.5269240764668884,-0.22805032204535064,
Jose Williams,61,,1,6.0,,0,3,-0.565339222078547,-0.06421516761240632,
Joseph Bradford,32,,1,8.0,,0,4,-0.5411253667791103,-0.6048051936963944,
Joseph Brown,27,2.5,4,21.5,14.5,0,5,7.509905695613457,1.4427464117564417,
Joseph Castaneda,51,,1,,,1,1,0.9769963256485685,-0.07412479637905373,High Value Satisfied Customers
Joseph Christian,31,,1,,,0,4,-0.5385004021443976,-0.29233307243076134,
Joseph Copeland,31,,1,7.0,,1,1,0.9905630290123989,-1.0263935281569025,High Value Satisfied Customers
Joseph Costa,37,,1,,,0,4,-0.5432832633807235,-0.13851476985821884,
Joseph Daniels,60,,1,8.0,,0,3,-0.5634453858819644,0.1130135516421373,
Joseph Davis,20,4.0,1,6.0,15.0,0,4,-0.3743096403507488,-1.1755957314057135,
Joseph Day,23,,1,,,1,1,0.9993163447514226,-0.7919435417175853,High Value Satisfied Customers
Joseph Dixon,59,,1,4.0,,0,3,-0.5648416276569668,-0.3183530381532212,
Joseph Donaldson,64,3.0,1,21.0,14.0,0,0,-0.43424449806961635,1.9269992337630646,Low Engagement Customers
Joseph Doyle,33,4.0,1,16.0,18.0,0,6,-0.25392808337868206,0.5648197500490768,
Joseph Ferguson,25,,1,,,0,4,-0.5337175409080718,-0.4461513750033039,
Joseph Fisher,31,,1,,,0,4,-0.5385004021443976,-0.29233307243076134,
Joseph Fitzgerald,68,,1,1.0,,0,3,-0.5736609584972481,-0.3919232388193586,
Joseph Fox,48,4.0,1,22.0,11.0,0,0,-0.5548707311268846,0.641387868113298,Low Engagement Customers
Joseph Gallegos,42,,1,,,0,4,-0.5472689810776618,-0.010332851047766755,
Joseph Gonzalez,26,,1,16.0,,1,1,0.9994838636667146,-0.24168248339250145,High Value Satisfied Customers
Joseph Gray,57,,1,,,0,3,-0.5592261341684764,0.37421290538358953,
Joseph Green,66,,1,,,1,1,0.9650391725577538,0.3104209600523025,High Value Satisfied Customers
Joseph Huffman,27,,1,,,0,4,-0.5353118279868471,-0.39487860747912296,
Joseph Jackson,33,,1,5.0,,0,4,-0.5435675493042904,-0.883466464459255,
Joseph Key,54,,1,,,0,3,-0.5568347035503135,0.29730375409731824,
Joseph King,37,,1,,,0,4,-0.5432832633807235,-0.13851476985821884,
Joseph Leonard,21,,1,,,1,1,1.0009106318301977,-0.8432163092417662,High Value Satisfied Customers
Joseph Lopez,53,,1,23.0,,0,0,-0.5496401861772884,1.4550471379322598,Low Engagement Customers
Joseph Martin,52,,2,5.0,,0,5,2.0710103650427136,-0.37768010449873946,
Joseph Mata,51,,1,13.0,,0,3,-0.5535293623844881,0.3894488553249087,
Joseph Mathis,43,,1,,,0,4,-0.5480661246170494,0.015303532714323676,
Joseph Mcfarland,26,,1,,,0,4,-0.5345146844474594,-0.42051499124121344,
Joseph Mckay,42,1.0,1,22.0,3.0,0,0,-0.8581133467984313,1.192192024136148,Low Engagement Customers
Joseph Meyers,70,1.0,1,20.0,7.0,0,0,-0.7145154456276388,2.2309016364106387,Low Engagement Customers
Joseph Miller,45,,1,,,0,3,-0.5496604116958247,0.0665763002385045,
Joseph Moore,62,,1,1.0,,1,1,0.9625615013197969,-0.8402609405820018,High Value Satisfied Customers
Joseph Moreno,48,1.0,1,17.0,23.0,1,7,1.5008747235571822,3.163108019739968,
Joseph Mosley,22,5.0,1,21.0,0.0,0,2,-1.0026514473091546,-2.1509643780791925,Frequent Support Users
Joseph Mullins,69,,1,,,0,3,-0.5687918566411282,0.6818495105286746,
Joseph Neal,45,2.0,1,12.0,12.0,0,3,-0.4988732779261125,0.8491817932323901,
Joseph Nguyen,23,,1,22.0,,0,0,-0.5262742263242565,0.5845230735612303,Low Engagement Customers
Joseph Nicholson,53,3.0,1,0.0,7.0,0,3,-0.7292667646658725,-1.4016575167116245,
Joseph Obrien,60,3.0,1,22.0,8.0,0,0,-0.6810294969797307,1.1402522952941312,Low Engagement Customers
Joseph Oneal,37,,1,,,0,4,-0.5432832633807235,-0.13851476985821884,
Joseph Owen,60,,1,11.0,,0,3,-0.5618003468961719,0.4173112061670884,
Joseph Parker,50,,1,,,0,3,-0.5536461293927629,0.19475821904895657,
Joseph Peters,49,,1,22.0,,0,0,-0.5469999583483354,1.2510690513755813,Low Engagement Customers
Joseph Pierce,37,2.0,1,8.0,7.0,1,1,0.8279818174917657,-0.710853844528443,High Value Satisfied Customers
Joseph Ray,52,3.0,1,14.0,14.0,0,3,-0.4285171998971471,0.9093347680597607,
Joseph Reed,26,,1,9.0,,0,4,-0.5357941592141869,-0.6571909447606199,
Joseph Reid,68,,1,,,0,3,-0.5679947131017405,0.6562131267665842,
Joseph Reyes,54,,1,,,0,3,-0.5568347035503135,0.29730375409731824,
Joseph Reynolds,38,2.0,1,10.0,20.0,0,7,-0.16036073994591074,1.5143739437863084,
Joseph Rose,24,,1,13.0,,0,4,-0.5320064868210216,-0.3027335062515326,
Joseph Rowland,29,,1,,,0,4,-0.5369061150656224,-0.34360583995494215,
Joseph Smith,44,3.0,3,1.0,9.0,0,5,4.621410463173373,-1.2316842971242294,
Joseph Stewart,48,,1,9.0,,0,3,-0.5533313170807151,-0.0931905019946307,
Joseph Turner,67,,1,9.0,,0,3,-0.5684770443290804,0.3939007894850872,
Joseph Vasquez,56,3.0,1,20.0,22.0,1,7,1.4370531283592896,2.373468152873109,
Joseph Vaughn,51,4.0,1,16.0,17.0,0,6,-0.3100303203203701,0.895335665278556,
Joseph Wagner,65,2.0,1,13.0,16.0,1,1,1.1841864091262926,1.6925785907450073,High Value Satisfied Customers
Joseph Weiss,62,,1,0.0,,0,3,-0.5694264435895197,-0.6471740929002181,
Joseph Williams,56,2.0,1,2.0,4.0,1,1,0.6842850525736843,-1.2251748395630717,High Value Satisfied Customers
Joshua Abbott,39,,1,,,0,4,-0.5448775504594988,-0.08724200233403799,
Joshua Alvarez,20,1.0,1,17.0,12.0,0,7,-0.467535041480497,1.2994797562219076,
Joshua Anderson,43,2.0,1,21.0,15.0,0,0,-0.36708291419182854,2.103618966747507,Low Engagement Customers
Joshua Blair,32,,1,13.0,,0,4,-0.5383836351361228,-0.09764243615480923,
Joshua Brown,70,,2,16.0,,1,5,3.5941331895290274,0.9050134706202748,
Joshua Cameron,29,,1,2.0,,0,4,-0.5420240141325323,-1.2903096540325676,
Joshua Castillo,56,,1,21.0,,1,1,0.9783112891280727,1.0345717870117963,High Value Satisfied Customers
Joshua Christensen,51,4.0,1,4.0,23.0,1,6,1.4653510417134414,0.16925960291754005,
Joshua Crawford,68,,1,,,0,3,-0.5679947131017405,0.6562131267665842,
Joshua Daniels,26,,1,7.0,,0,4,-0.5368908518713819,-0.860056047777254,
Joshua Dodson,19,,1,7.0,,0,4,-0.5313108470956683,-1.0395107341118868,
Joshua Edwards,49,,2,13.5,,0,5,2.078062739453955,0.4075874320356841,
Joshua Garcia,37,3.0,2,12.0,1.0,1,5,3.2007090086873258,-1.6561073244434588,
Joshua Gibson,29,,1,,,0,4,-0.5369061150656224,-0.34360583995494215,
Joshua Gillespie,55,3.0,1,1.0,7.0,1,1,0.8011268931646688,-1.5434715968692274,High Value Satisfied Customers
Joshua Glover,21,5.0,1,15.0,21.0,0,6,-0.1283176638544334,-0.035477228640073674,
Joshua Gomez,34,5.0,1,1.0,18.0,0,6,-0.271618338164969,-1.5150769383137812,
Joshua Gonzales,31,,1,17.0,,0,0,-0.5353931062823452,0.28245138611636844,Low Engagement Customers
Joshua Gonzalez,54,,1,,,0,3,-0.5568347035503135,0.29730375409731824,
Joshua Griffin,66,,1,3.0,,1,1,0.9604696198194413,-0.534850302517006,High Value Satisfied Customers
Joshua Hall,53,4.0,1,13.0,7.0,0,2,-0.7308061787120419,-0.6670791466036959,Frequent Support Users
Joshua Harper,59,,1,,,0,3,-0.5608204212472517,0.42548567290777034,
Joshua Henderson,60,,1,,,1,1,0.9698220337940797,0.15660265747976004,High Value Satisfied Customers
Joshua Hernandez,51,,1,7.0,,0,3,-0.5568194403560731,-0.21914645372499347,
Joshua Hughes,43,,1,19.0,,1,1,0.9875774624829171,0.4984336950879867,High Value Satisfied Customers
Joshua Hurst,38,,1,17.0,,0,0,-0.5409731110580587,0.46190607245100135,Low Engagement Customers
Joshua Jensen,49,,1,,,0,3,-0.5528489858533753,0.16912183528686617,
Joshua Johnson,63,4.0,2,10.5,7.5,0,5,1.910451988284312,-0.5801321230287124,
Joshua Jones,63,,1,,,1,1,0.9674306031759168,0.23351180876603134,High Value Satisfied Customers
Joshua Lee,47,5.0,2,4.0,17.0,1,5,3.839073421752162,-1.2842696180791056,
Joshua Little,46,,1,4.0,,1,1,0.9769608369357917,-0.9461454262504974,High Value Satisfied Customers
Joshua Lynch,51,,1,,,0,3,-0.5544432729321506,0.220394602811047,
Joshua Madden,39,,1,,,0,4,-0.5448775504594988,-0.08724200233403799,
Joshua Mcdaniel,39,4.0,1,7.0,16.0,0,6,-0.3471533680378062,-0.4561328959295304,
Joshua Meyers,24,,1,,,1,1,0.998519201212035,-0.766307157955495,High Value Satisfied Customers
Joshua Miller,24,3.0,2,8.5,18.5,0,5,2.408401995540987,0.24155752410294967,
Joshua Moore,48,1.0,1,12.0,23.0,1,7,1.4981329919141948,2.655945262198383,
Joshua Morrow,65,5.0,1,2.0,17.0,1,6,1.19390450379062,-1.04437488185891,
Joshua Obrien,27,,1,9.0,,0,4,-0.5365913027535746,-0.6315545609985294,
Joshua Parks,65,,1,,,0,3,-0.5656032824835776,0.5793039754803129,
Joshua Perez,57,,1,,,1,1,0.9722134644122427,0.0796935061934888,High Value Satisfied Customers
Joshua Peters,19,,1,,,0,4,-0.5289346796717459,-0.5999696775758463,
Joshua Pollard,59,4.0,1,6.0,3.0,0,2,-0.9064420771793918,-1.7470446745419654,Frequent Support Users
Joshua Preston,23,,1,,,0,4,-0.5321232538292965,-0.4974241425274846,
Joshua Quinn,69,,1,4.0,,0,3,-0.5728130630508432,-0.061989200532316976,
Joshua Randolph,66,,1,,,0,3,-0.5664004260229653,0.6049403592424033,
Joshua Rogers,55,,1,,,1,1,0.973807751491018,0.028420738669307916,High Value Satisfied Customers
Joshua Sanchez,47,,1,1.0,,0,3,-0.5569209441701075,-0.9302872978232573,
Joshua Schmidt,25,5.0,1,22.0,0.0,0,2,-1.00449453159872,-1.9726226752846043,Frequent Support Users
Joshua Shaw,46,3.0,1,16.0,4.0,0,0,-0.8401741783307302,-0.35100835637762956,Low Engagement Customers
Joshua Singh,62,1.0,1,1.0,6.0,1,1,0.7711290677921185,-0.32686630402235717,High Value Satisfied Customers
Joshua Smith,32,4.0,2,10.0,20.0,0,5,2.4568099302499107,0.21116111069417812,
Joshua Stone,52,,1,,,0,3,-0.5552404164715382,0.2460309865731374,
Joshua Suarez,55,,1,,,0,3,-0.5576318470897011,0.32294013785940867,
Joshua Sullivan,65,,1,,,1,1,0.9658363160971415,0.2847845762902121,High Value Satisfied Customers
Joshua Swanson,68,,1,,,1,1,0.9634448854789786,0.3616937275764834,High Value Satisfied Customers
Joshua Thomas,24,,1,22.0,,0,0,-0.5270713698636441,0.6101594573233207,Low Engagement Customers
Joshua Thompson,34,4.0,1,7.0,15.0,0,6,-0.3849213035735784,-0.7152538072281305,
Joshua Torres,68,2.5,2,7.5,13.0,0,5,2.147468198858394,0.8399837991918925,
Joshua Valdez,34,3.0,1,0.0,12.0,0,4,-0.5053527712539552,-1.2340538457506014,
Joshua Villanueva,63,2.0,1,13.0,17.0,0,7,-0.30390524914294065,2.0667642148990755,
Joshua Walker,21,,1,,,0,4,-0.5305289667505212,-0.5486969100516654,
Joshua Walters,34,,1,,,1,1,0.9905477658181585,-0.5099433203345908,High Value Satisfied Customers
Joshua Webster,22,,1,,,0,4,-0.5313261102899088,-0.523060526289575,
Joshua Williams,21,4.0,1,23.0,5.0,0,0,-0.783321428631083,-0.7349958968837152,Low Engagement Customers
Joshua Young,35,,2,,,1,5,3.6194742638741397,-0.46561186809170274,
Joy Allen,60,,1,,,0,3,-0.5616175647866394,0.45112205666986077,
Joy Brown,30,1.0,1,3.0,15.0,0,7,-0.35792236577660724,0.5286048501908178,
Joy Chavez,62,,1,3.0,,1,1,0.9636581939769919,-0.6373958375653678,High Value Satisfied Customers
Joy Daniels,55,,1,,,0,3,-0.5576318470897011,0.32294013785940867,
Joy Wilson,32,,1,,,0,4,-0.5392975456837853,-0.2666966886686709,
Joyce Pierce,33,,1,,,1,1,0.9913449093575462,-0.5355797040966812,High Value Satisfied Customers
Juan Bates,63,,1,,,1,1,0.9674306031759168,0.23351180876603134,High Value Satisfied Customers
Juan Brock,55,,1,7.0,,0,3,-0.5600080145136237,-0.11660091867663182,
Juan Castro,52,,1,7.0,,0,3,-0.5576165838954608,-0.1935100699629031,
Juan Gonzalez,60,,1,,,0,3,-0.5616175647866394,0.45112205666986077,
Juan Hardy,25,,1,,,0,4,-0.5337175409080718,-0.4461513750033039,
Juan Harris,28,,1,,,1,1,0.9953306270544844,-0.6637616229071333,High Value Satisfied Customers
Juan Hayes,70,,1,1.0,,1,1,0.9561843530046957,-0.6351698704852785,High Value Satisfied Customers
Juan Jones,36,,1,3.0,,0,4,-0.5470556725796484,-1.0094224161896177,
Juan Lowe,28,3.0,1,21.0,1.0,0,0,-0.9483448226768962,-0.6981174840181164,Low Engagement Customers
Juan Marshall,44,,1,,,0,3,-0.548863268156437,0.04093991647641409,
Juan Mendoza,64,,1,20.0,,0,0,-0.560053804096345,1.4327497047903033,Low Engagement Customers
Juan Perez,38,,1,,,0,4,-0.5440804069201112,-0.11287838609612842,
Juan Wall,37,,1,23.0,,0,0,-0.536885889547086,1.0448649977388131,Low Engagement Customers
Juan Walsh,52,,1,11.0,,0,3,-0.5554231985810707,0.212220136070365,
Judith Baker,35,,1,22.0,,1,1,0.9955996497838108,0.5976402795162146,High Value Satisfied Customers
Judith Clark,49,,1,4.0,,0,3,-0.5568701922630903,-0.5747168757741253,
Judy Casey,65,,1,,,1,1,0.9658363160971415,0.2847845762902121,High Value Satisfied Customers
Judy Jennings,58,2.0,1,13.0,18.0,0,7,-0.258165878213292,2.0695212885767718,
Judy Joseph,26,,1,,,1,1,0.9969249141332597,-0.7150343904313141,High Value Satisfied Customers
Judy Shaffer,18,,1,22.0,,1,1,1.0091510899534006,0.16182175556067746,High Value Satisfied Customers
Judy Weaver,38,,1,,,1,1,0.9873591916606079,-0.40739778528622916,High Value Satisfied Customers
Judy White,51,,1,23.0,,0,0,-0.5480458990985131,1.403774370408079,Low Engagement Customers
Julia Allen,34,1.0,1,12.0,4.0,0,4,-0.8154660085365947,0.1037144314444027,
Julia Campbell,48,,1,11.0,,0,3,-0.5522346244235201,0.10967460102200335,
Julia Davis,38,,1,,,0,4,-0.5440804069201112,-0.11287838609612842,
Julia Ferguson,19,3.0,1,3.0,5.0,0,4,-0.7840261518063208,-2.230874895074044,
Julia Garcia,69,3.0,2,3.0,9.5,1,5,3.525171350947582,-0.6356545714821593,
Julia Haynes,67,,1,19.0,,0,0,-0.5629935810431055,1.4082263045682575,Low Engagement Customers
Julia Hendricks,52,,1,,,0,3,-0.5552404164715382,0.2460309865731374,
Julia Matthews,63,,1,2.0,,1,1,0.9623127041090067,-0.7131920053115942,High Value Satisfied Customers
Julia Moore,21,,1,13.0,,0,4,-0.5296150562028586,-0.3796426575378038,
Julia Pacheco,44,,1,,,0,3,-0.548863268156437,0.04093991647641409,
Julia Ross,47,,1,,,0,3,-0.5512546987746,0.11784906776268533,
Julia Salazar,63,4.0,1,19.0,15.0,0,6,-0.40145831027265017,1.2453919399722957,
Julia Terry,65,,1,23.0,,0,0,-0.5592059086499401,1.7626837430773448,Low Engagement Customers
Julian Pope,48,,1,7.0,,0,3,-0.5544280097379102,-0.2960556050112647,
Julian Roberson,43,,1,,,0,4,-0.5480661246170494,0.015303532714323676,
Julian Robinson,50,,1,,,0,3,-0.5536461293927629,0.19475821904895657,
Julian West,46,3.0,1,19.0,0.0,0,0,-1.0055437522757793,-0.5704666718052712,Low Engagement Customers
Julie Aguilar,57,,1,,,1,1,0.9722134644122427,0.0796935061934888,High Value Satisfied Customers
Julie Anderson,62,,1,3.0,,1,1,0.9636581939769919,-0.6373958375653678,High Value Satisfied Customers
Julie Andrews,47,,1,,,0,3,-0.5512546987746,0.11784906776268533,
Julie Arellano,32,,1,,,1,1,0.9921420528969338,-0.5612160878587716,High Value Satisfied Customers
Julie Baldwin,18,,1,,,0,4,-0.5281375361323583,-0.6256060613379367,
Julie Brown,39,4.0,1,13.0,5.0,0,2,-0.8031534756260356,-1.287866504249258,Frequent Support Users
Julie Burns,51,3.0,2,10.0,8.0,1,5,3.4807278791076763,-0.5834901073737899,
Julie Carey,68,,1,,,1,1,0.9634448854789786,0.3616937275764834,High Value Satisfied Customers
Julie Carter,65,3.0,1,19.0,8.0,0,0,-0.6866602536624614,0.9641365595796321,Low Engagement Customers
Julie Chandler,31,,1,,,0,4,-0.5385004021443976,-0.29233307243076134,
Julie Christensen,58,5.0,1,14.0,4.0,0,2,-0.8681724260964506,-1.414326453249564,Frequent Support Users
Julie Erickson,51,3.0,1,14.0,12.0,1,1,1.0202122357575387,0.3273010001312731,High Value Satisfied Customers
Julie Escobar,28,,1,9.0,,0,4,-0.5373884462929622,-0.6059181772364389,
Julie Fields,37,2.0,1,22.0,9.0,1,1,0.9191659725575516,0.9710798615642917,High Value Satisfied Customers
Julie Haley,52,,1,11.0,,1,1,0.9760163999996483,-0.08229926311973573,High Value Satisfied Customers
Julie Hamilton,22,,1,,,1,1,1.00011348829081,-0.8175799254796757,High Value Satisfied Customers
Julie Hurst,26,,1,9.0,,0,4,-0.5357941592141869,-0.6571909447606199,
Julie Johnson,64,1.0,1,6.0,11.0,1,1,0.9810447785198828,0.8862641834841496,High Value Satisfied Customers
Julie Keller,28,,1,10.0,,1,1,0.9945994986163543,-0.7990050249182227,High Value Satisfied Customers
Julie Kennedy,19,,1,,,1,1,1.002504918908973,-0.894489076765947,High Value Satisfied Customers
Julie Larsen,63,5.0,1,2.0,0.0,0,2,-1.0457529126674006,-3.027091122491509,Frequent Support Users
Julie Leblanc,35,1.0,1,17.0,14.0,0,7,-0.3959848881058909,1.94590349762956,
Julie Liu,65,,1,23.0,,1,1,0.972233689930779,1.468164343887244,High Value Satisfied Customers
Julie Miller,62,,1,13.0,,1,1,0.9691416572629669,0.37692967751780243,High Value Satisfied Customers
Julie Moore,22,1.0,1,20.0,1.0,0,0,-0.9267744751332941,0.21472126090140953,Low Engagement Customers
Julie Mueller,37,,1,,,0,4,-0.5432832633807235,-0.13851476985821884,
Julie Nelson,56,,1,1.0,,0,3,-0.5640952360245963,-0.6995598439644436,
Julie Perez,44,4.0,1,16.0,9.0,1,1,0.8929600571743793,-0.626150360151363,High Value Satisfied Customers
Julie Perry,24,,1,4.0,,1,1,0.9944979948023199,-1.5101458690164864,High Value Satisfied Customers
Julie Phillips,27,,1,,,1,1,0.996127770593872,-0.6893980066692237,High Value Satisfied Customers
Julie Powers,61,,1,,,0,3,-0.562414708326027,0.4767584404319512,
Julie Ramirez,57,,1,,,0,3,-0.5592261341684764,0.37421290538358953,
Julie Roberts,19,2.0,1,15.0,23.0,0,7,-0.01721232135642678,1.92726238731262,
Julie Robinson,53,2.0,1,1.0,7.0,0,3,-0.7200505020193382,-0.7161801657031148,
Julie Rodriguez,20,,1,,,0,4,-0.5297318232111335,-0.5743332938137559,
Julie Sanford,24,,1,19.0,,0,0,-0.5287164088494366,0.3058618027983695,Low Engagement Customers
Julie Smith,47,,1,22.0,,1,1,0.986033927311159,0.9052768846612997,High Value Satisfied Customers
Julie Thomas,28,,1,,,0,4,-0.5361089715262347,-0.3692422237170325,
Julie Turner,27,3.0,1,11.0,11.0,0,4,-0.5354946100963796,-0.42868945798189534,
Julie Villegas,19,,1,,,0,4,-0.5289346796717459,-0.5999696775758463,
Julie Walsh,63,3.0,1,9.0,3.0,0,3,-0.8993176960332131,-0.7561566854684597,
Julie Wang,39,,1,,,1,1,0.9865620481212203,-0.38176140152413873,High Value Satisfied Customers
Julie Wells,44,,1,18.0,,1,1,0.986231972614932,0.42263752734176013,High Value Satisfied Customers
Justin Barnes,32,,1,13.0,,0,4,-0.5383836351361228,-0.09764243615480923,
Justin Barnett,60,,1,15.0,,0,3,-0.5596069615817819,0.8230414122003565,
Justin Blevins,40,,1,,,0,4,-0.5456746939988865,-0.06160561857194756,
Justin Brown,58,,2,19.0,,0,5,2.0739043524067524,1.1961939191902415,
Justin Buchanan,51,,1,9.0,,0,3,-0.5557227476988781,-0.016281350708359472,
Justin Castillo,62,,1,9.0,,1,1,0.9669482719485769,-0.028800528515465634,High Value Satisfied Customers
Justin Clark,36,1.0,2,19.0,21.0,1,5,4.057753473816978,2.8151536011160183,
Justin Cross,68,4.0,1,1.0,23.0,0,6,-0.08128503602266014,0.5952998715382266,
Justin Diaz,57,,1,13.0,,0,3,-0.558312223620814,0.5432671578974513,
Justin Estrada,45,,1,,,0,3,-0.5496604116958247,0.0665763002385045,
Justin Garcia,25,,1,13.0,,0,4,-0.5328036303604092,-0.2770971224894421,
Justin Giles,22,,1,18.0,,0,0,-0.5276704680992589,0.15315648376587174,Low Engagement Customers
Justin Gill,67,,1,,,0,3,-0.5671975695623529,0.6305767430044937,
Justin Greene,24,,1,,,0,4,-0.5329203973686841,-0.4717877587653943,
Justin Greer,40,3.0,1,19.0,15.0,1,1,1.1569835060319216,0.9452805137543081,High Value Satisfied Customers
Justin Ho,42,,1,0.0,,1,1,0.9779560257789524,-1.454421167332127,High Value Satisfied Customers
Justin Johnson,26,,2,9.5,,0,5,2.094203655545481,-0.5877796005256637,
Justin Kerr,25,,1,,,0,4,-0.5337175409080718,-0.4461513750033039,
Justin Knight,56,1.0,1,21.0,12.0,0,0,-0.4940388235840623,2.6281197776904306,Low Engagement Customers
Justin Lee,41,4.0,1,6.0,19.0,0,6,-0.2240350417470478,-0.11347570244922221,
Justin Martin,33,4.0,1,2.0,8.0,0,2,-0.679141464306151,-2.164625895948843,Frequent Support Users
Justin Mcconnell,68,3.0,1,17.0,22.0,1,7,1.4258423669008453,2.376807103493243,
Justin Melton,22,,1,17.0,,0,4,-0.5282188144278563,0.05172393225755472,
Justin Mora,40,,1,,,0,4,-0.5456746939988865,-0.06160561857194756,
Justin Morgan,34,5.0,1,13.0,6.0,0,2,-0.7660820210143238,-1.869154230071755,Frequent Support Users
Justin Murphy,43,2.0,2,8.0,9.0,0,5,2.004990305735511,0.018056910691294326,
Justin Navarro,36,,1,4.0,,0,4,-0.5465073262510509,-0.9079898646813008,
Justin Padilla,41,,1,,,0,4,-0.5464718375382741,-0.03596923480985717,
Justin Park,33,,1,3.0,,0,4,-0.5446642419614854,-1.0863315674758889,
Justin Patrick,59,,1,,,0,3,-0.5608204212472517,0.42548567290777034,
Justin Porter,19,,1,,,1,1,1.002504918908973,-0.894489076765947,High Value Satisfied Customers
Justin Rice,69,,1,,,0,3,-0.5687918566411282,0.6818495105286746,
Justin Richardson,34,,1,13.0,,0,4,-0.539977922214898,-0.046369668630628386,
Justin Ritter,67,,1,,,0,3,-0.5671975695623529,0.6305767430044937,
Justin Ross,30,4.0,1,6.0,16.0,0,6,-0.3405274225119149,-0.7882929012966613,
Justin Rowland,50,,1,,,0,3,-0.5536461293927629,0.19475821904895657,
Justin Smith,36,,1,,,0,4,-0.5424861198413359,-0.16415115362030927,
Justin Steele,22,2.0,1,5.0,10.0,0,4,-0.5678847072857999,-0.712360878830205,
Justin Thompson,36,3.0,1,20.0,14.0,0,0,-0.4124728252953597,1.1077479369162162,Low Engagement Customers
Justin Walker,23,,1,,,0,4,-0.5321232538292965,-0.4974241425274846,
Justin Weiss,65,2.0,1,19.0,11.0,0,0,-0.5527313776463934,1.9409983365442693,Low Engagement Customers
Justin Wilkerson,31,3.0,1,11.0,9.0,0,4,-0.622190490719351,-0.58802190790983,
Kaitlin Daniel,19,,1,,,0,4,-0.5289346796717459,-0.5999696775758463,
Kaitlyn Coffey,54,,1,,,0,3,-0.5568347035503135,0.29730375409731824,
Kaitlyn Craig,40,,1,12.0,,0,4,-0.5453091297798215,0.006016082433597051,
Kaitlyn Meyers,63,3.0,1,11.0,17.0,1,1,1.2177697404626464,0.985334913192148,High Value Satisfied Customers
Kaitlyn Rose,50,,1,,,0,3,-0.5536461293927629,0.19475821904895657,
Kara May,63,,1,0.0,,1,1,0.9612160114518118,-0.9160571083282283,High Value Satisfied Customers
Kara Mccarthy,19,,1,,,0,4,-0.5289346796717459,-0.5999696775758463,
Kara Wright PhD,47,2.0,1,22.0,20.0,0,7,-0.1609548758572296,2.962292015744927,
Karen Allen,62,,1,,,0,3,-0.5632118518654147,0.5023948241940417,
Karen Anderson,61,,1,,,1,1,0.9690248902546921,0.18223904124185047,High Value Satisfied Customers
Karen Benjamin,65,,1,,,0,3,-0.5656032824835776,0.5793039754803129,
Karen Branch,18,1.0,1,20.0,11.0,1,1,1.0253902299320794,1.1270462515444288,High Value Satisfied Customers
Karen Brewer,70,,1,17.0,,0,3,-0.5664817043184633,1.2822703528378947,
Karen Brown,46,,1,5.0,,1,1,0.9775091832643892,-0.8447128747421804,High Value Satisfied Customers
Karen Burke,55,3.0,1,21.0,18.0,0,0,-0.2600555932842859,2.220027749856844,Low Engagement Customers
Karen Calderon,32,,1,,,1,1,0.9921420528969338,-0.5612160878587716,High Value Satisfied Customers
Karen Collins,31,,1,0.0,,0,4,-0.5447149938685026,-1.441901989525021,
Karen Cook,52,4.0,1,0.0,11.0,0,3,-0.57012292451358,-1.487582730021315,
Karen Craig,35,,1,,,0,4,-0.5416889763019482,-0.18978753738239967,
Karen Diaz,59,,1,,,0,3,-0.5608204212472517,0.42548567290777034,
Karen Dudley,32,4.0,1,15.0,16.0,0,6,-0.3371865926333127,0.1758728298023729,
Karen Ford,21,1.0,1,7.0,6.0,0,4,-0.724337567702122,-0.4748433300280614,
Karen Frank,25,,1,16.0,,0,4,-0.5311585913746167,0.027200532035508918,
Karen Gomez,46,,1,0.0,,0,3,-0.5566721469593173,-1.0573562330936646,
Karen Hammond,70,,1,,,1,1,0.9618505984002033,0.41296649510066413,High Value Satisfied Customers
Karen Hernandez,59,4.0,1,6.0,4.0,0,2,-0.8646884239466814,-1.616105682053817,Frequent Support Users
Karen Hill,38,,1,12.0,,0,4,-0.5437148427010462,-0.045256685090583795,
Karen Hobbs,25,3.0,1,4.0,3.0,0,4,-0.87176797317947,-2.2375020259694804,
Karen Johnson,31,,1,2.0,,1,1,0.9878212973694115,-1.5335562856984875,High Value Satisfied Customers
Karen Marshall,36,,1,,,1,1,0.9889534787393832,-0.45867055281041,High Value Satisfied Customers
Karen Martinez,68,,1,4.0,,1,1,0.9594236790692635,-0.3821449834845082,High Value Satisfied Customers
Karen Montoya,45,2.0,1,12.0,14.0,0,7,-0.4153659714606917,1.1110597782086864,
Karen Moses,42,,1,,,0,4,-0.5472689810776618,-0.010332851047766755,
Karen Olson,25,,1,,,0,4,-0.5337175409080718,-0.4461513750033039,
Karen Perez,52,,1,20.0,,0,0,-0.5504880816236932,1.1251130996452183,Low Engagement Customers
Karen Porter,53,,1,3.0,,0,3,-0.5606071127492384,-0.5736038922340808,
Karen Ramirez,37,,1,,,0,4,-0.5432832633807235,-0.13851476985821884,
Karen Rojas,58,,1,,,0,3,-0.5600232777078641,0.3998492891456799,
Karen Rowe,47,,1,,,0,3,-0.5512546987746,0.11784906776268533,
Karen Rowland,27,5.0,1,2.0,9.0,1,2,0.8901667324256675,-3.0660694047235313,Frequent Support Users
Karen Russell,18,,1,16.0,,0,4,-0.5255785865989032,-0.15225415429912406,
Karen Santos,62,,1,1.0,,0,3,-0.5688780972609222,-0.5457415413919011,
Karen Scott,21,3.0,2,18.0,20.0,1,5,4.01007279471061,1.0301467016878119,
Karen Shelton,44,3.0,1,19.0,12.0,1,1,1.0285339721762399,0.6550090713382254,High Value Satisfied Customers
Karen Shields,43,,1,,,1,1,0.9833734739636697,-0.27921586647577706,High Value Satisfied Customers
Karen Smith,19,,1,6.0,,0,4,-0.5318591934242659,-1.1409432856202038,
Karen Stewart,22,3.0,1,8.0,10.0,1,1,0.9565320139627749,-1.2866274229955474,High Value Satisfied Customers
Karen Torres,33,5.0,1,0.0,12.0,0,2,-0.5218914603504412,-2.4277798285130774,Frequent Support Users
Karen Ward,53,,1,,,1,1,0.9754020385697932,-0.02285202885487292,High Value Satisfied Customers
Karen Watson,50,5.0,1,6.0,9.0,0,2,-0.6574137822465774,-1.7761829729720828,Frequent Support Users
Karen Weeks,21,,1,,,1,1,1.0009106318301977,-0.8432163092417662,High Value Satisfied Customers
Karen Wells,59,3.0,1,8.0,12.0,0,3,-0.5208945891098664,0.21831616036819504,
Karen Wheeler,35,,1,10.0,,0,4,-0.5424201047400782,-0.3250309393934891,
Karen Williams,23,2.0,1,1.0,2.0,1,1,0.6265351365794584,-2.4344860401966693,High Value Satisfied Customers
Karen Woods,31,,1,1.0,,1,1,0.9872729510408139,-1.6349888372068047,High Value Satisfied Customers
Karen Zimmerman,58,2.0,1,3.0,16.0,0,7,-0.3471566479646878,0.7933177885173048,
Kari Christensen,48,3.0,1,12.0,11.0,1,1,0.9797533204857964,-0.08341224665978036,High Value Satisfied Customers
Kari Hale,57,,1,2.0,,0,3,-0.5643440332353864,-0.5724909086940361,
Kari Lara,19,,1,16.0,,0,4,-0.5263757301382909,-0.12661777053703363,
Kari Morgan,49,1.0,1,1.0,17.0,0,7,-0.29065747921674673,1.074709023630198,
Karina Diaz,66,,1,13.0,,1,1,0.9659530831054163,0.47947521256616416,High Value Satisfied Customers
Karina Mcmahon,29,4.0,1,5.0,10.0,0,4,-0.5908005446973871,-1.7009957914959577,
Karina Solis,21,,1,,,0,4,-0.5305289667505212,-0.5486969100516654,
Karl Dixon,30,1.0,1,13.0,1.0,0,4,-0.9369900477485779,-0.2902155295600862,
Karl Jones,18,,1,,,0,4,-0.5281375361323583,-0.6256060613379367,
Karla Lindsey,30,5.0,1,9.0,12.0,0,6,-0.5145649127749008,-1.5917960162244955,
Karla West,51,2.0,1,7.0,1.0,1,1,0.5657515422154789,-1.2390109782963832,High Value Satisfied Customers
Katelyn Johnson,23,4.0,1,11.0,21.0,1,6,1.4080021786510573,-0.10040926683906876,
Katelyn Sexton,34,,1,21.0,,0,0,-0.5355911515861181,0.7650907434359078,Low Engagement Customers
Katelyn Stark,22,5.0,1,14.0,15.0,1,6,1.151254525462038,-1.1914267505052898,
Katherine Acosta,69,,1,,,0,3,-0.5687918566411282,0.6818495105286746,
Katherine Adams,67,,1,9.0,,0,3,-0.5684770443290804,0.3939007894850872,
Katherine Allen,18,,1,,,0,4,-0.5281375361323583,-0.6256060613379367,
Katherine Brock,65,,1,,,0,3,-0.5656032824835776,0.5793039754803129,
Katherine Coleman,62,,1,,,0,3,-0.5632118518654147,0.5023948241940417,
Katherine Collins,37,,1,8.0,,0,4,-0.5451110844760485,-0.4766232748859423,
Katherine Cross,54,,1,,,0,3,-0.5568347035503135,0.29730375409731824,
Katherine Ferguson,35,1.0,1,10.0,14.0,0,7,-0.3998233124060734,1.2358756370713408,
Katherine Fleming,25,,1,,,0,4,-0.5337175409080718,-0.4461513750033039,
Katherine Gould,39,,1,,,0,4,-0.5448775504594988,-0.08724200233403799,
Katherine King,58,,1,15.0,,0,3,-0.5580126745030066,0.7717686446761757,
Katherine Lyons,19,,1,,,0,4,-0.5289346796717459,-0.5999696775758463,
Katherine Mills,66,,1,6.0,,0,3,-0.5693249397754853,0.06396675119804571,
Katherine Montgomery,43,,1,12.0,,0,4,-0.5477005603979844,0.08292523371986829,
Katherine Montoya,67,3.0,1,16.0,4.0,1,1,0.6745254059228483,-0.10716369656383155,High Value Satisfied Customers
Katherine Moore,50,,2,,,0,5,2.0760775122026063,0.2134532875297543,
Katherine Potter,42,3.0,1,21.0,8.0,0,0,-0.6672292595993505,0.5773648360681867,Low Engagement Customers
Katherine Reed,56,,1,,,0,3,-0.5584289906290888,0.3485765216214991,
Katherine Reid,67,,1,,,0,3,-0.5671975695623529,0.6305767430044937,
Katherine Shaw,27,,1,,,0,4,-0.5353118279868471,-0.39487860747912296,
Katherine Smith,47,,1,,,0,3,-0.5512546987746,0.11784906776268533,
Katherine Stark,27,,1,,,0,4,-0.5353118279868471,-0.39487860747912296,
Katherine Stone,54,,1,13.0,,0,3,-0.5559207930026511,0.46635800661117993,
Katherine Williams,47,,1,,,0,3,-0.5512546987746,0.11784906776268533,
Katherine Young,60,,1,,,0,3,-0.5616175647866394,0.45112205666986077,
Kathleen Abbott,19,3.0,1,22.0,12.0,0,0,-0.4813319989339956,0.6129165310010168,Low Engagement Customers
Kathleen Alvarez,31,,1,,,1,1,0.9929391964363214,-0.5868524716208621,High Value Satisfied Customers
Kathleen Brown,69,5.0,1,5.0,18.0,0,6,-0.29732497672914665,-0.21207330060734841,
Kathleen Figueroa,46,,1,,,0,3,-0.5504575552352123,0.09221268400059492,
Kathleen Gallegos,69,,1,17.0,,0,3,-0.5656845607790757,1.2566339690758044,
Kathleen Glenn,34,1.0,1,22.0,13.0,1,1,1.0972399324244928,2.001971479730806,High Value Satisfied Customers
Kathleen Graves,64,3.0,1,7.0,16.0,1,1,1.1730255583761584,0.47430209843282195,High Value Satisfied Customers
Kathleen Joseph,21,4.0,1,20.0,6.0,0,0,-0.7432128143841651,-0.9083545589205181,Low Engagement Customers
Kathleen Kelley,32,4.0,1,4.0,21.0,0,6,-0.13445013608433312,-0.2851902743483736,
Kathleen Lewis,54,,1,,,0,3,-0.5568347035503135,0.29730375409731824,
Kathleen Lopez,57,2.0,1,22.0,14.0,1,1,1.1119913679333504,2.1385024992468407,High Value Satisfied Customers
Kathleen Love,34,,1,,,0,4,-0.5408918327625606,-0.21542392114449005,
Kathleen Martinez,34,,1,6.0,,0,4,-0.5438163465150806,-0.7563975291888476,
Kathleen May,59,,1,,,0,3,-0.5608204212472517,0.42548567290777034,
Kathleen Mckenzie,33,1.0,1,5.0,17.0,0,7,-0.2757097972721544,1.0702570894700194,
Kathleen Miller,34,,2,16.0,,0,5,2.0913907583662636,0.2766230543751204,
Kathleen Oliver,64,,1,12.0,,0,3,-0.564440574725125,0.621289292723767,
Kathleen Richards,51,4.0,1,23.0,3.0,0,0,-0.8907430412781332,-0.22778236899729926,Low Engagement Customers
Kathleen Thornton,66,,1,6.0,,0,3,-0.5693249397754853,0.06396675119804571,
Kathleen Tran,45,2.0,1,6.0,5.0,1,1,0.7370006700540488,-0.97050586242465,High Value Satisfied Customers
Kathleen Zimmerman,46,,1,19.0,,0,0,-0.5462535667159649,0.8698622455643586,Low Engagement Customers
Kathryn Austin,62,1.0,1,4.0,4.0,0,3,-0.8421727982682288,0.010072764716398367,
Kathryn Avery,23,,1,,,0,4,-0.5321232538292965,-0.4974241425274846,
Kathryn Baker,27,4.0,1,11.0,19.0,0,6,-0.21013330055263324,0.03477768242309711,
Kathryn Burgess,56,,1,3.0,,0,3,-0.5629985433674013,-0.4966947409478096,
Kathryn Gilbert,38,,1,,,0,4,-0.5440804069201112,-0.11287838609612842,
Kathryn Hayes,68,,1,1.0,,1,1,0.957778640083471,-0.6864426380094593,High Value Satisfied Customers
Kathryn Hudson,63,,1,22.0,,1,1,0.9732796306809567,1.3154590248547464,High Value Satisfied Customers
Kathryn Hunter,45,,1,23.0,,1,1,0.9881765607185319,0.9554366686454359,High Value Satisfied Customers
Kathryn Lara,52,,1,,,0,3,-0.5552404164715382,0.2460309865731374,
Kathryn Lowe,53,3.0,1,18.0,15.0,0,0,-0.3853673048894343,1.4716403503432673,Low Engagement Customers
Kathryn Madden,33,5.0,1,6.0,21.0,0,6,-0.14281850328446263,-0.6407335870698417,
Kathryn Miller,50,,1,,,0,3,-0.5536461293927629,0.19475821904895657,
Kathryn Rice,66,4.0,1,15.0,16.0,0,6,-0.3642894729724927,1.047509877713447,
Kathryn Smith,36,,1,,,0,4,-0.5424861198413359,-0.16415115362030927,
Kathryn Thompson,22,,1,6.0,,1,1,0.9971889745382903,-1.3585535335240333,High Value Satisfied Customers
Kathryn Torres,67,4.0,1,0.0,19.0,0,6,-0.2480508517427116,-0.05552503368477334,
Kathryn White,53,,1,,,0,3,-0.5560375600109259,0.2716673703352278,
Kathryn Williams,57,1.0,1,0.0,3.0,0,3,-0.882134119118391,-0.65477835261547,
Kathy Bates,36,,1,15.0,,0,4,-0.5404755166364784,0.2077682019101864,
Kathy Fisher,55,,1,15.0,,0,3,-0.5556212438848437,0.6948594933899044,
Kathy Hart DDS,22,,1,8.0,,0,4,-0.5331539313852338,-0.8611690313172985,
Kathy Kaiser,54,,1,8.0,,0,3,-0.5586625246456385,-0.040804750930405226,
Kathy Knight,41,1.0,1,16.0,5.0,1,1,0.7543406238155113,0.5253189171103514,High Value Satisfied Customers
Kathy Moore,38,,1,2.0,,0,4,-0.5491983059870211,-1.0595822001737538,
Kathy Parker,41,5.0,1,1.0,19.0,0,6,-0.23544468970797214,-1.2046832594910002,
Kathy Rodriguez,35,3.0,1,1.0,8.0,0,4,-0.672616181395587,-1.6307408804327868,
Kathy Thornton,30,,1,,,1,1,0.9937363399757091,-0.6124888553829524,High Value Satisfied Customers
Katie Anderson,49,,1,16.0,,0,0,-0.5502900363199204,0.6424737423256789,Low Engagement Customers
Katie Brown,40,,1,,,0,4,-0.5456746939988865,-0.06160561857194756,
Katie Chase,56,2.0,1,13.0,2.0,1,1,0.606809555722836,-0.371294757947881,High Value Satisfied Customers
Katie Gonzalez,25,3.0,1,6.0,8.0,0,4,-0.661903014358723,-1.3799419605121057,
Katie Hall,40,,1,,,0,4,-0.5456746939988865,-0.06160561857194756,
Katie Johnson,44,,1,,,0,3,-0.548863268156437,0.04093991647641409,
Katie Jordan,47,,1,7.0,,1,1,0.9778087323821966,-0.6162113879634559,High Value Satisfied Customers
Katie Lawrence,61,4.0,1,9.0,7.0,0,2,-0.739376712341533,-0.8677182825402407,Frequent Support Users
Katie Lewis,20,,2,8.0,,1,5,3.6296035958696296,-1.1882661295507824,
Katie Lucas,43,2.0,1,4.0,23.0,1,7,1.4890640226644163,1.1322581318212022,
Katie Miller,49,5.0,1,11.0,6.0,1,2,0.7523037318183855,-1.9819929758471333,Frequent Support Users
Katie Mitchell,35,3.0,1,20.0,14.0,0,0,-0.4116756817559721,1.0821115531541257,Low Engagement Customers
Katie Moore,42,2.0,1,8.0,1.0,0,4,-0.957965418182154,-1.073786481456779,
Katie Thomas,30,5.0,1,19.0,17.0,0,6,-0.3003131833253739,0.07722446129941536,
Katrina Allen,42,,1,9.0,,1,1,0.9828911427363298,-0.541528203757274,High Value Satisfied Customers
Katrina Brown,43,3.0,1,9.0,17.0,0,7,-0.2988236799875146,0.5642615341238062,
Katrina Crawford,63,,1,22.0,,0,0,-0.5581599678997624,1.6099784240448471,Low Engagement Customers
Katrina Horne,70,,1,,,0,3,-0.5695890001805158,0.7074858942907649,
Katrina Matthews MD,27,2.0,1,20.0,11.0,0,0,-0.5218915768210652,1.0682483050931508,Low Engagement Customers
Kayla Ballard,61,,1,,,1,1,0.9690248902546921,0.18223904124185047,High Value Satisfied Customers
Kayla Cunningham,59,5.0,1,10.0,3.0,0,2,-0.9129166081829387,-1.9253592680088898,Frequent Support Users
Kayla Dunn,66,,1,,,0,3,-0.5664004260229653,0.6049403592424033,
Kayla Edwards,33,,1,6.0,,0,4,-0.543019202975693,-0.782033912950938,
Kayla Evans,46,,1,,,0,3,-0.5504575552352123,0.09221268400059492,
Kayla Flores,38,3.0,2,18.0,6.0,1,5,3.4119702092830755,-0.36718066919072556,
Kayla Harmon,28,2.0,1,6.0,21.0,1,7,1.418610561947005,0.6886994934301838,
Kayla Holland,69,,1,22.0,,0,0,-0.5629428291360883,1.7637967266173895,Low Engagement Customers
Kayla Jones,60,,1,14.0,,1,1,0.9712842906703396,0.42708946150193866,High Value Satisfied Customers
Kayla Lara,18,,1,2.0,,0,4,-0.5332554351992682,-1.5723098754155622,
Kayla Osborn,66,,1,,,0,3,-0.5664004260229653,0.6049403592424033,
Kayla Ross,40,,1,,,0,4,-0.5456746939988865,-0.06160561857194756,
Kayla Stark,57,2.0,1,4.0,4.0,0,3,-0.8468549968892275,-0.7021539535942465,
Kayla Thompson,31,2.0,1,10.0,22.0,0,7,-0.07127342870477633,1.596797242427972,
Kaylee Dunn MD,29,,1,11.0,,0,4,-0.5370888971751548,-0.37741669045771453,
Kaylee Rivera,55,5.0,1,10.0,2.0,1,2,0.5799579113226205,-2.453363194735501,Frequent Support Users
Kaylee Walter,52,,1,2.0,,0,3,-0.5603583155384482,-0.7006728275044882,
Kaylee Watson,50,,1,,,1,1,0.9777934691879562,-0.09976118014114416,High Value Satisfied Customers
Keith Barker,43,,1,19.0,,0,0,-0.5438621360978019,0.7929530942780875,Low Engagement Customers
Keith Carter,63,,1,,,0,3,-0.5640089954048023,0.5280312079561321,
Keith Church,30,,1,3.0,,0,4,-0.5422728113433225,-1.1632407187621603,
Keith Dominguez,55,,1,2.0,,0,3,-0.5627497461566111,-0.6237636762182169,
Keith Gutierrez,44,,1,,,0,3,-0.548863268156437,0.04093991647641409,
Keith Hendrix,36,,1,2.0,,0,4,-0.5476040189082458,-1.1108549676979347,
Keith Lopez,70,1.0,1,14.0,4.0,0,3,-0.843066483297355,1.2294893498962918,
Keith Norris,35,2.0,1,8.0,4.0,1,1,0.7043151448724099,-1.1549435895170683,High Value Satisfied Customers
Keith Robles,38,,1,20.0,,0,0,-0.5393280720722662,0.7662037269759524,Low Engagement Customers
Keith Silva,65,1.0,1,7.0,10.0,0,3,-0.5923972705043368,1.1769135254565095,
Keith Smith,29,3.0,1,14.0,22.0,1,7,1.455285925951171,1.0726904822467658,
Keith Stewart,27,,1,10.0,,0,4,-0.536042956424977,-0.5301220094902124,
Keith Tucker,59,,1,21.0,,0,0,-0.5555197400708093,1.4060003374881682,Low Engagement Customers
Kelli Strong,53,,1,,,1,1,0.9754020385697932,-0.02285202885487292,High Value Satisfied Customers
Kelli Terrell,27,,1,6.0,,0,4,-0.5382363417393671,-0.9358522155234805,
Kelli Wheeler,48,,1,,,0,3,-0.5520518423139876,0.14348545152477576,
Kellie Park,47,2.0,1,6.0,5.0,0,3,-0.7960332156054456,-0.6247136957103684,
Kelly Berg,49,,1,,,1,1,0.9785906127273438,-0.12539756390323456,High Value Satisfied Customers
Kelly Brown,66,,1,18.0,,0,0,-0.5627447838323153,1.2811573692978502,Low Engagement Customers
Kelly Crawford,33,,1,8.0,,0,4,-0.5419225103184979,-0.579168809934304,
Kelly Dillon,68,,1,5.0,,0,3,-0.571467573182858,0.013806967213909544,
Kelly Dunn,30,,1,,,0,4,-0.53770325860501,-0.3179694561928517,
Kelly Fernandez,41,,1,19.0,,1,1,0.9891717495616924,0.4471609275638058,High Value Satisfied Customers
Kelly Fischer,52,,1,,,1,1,0.9761991821091809,-0.04848841261696332,High Value Satisfied Customers
Kelly Fowler,67,1.0,1,5.0,7.0,0,3,-0.7203492099384383,0.632504212499612,
Kelly Garner,58,,1,,,0,3,-0.5600232777078641,0.3998492891456799,
Kelly Garza,45,,1,,,0,3,-0.5496604116958247,0.0665763002385045,
Kelly Guerrero,43,,1,2.0,,0,4,-0.5531840236839594,-0.9314002813633018,
Kelly Henderson,18,,1,,,1,1,1.0033020624483606,-0.9201254605280375,High Value Satisfied Customers
Kelly Hernandez,60,4.0,2,14.5,2.0,1,5,3.2168313100176773,-1.2659949261566315,
Kelly Horton,60,2.0,1,7.0,16.0,0,7,-0.3465575497290731,1.2503207620747538,
Kelly Howard,62,,1,,,0,3,-0.5632118518654147,0.5023948241940417,
Kelly Hunter,62,,1,7.0,,1,1,0.9658515792913819,-0.23166563153209965,High Value Satisfied Customers
Kelly Johnson,32,2.0,1,10.0,8.0,0,4,-0.6566217175021096,-0.21071226864401216,
Kelly Jordan,19,1.0,1,11.0,16.0,0,7,-0.3030133629818528,1.1890040333625076,
Kelly Kim,60,,1,5.0,,0,3,-0.5650904248677568,-0.19128410288281378,
Kelly Lopez,32,,1,,,0,4,-0.5392975456837853,-0.2666966886686709,
Kelly Lowe,45,,1,,,1,1,0.9817791868848944,-0.22794309895159623,High Value Satisfied Customers
Kelly May,44,5.0,1,1.0,21.0,1,6,1.3771107847200048,-1.1604155224185335,
Kelly Mcdonald,23,2.0,1,19.0,1.0,0,0,-0.9367878813192162,-0.4451197063450098,Low Engagement Customers
Kelly Mckay,40,,1,,,1,1,0.9857649045818326,-0.3561250177620483,High Value Satisfied Customers
Kelly Mckenzie,32,,1,10.0,,0,4,-0.5400286741219152,-0.40194009067976033,
Kelly Murray,69,,1,,,0,3,-0.5687918566411282,0.6818495105286746,
Kelly Navarro,52,3.0,1,7.0,11.0,0,3,-0.5576165838954608,-0.1935100699629031,
Kelly Nelson,39,,1,,,1,1,0.9865620481212203,-0.38176140152413873,High Value Satisfied Customers
Kelly Norris,25,,1,4.0,,1,1,0.9937008512629323,-1.4845094852543959,High Value Satisfied Customers
Kelly Ochoa,47,3.0,1,1.0,3.0,0,3,-0.8909501700317908,-1.9777992377284426,
Kelly Page,42,,1,,,0,4,-0.5472689810776618,-0.010332851047766755,
Kelly Ray DVM,51,,1,,,0,3,-0.5544432729321506,0.220394602811047,
Kelly Rice,40,,1,21.0,,0,0,-0.540374012822444,0.9189090460084502,Low Engagement Customers
Kelly Roberson,64,,1,23.0,,0,0,-0.5584087651105525,1.7370473593152544,Low Engagement Customers
Kelly Rodriguez,43,,1,,,1,1,0.9833734739636697,-0.27921586647577706,High Value Satisfied Customers
Kelly Scott,50,,1,23.0,,1,1,0.9841908430215937,1.083618587455888,High Value Satisfied Customers
Kelly Silva,24,,1,6.0,,1,1,0.995594687459515,-1.3072807659998524,High Value Satisfied Customers
Kelly Smith,34,4.0,1,7.0,4.0,0,2,-0.8442114891333927,-2.1555827245977603,Frequent Support Users
Kelly Taylor,33,,1,13.0,,0,4,-0.5391807786755104,-0.0720060523927188,
Kelly Turner DDS,24,,1,,,1,1,0.998519201212035,-0.766307157955495,High Value Satisfied Customers
Kelly Velasquez,45,1.0,1,16.0,8.0,0,0,-0.6550265892246272,1.3152008288132582,Low Engagement Customers
Kelly Walton,63,2.0,1,12.0,7.0,1,1,0.8094494707820769,0.36142233931917583,High Value Satisfied Customers
Kelly Williams,33,,1,,,0,4,-0.5400946892231729,-0.24106030490658048,
Kelly Zamora,57,,1,,,0,3,-0.5592261341684764,0.37421290538358953,
Kelsey Allen,29,,1,8.0,,0,4,-0.5387339361609473,-0.6817143449826656,
Kelsey Bartlett,56,,1,13.0,,1,1,0.9739245184992927,0.22311137494526007,High Value Satisfied Customers
Kelsey Blevins,52,,1,,,1,1,0.9761991821091809,-0.04848841261696332,High Value Satisfied Customers
Kelsey Gutierrez,23,,1,,,1,1,0.9993163447514226,-0.7919435417175853,High Value Satisfied Customers
Kelsey Hurst,53,5.0,1,10.0,10.0,0,2,-0.61585817431764,-1.1626046231643954,Frequent Support Users
Kelsey Lin,60,3.0,1,3.0,7.0,0,3,-0.7332017304557935,-0.9179051758520406,
Kelsey Molina DVM,46,,1,,,0,3,-0.5504575552352123,0.09221268400059492,
Kelsey Smith,46,,1,,,0,3,-0.5504575552352123,0.09221268400059492,
Kelsey Wade,37,,1,,,1,1,0.9881563351999956,-0.4330341690483196,High Value Satisfied Customers
Kelsey Watson,22,,1,13.0,,0,4,-0.5304121997422463,-0.35400627377571336,
Kelsey Williams,28,,1,18.0,,0,0,-0.5324533293355848,0.3069747863384143,Low Engagement Customers
Kendra Andrews,59,,1,0.0,,0,3,-0.5670350129713567,-0.7240832441864893,
Kendra Howell MD,42,,1,18.0,,0,0,-0.5436133388870118,0.66588415900768,Low Engagement Customers
Kendra Lewis,62,,1,,,0,3,-0.5632118518654147,0.5023948241940417,
Kendra Mitchell,32,,1,,,1,1,0.9921420528969338,-0.5612160878587716,High Value Satisfied Customers
Kendra Murphy,45,,1,,,1,1,0.9817791868848944,-0.22794309895159623,High Value Satisfied Customers
Kendra Nelson,34,,1,,,0,4,-0.5408918327625606,-0.21542392114449005,
Kenneth Adkins,38,,1,18.0,,0,0,-0.5404247647294612,0.5633386239593184,Low Engagement Customers
Kenneth Barrett,52,,1,,,0,3,-0.5552404164715382,0.2460309865731374,
Kenneth Barton,22,,1,1.0,,0,4,-0.5369923556854164,-1.5711968918755177,
Kenneth Brown,31,,1,17.0,,0,0,-0.5353931062823452,0.28245138611636844,Low Engagement Customers
Kenneth Bryant Jr.,46,5.0,1,10.0,7.0,0,2,-0.7355391292400577,-1.7348762869634728,Frequent Support Users
Kenneth Burnett,39,1.0,1,4.0,22.0,1,7,1.4591668599071934,1.4828184037848853,
Kenneth Christian,43,,1,19.0,,0,0,-0.5438621360978019,0.7929530942780875,Low Engagement Customers
Kenneth Cox,64,,1,,,0,3,-0.56480613894419,0.5536675917182224,
Kenneth Cruz,64,3.0,1,16.0,20.0,0,7,-0.18646431031634142,2.205470431150369,
Kenneth Daniels,32,,1,,,0,4,-0.5392975456837853,-0.2666966886686709,
Kenneth Esparza,63,,1,4.0,,0,3,-0.5680302018145174,-0.21580750310485947,
Kenneth Freeman,67,,1,,,0,3,-0.5671975695623529,0.6305767430044937,
Kenneth Gregory,66,1.0,1,12.0,3.0,0,3,-0.8827282550297099,0.7931397193431479,
Kenneth Harris,57,,1,,,0,3,-0.5592261341684764,0.37421290538358953,
Kenneth Harrison,18,3.0,1,16.0,5.0,0,4,-0.7761005059951657,-0.9378881092280129,
Kenneth Henderson,61,,1,,,1,1,0.9690248902546921,0.18223904124185047,High Value Satisfied Customers
Kenneth Johnson,24,,1,13.0,,1,1,0.9994331117596974,-0.5972529054416333,High Value Satisfied Customers
Kenneth Jones,58,,1,13.0,,0,3,-0.5591093671602017,0.5689035416595417,
Kenneth Jordan,28,5.0,1,3.0,11.0,0,2,-0.5580143569004209,-2.382603085286726,Frequent Support Users
Kenneth Larson,33,1.0,1,5.0,21.0,0,7,-0.10869518434131271,1.594013059422612,
Kenneth Lee,42,2.0,1,19.0,2.0,0,0,-0.9101799553348711,0.17291057762285603,Low Engagement Customers
Kenneth Martinez,55,,1,,,0,3,-0.5576318470897011,0.32294013785940867,
Kenneth Mcgee,39,,1,12.0,,0,4,-0.5445119862404338,-0.019620301328493368,
Kenneth Mejia,44,,1,,,0,3,-0.548863268156437,0.04093991647641409,
Kenneth Moore,46,,1,,,0,3,-0.5504575552352123,0.09221268400059492,
Kenneth Norman,65,,1,4.0,,0,3,-0.5696244888932926,-0.16453473558067874,
Kenneth Norris,42,,1,,,0,4,-0.5472689810776618,-0.010332851047766755,
Kenneth Parrish,29,,1,12.0,,0,4,-0.5365405508465574,-0.2759841389493975,
Kenneth Peck,62,,1,,,0,3,-0.5632118518654147,0.5023948241940417,
Kenneth Perez,18,,1,1.0,,0,4,-0.5338037815278657,-1.6737424269238794,
Kenneth Pitts,39,,1,,,1,1,0.9865620481212203,-0.38176140152413873,High Value Satisfied Customers
Kenneth Reed,51,4.0,1,6.0,11.0,0,3,-0.5660357030026074,-0.9046238047335033,
Kenneth Smith,54,5.0,1,9.0,8.0,0,2,-0.7007109706510459,-1.5002787758869183,Frequent Support Users
Kenneth Stevens,47,2.0,1,6.0,23.0,0,7,-0.044467457416658335,1.7321881690762986,
Kenneth Trujillo,23,,1,,,0,4,-0.5321232538292965,-0.4974241425274846,
Kenneth Wheeler,67,,1,3.0,,0,3,-0.5717671223006654,-0.21469451956481495,
Kenneth White,45,5.0,1,16.0,15.0,1,6,1.1340169167133172,-0.39892482096057635,
Kenneth Williams,18,,1,19.0,,1,1,1.0075060509676081,-0.14247589896427376,High Value Satisfied Customers
Kenneth Wise,34,4.0,1,1.0,16.0,0,6,-0.34645772831245303,-1.1929101237898847,
Kent Hernandez,19,,1,11.0,,0,4,-0.5291174617812784,-0.6337805280786187,
Kerri Murphy,70,,1,0.0,,0,3,-0.5758035919046208,-0.4420830228034948,
Kerry Rodriguez,39,,1,,,0,4,-0.5448775504594988,-0.08724200233403799,
Kerry Wright,52,4.0,1,14.0,0.0,0,2,-1.0217362614730296,-1.5078559262745064,Frequent Support Users
Kevin Adams,63,,2,,,0,5,2.0657146461905667,0.5467262764369298,
Kevin Ashley,56,5.0,1,3.0,10.0,0,2,-0.6220880292359854,-1.7957233324363433,Frequent Support Users
Kevin Bailey,48,,1,9.0,,0,3,-0.5533313170807151,-0.0931905019946307,
Kevin Boyle,47,,1,,,1,1,0.9801848998061191,-0.17667033142741542,High Value Satisfied Customers
Kevin Brooks,46,5.0,1,19.0,21.0,0,6,-0.14605286702473455,1.0111625714454548,
Kevin Cole,61,,1,,,0,3,-0.562414708326027,0.4767584404319512,
Kevin Cooper,59,1.0,1,10.0,17.0,0,7,-0.2936937976532457,2.2439658248259557,
Kevin Cox,19,,1,,,1,1,1.002504918908973,-0.894489076765947,High Value Satisfied Customers
Kevin Crawford,39,3.0,1,21.0,5.0,0,0,-0.7900987886793187,0.10763870731747083,Low Engagement Customers
Kevin Daniels,56,,1,,,1,1,0.9730106079516303,0.054057122431398374,High Value Satisfied Customers
Kevin Day,62,,1,10.0,,1,1,0.9674966182771744,0.07263202299285143,High Value Satisfied Customers
Kevin Deleon,65,,1,17.0,,0,3,-0.5624959866215251,1.1540884340274427,
Kevin Duke,59,,1,6.0,,0,3,-0.5637449349997717,-0.11548793513658719,
Kevin Edwards,54,2.0,1,16.0,20.0,0,7,-0.1698249586045281,2.5331513930296574,
Kevin Figueroa,42,,1,,,0,4,-0.5472689810776618,-0.010332851047766755,
Kevin Flores,33,1.0,1,9.0,11.0,0,4,-0.5240383313540268,0.6903533405743985,
Kevin Flynn,44,,1,8.0,,0,3,-0.550691089251762,-0.2971685885513094,
Kevin Gonzalez,67,,1,,,1,1,0.9642420290183662,0.33605734381439295,High Value Satisfied Customers
Kevin Gordon,28,,2,,,1,5,3.6250542686498535,-0.6450665544263355,
Kevin Hall,27,,1,14.0,,0,4,-0.5338495711105871,-0.12439180345694424,
Kevin Harper,67,,1,,,1,1,0.9642420290183662,0.33605734381439295,High Value Satisfied Customers
Kevin Harris,42,,2,18.0,,0,5,2.0861103027083576,0.6845792274884778,
Kevin Hawkins,56,5.0,1,16.0,18.0,0,6,-0.28093030110253475,0.5704117770769636,
Kevin Haynes,41,1.0,1,12.0,19.0,0,7,-0.19474121482165224,2.2472540051012584,
Kevin Hudson,24,,1,,,0,4,-0.5329203973686841,-0.4717877587653943,
Kevin Hunter,70,5.0,1,16.0,17.0,0,6,-0.33384396388667226,0.798382157258081,
Kevin Ingram,19,3.0,1,18.0,21.0,0,7,-0.10774250515399188,1.3856372573610822,
Kevin Jacobs,52,4.0,1,22.0,3.0,0,0,-0.8920885311461183,-0.3035785367435258,Low Engagement Customers
Kevin Jacobson,42,,1,,,1,1,0.9841706175030573,-0.3048522502378675,High Value Satisfied Customers
Kevin Jennings,32,,1,7.0,,1,1,0.9897658854730113,-1.0007571443948122,High Value Satisfied Customers
Kevin Jimenez,43,,1,,,0,4,-0.5480661246170494,0.015303532714323676,
Kevin Johnson,23,5.0,3,11.0,14.0,0,5,4.8350663743141675,-1.2691174776046028,
Kevin Joseph,64,1.0,1,15.0,1.0,1,1,0.5684433631501563,0.48976722217752083,High Value Satisfied Customers
Kevin Keith,56,,1,,,0,3,-0.5584289906290888,0.3485765216214991,
Kevin Kelly,44,,1,,,1,1,0.982576330424282,-0.25357948271368663,High Value Satisfied Customers
Kevin Key MD,41,,1,,,1,1,0.984967761042445,-0.3304886339999579,High Value Satisfied Customers
Kevin Kim,59,,1,22.0,,0,0,-0.5549713937422118,1.5074328889964854,Low Engagement Customers
Kevin Lewis,43,4.0,1,16.0,20.0,1,6,1.3530473862735812,0.7885421734561764,
Kevin Long,22,,1,,,1,1,1.00011348829081,-0.8175799254796757,High Value Satisfied Customers
Kevin Lopez,34,,1,3.0,,0,4,-0.5454613855008731,-1.0606951837137986,
Kevin Luna,20,,1,9.0,,0,4,-0.5310112979778611,-0.8110092473331624,
Kevin Maldonado,18,2.0,1,19.0,20.0,0,7,-0.13948275220078035,1.9145392321193533,
Kevin Martinez,26,,1,9.0,,0,4,-0.5357941592141869,-0.6571909447606199,
Kevin Miranda,64,,1,,,0,3,-0.56480613894419,0.5536675917182224,
Kevin Mitchell,23,3.0,2,4.0,19.0,2,5,5.490487604379479,-0.7640946435826946,
Kevin Moore,34,,1,,,0,4,-0.5408918327625606,-0.21542392114449005,
Kevin Morgan,34,3.0,1,9.0,10.0,0,4,-0.5839249607619985,-0.5830388671520446,
Kevin Morris,39,,1,17.0,,0,0,-0.5417702545974463,0.4875424562130918,Low Engagement Customers
Kevin Mueller,51,,1,,,1,1,0.9769963256485685,-0.07412479637905373,High Value Satisfied Customers
Kevin Nicholson,18,4.0,1,4.0,0.0,0,2,-1.0001168444198245,-3.393818489268751,Frequent Support Users
Kevin Nixon,42,,1,,,0,4,-0.5472689810776618,-0.010332851047766755,
Kevin Nolan,60,,1,,,1,1,0.9698220337940797,0.15660265747976004,High Value Satisfied Customers
Kevin Norman,19,,1,,,1,1,1.002504918908973,-0.894489076765947,High Value Satisfied Customers
Kevin Obrien,49,,1,,,0,3,-0.5528489858533753,0.16912183528686617,
Kevin Odonnell Jr.,55,,1,,,0,3,-0.5576318470897011,0.32294013785940867,
Kevin Ortiz,33,,1,23.0,,0,0,-0.5336973153895355,0.9423194626904514,Low Engagement Customers
Kevin Owens,68,,1,8.0,,1,1,0.9616170643836535,0.023585222548759915,High Value Satisfied Customers
Kevin Patterson,64,,1,14.0,,0,3,-0.56334388206793,0.8241543957404011,
Kevin Powers,54,4.0,1,12.0,7.0,0,2,-0.732151668580027,-0.7428753143499226,Frequent Support Users
Kevin Richardson,43,3.0,1,12.0,14.0,0,4,-0.42243960069985326,0.4757422111843128,
Kevin Robertson,37,,1,,,0,4,-0.5432832633807235,-0.13851476985821884,
Kevin Rodriguez,33,5.0,2,15.0,21.0,0,5,2.491840255268284,0.2908544449858093,
Kevin Rose,60,,1,4.0,,0,3,-0.5656387711963544,-0.29271665439113076,
Kevin Sexton,61,,1,12.0,,0,3,-0.562049144106962,0.5443801414374959,
Kevin Smith,24,,1,,,0,4,-0.5329203973686841,-0.4717877587653943,
Kevin Vincent,39,1.0,1,23.0,17.0,0,7,-0.2706224245937253,3.049861319192269,
Kevin Welch,57,,1,,,1,1,0.9722134644122427,0.0796935061934888,High Value Satisfied Customers
Kevin Wise,58,,1,,,0,3,-0.5600232777078641,0.3998492891456799,
Kiara Brooks,46,,1,,,0,3,-0.5504575552352123,0.09221268400059492,
Kiara Parker,29,,1,11.0,,0,4,-0.5370888971751548,-0.37741669045771453,
Kim Atkins,65,,1,,,0,3,-0.5656032824835776,0.5793039754803129,
Kim Fisher,36,,1,,,0,4,-0.5424861198413359,-0.16415115362030927,
Kim Jenkins,36,2.0,1,5.0,3.0,0,4,-0.8713202894661998,-1.2700244535779763,
Kim Price,40,,1,,,1,1,0.9857649045818326,-0.3561250177620483,High Value Satisfied Customers
Kim Riggs,24,,1,23.0,,0,0,-0.5265230235350467,0.7115920088316376,Low Engagement Customers
Kim Rowe,46,,1,12.0,,0,3,-0.5500919910161474,0.15983438500613956,
Kim Sawyer,37,,1,20.0,,0,0,-0.5385309285328785,0.7405673432138621,Low Engagement Customers
Kim Shaw,53,,1,3.0,,1,1,0.9708324858314807,-0.8681232914241815,High Value Satisfied Customers
Kim Sullivan,31,3.0,1,11.0,13.0,0,4,-0.45517587778850943,-0.06426593795723738,
Kim Wall,23,,1,,,0,4,-0.5321232538292965,-0.4974241425274846,
Kim Wilson,31,3.0,1,6.0,19.0,1,1,1.3240439085454845,-0.08031413976003432,High Value Satisfied Customers
Kimberly Adams,29,,1,,,0,4,-0.5369061150656224,-0.34360583995494215,
Kimberly Adkins,60,,1,22.0,,0,0,-0.5557685372815995,1.5330692727585757,Low Engagement Customers
Kimberly Allison,40,4.0,1,5.0,5.0,1,2,0.7231022087865158,-2.3682099317438046,Frequent Support Users
Kimberly Anderson,44,,1,2.0,,0,3,-0.553981167223347,-0.9057638976012115,
Kimberly Baker,70,,1,3.0,,0,3,-0.5741585529188283,-0.1377853682785438,
Kimberly Barrett,59,,1,,,1,1,0.9706191773334674,0.1309662737176696,High Value Satisfied Customers
Kimberly Bradley,47,,1,2.0,,1,1,0.975067000739209,-1.123374145505041,High Value Satisfied Customers
Kimberly Brown,55,4.0,1,13.0,9.0,0,3,-0.6488931593253963,-0.35392839410321875,
Kimberly Carlson,19,,1,,,1,1,1.002504918908973,-0.894489076765947,High Value Satisfied Customers
Kimberly Cervantes,19,4.0,1,5.0,4.0,1,2,0.698088569880946,-3.037512983235852,Frequent Support Users
Kimberly Collier,65,4.0,2,15.0,3.0,0,5,1.7234338201370287,-0.6616383399137719,
Kimberly Crosby,52,,1,17.0,,0,0,-0.5521331206094857,0.8208154451202672,Low Engagement Customers
Kimberly Cunningham,64,,1,16.0,,0,3,-0.562247189410735,1.0270194987570351,
Kimberly Daniels,49,,1,14.0,,0,3,-0.5513867289771153,0.43960863930904487,
Kimberly Davenport,38,2.0,1,1.0,20.0,1,7,1.3661437416774307,0.30696158102135435,
Kimberly Doyle,18,5.0,1,5.0,1.0,0,2,-0.9664827611764535,-3.7454917447724783,Frequent Support Users
Kimberly Fox,49,1.0,1,8.0,16.0,0,7,-0.32857270814927464,1.653797891700269,
Kimberly Frazier,55,,2,,,0,5,2.072091794505668,0.3416352063402064,
Kimberly Golden,59,4.0,1,14.0,21.0,0,6,-0.15048954836182463,1.421317602311238,
Kimberly Gray,34,,1,20.0,,1,1,0.9953001006660035,0.36913879273749,High Value Satisfied Customers
Kimberly Green,39,,1,,,0,4,-0.5448775504594988,-0.08724200233403799,
Kimberly Griffin,55,,1,5.0,,0,3,-0.5611047071708186,-0.3194660216932659,
Kimberly Guerra,53,4.0,1,19.0,17.0,0,6,-0.3099795684133529,1.2509060873276878,
Kimberly Hampton,34,,1,,,1,1,0.9905477658181585,-0.5099433203345908,High Value Satisfied Customers
Kimberly Hughes,42,,1,,,0,4,-0.5472689810776618,-0.010332851047766755,
Kimberly Johnson,58,2.5,3,2.5,6.5,0,5,4.511022798192035,-0.7559511786627621,
Kimberly Johnston,41,,1,0.0,,0,4,-0.5526864292623791,-1.1855381519041168,
Kimberly Keller,60,,1,23.0,,0,0,-0.5552201909530019,1.6345018242668927,Low Engagement Customers
Kimberly Kelly,55,,1,3.0,,0,3,-0.5622013998280136,-0.5223311247099,
Kimberly Knight,54,,1,,,0,3,-0.5568347035503135,0.29730375409731824,
Kimberly Long,21,,1,1.0,,1,1,0.9952443864346904,-1.8913526748277087,High Value Satisfied Customers
Kimberly Lopez,48,,1,,,0,3,-0.5520518423139876,0.14348545152477576,
Kimberly Mack,27,5.0,1,11.0,4.0,0,2,-0.8451060153612261,-2.513352004399318,Frequent Support Users
Kimberly Martin,23,,1,,,0,4,-0.5321232538292965,-0.4974241425274846,
Kimberly May,26,,1,15.0,,1,1,0.9989355173381171,-0.34311503490081846,High Value Satisfied Customers
Kimberly Mcguire,45,,1,,,0,3,-0.5496604116958247,0.0665763002385045,
Kimberly Mercado,27,5.0,2,9.0,21.0,0,5,2.493333038533025,-0.4715591666366354,
Kimberly Montes,61,1.0,1,15.0,0.0,0,0,-1.0023584580451104,0.5764384775932024,Low Engagement Customers
Kimberly Nguyen,61,4.0,1,18.0,11.0,0,0,-0.5674269824533139,0.5689306509872053,Low Engagement Customers
Kimberly Patel,34,,1,,,0,4,-0.5408918327625606,-0.21542392114449005,
Kimberly Patterson,36,,1,11.0,,0,4,-0.5426689019508684,-0.19796200412308168,
Kimberly Paul,69,1.0,1,18.0,6.0,0,0,-0.7565686479781566,1.8714611571437658,Low Engagement Customers
Kimberly Payne,65,,1,,,1,1,0.9658363160971415,0.2847845762902121,High Value Satisfied Customers
Kimberly Perkins,51,2.0,2,13.0,3.0,2,5,4.813712166828573,-0.6443620149794876,
Kimberly Porter,70,1.0,1,21.0,15.0,0,7,-0.37993787343735813,3.3798461278241407,
Kimberly Pratt,33,1.0,1,1.0,15.0,0,7,-0.36141048905196516,0.4026488984604549,
Kimberly Richards,46,4.0,1,1.0,15.0,0,6,-0.39777710401781513,-1.0162125111329479,
Kimberly Rodriguez,23,,1,17.0,,0,4,-0.529015957967244,0.07736031601964515,
Kimberly Romero,36,5.0,1,22.0,19.0,1,6,1.3114958994702326,0.5026990041831049,
Kimberly Salazar,69,3.0,1,14.0,15.0,1,1,1.1311246117466924,1.1815728853133451,High Value Satisfied Customers
Kimberly Scott,44,,1,9.0,,0,3,-0.5501427429231646,-0.19573603704299236,
Kimberly Shannon,68,,1,3.0,,0,3,-0.572564265840053,-0.18905813580272451,
Kimberly Smith,27,2.0,3,5.5,10.0,0,5,4.6878510313723,-0.496072547303999,
Kimberly Strong,24,,1,,,0,4,-0.5329203973686841,-0.4717877587653943,
Kimberly Thomas,50,,1,14.0,,1,1,0.9792557260642161,0.17072562388103457,High Value Satisfied Customers
Kimberly Tucker,29,,1,17.0,,0,0,-0.5337988192035699,0.2311786185921876,Low Engagement Customers
Kimberly Turner,38,1.0,1,3.0,7.0,0,4,-0.6983287399533916,-0.3138160196176444,
Kimberly Wallace,52,,1,20.0,,0,0,-0.5504880816236932,1.1251130996452183,Low Engagement Customers
Kimberly Walsh,37,,1,,,0,4,-0.5432832633807235,-0.13851476985821884,
Kimberly Wilkerson,51,1.0,1,0.0,15.0,0,7,-0.3763074190895403,0.7626712546697655,
Kimberly Williams,55,,1,14.0,,1,1,0.9752700083672778,0.2989075426914866,High Value Satisfied Customers
Kimberly Wood,22,2.0,1,0.0,23.0,0,7,-0.02782894690355217,0.4826832659741359,
Kimberly Wright,38,,1,,,0,4,-0.5440804069201112,-0.11287838609612842,
Kirk Delacruz,54,,1,9.0,,1,1,0.9733254202636781,-0.23389159861218897,High Value Satisfied Customers
Kirk Vasquez,23,,1,16.0,,0,4,-0.5295643042958414,-0.024072235488671895,
Kirsten Howard,37,,1,9.0,,0,4,-0.544562738147451,-0.37519072337762527,
Kirsten Powell,29,,1,,,0,4,-0.5369061150656224,-0.34360583995494215,
Kirsten Pruitt,70,,1,19.0,,0,0,-0.5653850116612684,1.4851354558545287,Low Engagement Customers
Kirsten Smith,65,,1,,,0,3,-0.5656032824835776,0.5793039754803129,
Krista Brown,52,,1,,,1,1,0.9761991821091809,-0.04848841261696332,High Value Satisfied Customers
Krista Harrison MD,33,,1,19.0,,0,0,-0.5358907007039254,0.5365892566571834,Low Engagement Customers
Krista Hernandez,33,5.0,1,5.0,13.0,0,6,-0.4773960754747434,-1.7896780784833444,
Krista Johnson,28,,1,22.0,,1,1,1.0011796545595242,0.4181855931815816,High Value Satisfied Customers
Krista Martin,60,3.0,1,6.0,7.0,0,3,-0.731556691470001,-0.6136075213270894,
Krista Pittman,61,,1,,,0,3,-0.562414708326027,0.4767584404319512,
Kristen Alvarez,43,,1,1.0,,0,4,-0.5537323700125569,-1.032832832871619,
Kristen Blake,29,,1,,,0,4,-0.5369061150656224,-0.34360583995494215,
Kristen Bonilla,22,4.0,1,9.0,2.0,0,2,-0.9170563804689669,-2.5222322117025078,Frequent Support Users
Kristen Fitzpatrick,66,,1,7.0,,0,3,-0.5687765934468878,0.16539930270636274,
Kristen Fleming,43,4.0,1,23.0,11.0,0,0,-0.5503366671013488,0.6146385008111629,Low Engagement Customers
Kristen Hamilton,23,,1,16.0,,1,1,1.0018752942848774,-0.31859163467877266,High Value Satisfied Customers
Kristen Hoffman,25,,1,16.0,,0,4,-0.5311585913746167,0.027200532035508918,
Kristen Lawrence,19,5.0,1,3.0,8.0,0,2,-0.6761010247440633,-3.006147516609985,Frequent Support Users
Kristen Lopez,49,,1,,,0,3,-0.5528489858533753,0.16912183528686617,
Kristen Perry,27,1.0,1,7.0,5.0,0,4,-0.7708740821711583,-0.45196401994366703,
Kristen Richardson,29,,1,,,0,4,-0.5369061150656224,-0.34360583995494215,
Kristen Rodriguez,63,2.0,1,7.0,13.0,0,3,-0.47420994004536726,0.9344129358965805,
Kristen Smith,67,,1,,,0,3,-0.5671975695623529,0.6305767430044937,
Kristie Edwards,43,1.0,1,12.0,12.0,0,7,-0.4886110745294004,1.3819538252084018,
Kristie Murphy,59,,1,20.0,,0,0,-0.5560680863994067,1.3045677859798512,Low Engagement Customers
Kristie Soto,45,3.0,1,15.0,18.0,0,7,-0.2553742358619944,1.3550686031860375,
Kristin Adams,20,,1,,,1,1,1.0017077753695856,-0.8688526930038566,High Value Satisfied Customers
Kristin Clark,69,,1,17.0,,0,3,-0.5656845607790757,1.2566339690758044,
Kristin Fitzgerald,35,,1,9.0,,0,4,-0.5429684510686758,-0.4264634909018062,
Kristin Foster,44,,1,1.0,,0,3,-0.5545295135519446,-1.0071964491095284,
Kristin Hoffman,58,,1,,,0,3,-0.5600232777078641,0.3998492891456799,
Kristin Mann,25,,1,0.0,,0,4,-0.5399321326321768,-1.5957202920975633,
Kristin Morgan,20,,1,15.0,,0,4,-0.5277212200062761,-0.2024139382832602,
Kristin Robertson,50,1.0,1,10.0,4.0,1,1,0.7021226007567269,0.01651206943111458,High Value Satisfied Customers
Kristin Thompson,19,,1,1.0,,0,4,-0.5346009250672533,-1.6481060431617889,
Kristina Baldwin,70,,1,,,0,3,-0.5695890001805158,0.7074858942907649,
Kristina Cook,45,5.0,1,15.0,3.0,0,2,-0.8990148669885242,-1.7771058831365707,Frequent Support Users
Kristina Hernandez,65,,1,21.0,,1,1,0.9711369972735839,1.26529924087061,High Value Satisfied Customers
Kristina Liu,63,5.0,1,19.0,2.0,1,2,0.5785158799648968,-1.335379161063924,Frequent Support Users
Kristina Munoz,30,,1,4.0,,0,4,-0.541724465014725,-1.061808167253843,
Kristina Nelson,56,,1,18.0,,0,0,-0.5547733484384388,1.0247935316769459,Low Engagement Customers
Kristina Taylor,48,4.0,1,7.0,8.0,0,2,-0.6883568857539782,-1.272917381975902,Frequent Support Users
Kristina Williams,33,3.0,1,12.0,11.0,0,4,-0.539729125004108,-0.17343860390103585,
Kristine Bennett,68,,1,2.0,,0,3,-0.5731126121686505,-0.2904906873110415,
Kristine Chen,64,4.0,1,9.0,21.0,1,6,1.3742226008789686,0.7478173643900042,
Kristine Mason,56,,1,,,0,3,-0.5584289906290888,0.3485765216214991,
Kristine Moreno,63,,1,,,0,3,-0.5640089954048023,0.5280312079561321,
Kristine Perez,19,4.0,1,10.0,1.0,0,2,-0.9558702567549168,-2.62864780396861,Frequent Support Users
Kristine Rivera,37,,1,5.0,,0,4,-0.546756123461841,-0.7809209294108934,
Kristopher Garcia,59,5.0,1,9.0,3.0,1,2,0.6179746440691829,-2.321311218707308,Frequent Support Users
Kristopher Webb,51,,1,15.0,,1,1,0.979006928853426,0.297794559151442,High Value Satisfied Customers
Kristy Baker,36,,1,19.0,,0,0,-0.5382821313220884,0.6134984079434546,Low Engagement Customers
Kristy Fernandez,48,3.0,1,18.0,5.0,0,0,-0.7989181195196001,0.03406850665133354,Low Engagement Customers
Kristy Macias,65,,1,,,1,1,0.9658363160971415,0.2847845762902121,High Value Satisfied Customers
Kristy Rivera MD,29,,1,,,0,4,-0.5369061150656224,-0.34360583995494215,
Kristy Santos,50,,1,23.0,,1,1,0.9841908430215937,1.083618587455888,High Value Satisfied Customers
Krystal Blanchard,68,,1,11.0,,1,1,0.963262103369446,0.32788287707371094,High Value Satisfied Customers
Krystal Waters,59,,1,23.0,,0,0,-0.5544230474136143,1.6088654405048024,Low Engagement Customers
Kurt Brooks,54,2.0,1,22.0,13.0,0,0,-0.45881045326191594,2.2251737546625225,Low Engagement Customers
Kurt Freeman,30,2.0,1,20.0,4.0,0,0,-0.816558580068201,0.22858450896238466,Low Engagement Customers
Kurt Gutierrez,22,,1,,,1,1,1.00011348829081,-0.8175799254796757,High Value Satisfied Customers
Kyle Bell,68,,1,,,1,1,0.9634448854789786,0.3616937275764834,High Value Satisfied Customers
Kyle Black MD,53,1.0,1,5.0,23.0,0,7,-0.041130748663644884,2.368618719640717,
Kyle Flores,67,5.0,1,21.0,10.0,0,2,-0.6209863742544945,0.31206281609635783,Frequent Support Users
Kyle Green,56,,1,,,0,3,-0.5584289906290888,0.3485765216214991,
Kyle Hayden,30,,1,,,0,4,-0.53770325860501,-0.3179694561928517,
Kyle Holmes,31,1.0,1,6.0,5.0,0,4,-0.7746110026573063,-0.4508510364036225,
Kyle Horton,34,1.0,1,14.0,6.0,0,0,-0.7308620094139789,0.5684575194373332,Low Engagement Customers
Kyle Leonard,33,,1,,,0,4,-0.5400946892231729,-0.24106030490658048,
Kyle Lopez,68,,1,,,0,3,-0.5679947131017405,0.6562131267665842,
Kyle Mcdaniel,19,,1,,,0,4,-0.5289346796717459,-0.5999696775758463,
Kyle Mcdonald,27,2.0,1,11.0,14.0,0,4,-0.4015657340803116,0.548172318982742,
Kyle Moss,53,,1,6.0,,0,3,-0.5589620737634459,-0.2693062377091297,
Kyle Noble,67,,1,16.0,,0,3,-0.564638620028898,1.1039286500433065,
Kyle Richards,42,4.0,1,3.0,6.0,0,2,-0.7692747162974631,-2.0943438755580086,Frequent Support Users
Kyle Ritter,62,3.0,1,14.0,0.0,0,2,-1.0210397805489693,-0.6674472891534096,Frequent Support Users
Kyle Roy,28,,1,19.0,,1,1,0.9995346155737318,0.11388793865663055,High Value Satisfied Customers
Kyle Smith,25,,3,,,1,5,6.257169340863386,-0.7032806372318091,
Kyle Spencer,35,,1,8.0,,0,4,-0.5435167973972732,-0.5278960424101231,
Kyle Wells,21,,1,,,0,4,-0.5305289667505212,-0.5486969100516654,
Kyle Wilson,48,1.0,2,11.0,4.0,0,5,1.80254927717875,0.37988632108614945,
Kylie Hardy,27,,1,21.0,,0,0,-0.5300111468104046,0.5856360571012749,Low Engagement Customers
Lacey Adkins,42,,1,10.0,,0,4,-0.5480001095157917,-0.14557625305885621,
Lacey Henry,48,2.0,1,23.0,4.0,1,1,0.7021774737893329,0.6998176720148624,High Value Satisfied Customers
Lance Chavez,43,,1,20.0,,1,1,0.9881258088115147,0.5998662465963038,High Value Satisfied Customers
Lance Hayes,23,2.0,1,20.0,1.0,0,0,-0.9362395349906186,-0.34368715483669265,Low Engagement Customers
Lance Mcmillan,18,,1,,,0,4,-0.5281375361323583,-0.6256060613379367,
Lance Miller,58,,1,21.0,,0,0,-0.5547225965314216,1.380363953726078,Low Engagement Customers
Lance Shannon,34,,1,0.0,,0,4,-0.5471064244866656,-1.3649928382387495,
Lance Warner,46,,1,,,1,1,0.9809820433455068,-0.20230671518950583,High Value Satisfied Customers
Larry Brady,36,3.0,1,19.0,9.0,0,0,-0.6217894377875092,0.35162042296715823,Low Engagement Customers
Larry Bush,66,2.0,1,17.0,12.0,0,0,-0.5128715606102656,1.8947086097778738,Low Engagement Customers
Larry Fuller,60,,1,,,0,3,-0.5616175647866394,0.45112205666986077,
Larry Garza,25,,1,8.0,,0,4,-0.5355453620033968,-0.7842598800310273,
Larry Glass,62,,1,19.0,,0,0,-0.5590078633461673,1.2800443857578054,Low Engagement Customers
Larry Lawrence,46,5.0,1,3.0,20.0,1,6,1.3348595370657141,-1.0372166443658666,
Larry Lee,40,,1,,,1,1,0.9857649045818326,-0.3561250177620483,High Value Satisfied Customers
Larry Martin,53,,1,,,1,1,0.9754020385697932,-0.02285202885487292,High Value Satisfied Customers
Larry Mccullough,23,,1,8.0,,1,1,0.9974885236560976,-1.1300520467453088,High Value Satisfied Customers
Larry Murphy,20,,1,14.0,,0,4,-0.5282695663348735,-0.3038464897915772,
Larry Rivera,38,2.0,1,6.0,11.0,0,4,-0.5383370043546943,-0.06980719464029324,
Larry Santiago,30,4.0,1,21.0,7.0,0,0,-0.708085106677346,-0.4452555610652394,Low Engagement Customers
Larry Smith DVM,18,,1,2.0,,1,1,0.9981841633814509,-1.866829274605663,High Value Satisfied Customers
Larry Villa,27,,1,4.0,,1,1,0.992106564184157,-1.433236717730215,High Value Satisfied Customers
Larry Watkins,34,,1,17.0,,1,1,0.993655061680211,0.064841138212539,High Value Satisfied Customers
Larry Watts,51,,1,9.0,,0,3,-0.5557227476988781,-0.016281350708359472,
Larry Weaver,59,,1,2.0,,0,3,-0.5659383203141617,-0.5212181411698552,
Larry Williams,18,,1,13.0,,0,4,-0.5272236255846957,-0.45655180882407514,
Latasha Stanton,67,,1,14.0,,0,3,-0.5657353126860929,0.9010635470266724,
Latoya Ramos,46,,1,,,0,3,-0.5504575552352123,0.09221268400059492,
Latoya Silva,38,5.0,1,10.0,12.0,0,6,-0.5203937147614045,-1.285272394619455,
Latoya Ware,64,1.0,1,11.0,10.0,0,3,-0.5894067416505592,1.5570073477276871,
Laura Anderson,55,,1,15.0,,0,3,-0.5556212438848437,0.6948594933899044,
Laura Barnett,69,,1,,,0,3,-0.5687918566411282,0.6818495105286746,
Laura Burns,43,,1,23.0,,0,0,-0.5416687507834119,1.1986833003113557,Low Engagement Customers
Laura Bush,68,1.0,1,14.0,19.0,0,7,-0.21516739772792373,3.142301469694334,
Laura Collins,50,,2,13.0,,1,5,3.6084310213309876,0.08798814085351525,
Laura Cook,20,,1,3.0,,1,1,0.997138222631273,-1.714123955573165,High Value Satisfied Customers
Laura Curry,24,,1,3.0,,0,4,-0.5374899501069966,-1.3170590213347029,
Laura Davis,30,4.0,1,23.0,13.0,0,0,-0.4564664946238886,0.5432434968802837,Low Engagement Customers
Laura Evans,27,,1,21.0,,0,0,-0.5300111468104046,0.5856360571012749,Low Engagement Customers
Laura Fletcher,50,,1,,,1,1,0.9777934691879562,-0.09976118014114416,High Value Satisfied Customers
Laura Hall,55,,1,,,0,3,-0.5576318470897011,0.32294013785940867,
Laura Hayes,36,3.0,1,6.0,4.0,0,4,-0.8376862062228287,-1.621697709081704,
Laura Hernandez,43,,1,17.0,,0,0,-0.5449588287549969,0.5900879912614534,Low Engagement Customers
Laura Jackson,36,1.0,1,19.0,13.0,0,7,-0.43743899222079397,2.0434659919201366,
Laura Johnson,20,1.5,2,12.0,12.0,0,5,2.1551129103129165,0.5189896674110238,
Laura Jones,50,,1,8.0,,0,3,-0.5554739504880879,-0.1433502859787669,
Laura Key MD,45,,1,,,0,3,-0.5496604116958247,0.0665763002385045,
Laura Knapp,36,4.0,1,16.0,15.0,1,1,1.1498591248857428,-0.04560747531919737,High Value Satisfied Customers
Laura Lambert,48,,1,12.0,,0,3,-0.5516862780949227,0.21110715253032036,
Laura Marsh,69,,1,,,0,3,-0.5687918566411282,0.6818495105286746,
Laura Martinez,52,,1,,,0,3,-0.5552404164715382,0.2460309865731374,
Laura Monroe,57,,1,1.0,,0,3,-0.564892379563984,-0.6739234602023532,
Laura Neal,41,4.0,1,14.0,6.0,0,2,-0.762445763143503,-1.004222192728612,Frequent Support Users
Laura Orr,59,,1,8.0,,0,3,-0.5626482423425767,0.08737716788004687,
Laura Patel,42,,1,7.0,,0,4,-0.5496451485015842,-0.44987390758380735,
Laura Pearson,59,,1,8.0,,0,3,-0.5626482423425767,0.08737716788004687,
Laura Rhodes,41,,1,13.0,,0,4,-0.5455579269906116,0.1330850177040045,
Laura Rivera,61,,1,1.0,,0,3,-0.5680809537215346,-0.5713779251539914,
Laura Ross,20,5.0,1,7.0,8.0,1,2,0.8567348156116581,-2.8693003260047276,Frequent Support Users
Laura Sanchez,44,5.0,1,4.0,11.0,0,2,-0.5702203072020258,-1.870988393584963,Frequent Support Users
Laura Sanders,63,,1,,,1,1,0.9674306031759168,0.23351180876603134,High Value Satisfied Customers
Laura Sandoval,22,,1,,,0,4,-0.5313261102899088,-0.523060526289575,
Laura Simmons,34,,1,4.0,,0,4,-0.5449130391722756,-0.9592626322054814,
Laura Stevens,61,,1,,,0,3,-0.562414708326027,0.4767584404319512,
Laura West,25,,1,,,0,4,-0.5337175409080718,-0.4461513750033039,
Lauren Bailey,42,1.0,1,12.0,11.0,0,7,-0.5295675842227231,1.2253784489581634,
Lauren Baker,70,,1,,,1,1,0.9618505984002033,0.41296649510066413,High Value Satisfied Customers
Lauren Carlson,59,2.0,1,5.0,14.0,0,3,-0.43036440531230125,0.759941290319733,
Lauren Cole,60,1.0,1,10.0,14.0,0,7,-0.41975190089076453,1.8767852311236013,
Lauren Davis,37,,1,,,0,4,-0.5432832633807235,-0.13851476985821884,
Lauren Diaz,41,,1,,,0,4,-0.5464718375382741,-0.03596923480985717,
Lauren Duncan,21,,1,,,0,4,-0.5305289667505212,-0.5486969100516654,
Lauren Evans,43,2.0,1,22.0,23.0,0,7,-0.03250534200154778,3.2525634581610094,
Lauren Finley,59,,1,6.0,,0,3,-0.5637449349997717,-0.11548793513658719,
Lauren Fletcher,65,,1,,,0,3,-0.5656032824835776,0.5793039754803129,
Lauren Franklin,60,,1,,,1,1,0.9698220337940797,0.15660265747976004,High Value Satisfied Customers
Lauren Glover,62,,1,,,1,1,0.9682277467153044,0.20787542500394085,High Value Satisfied Customers
Lauren Gonzalez,63,,1,,,0,3,-0.5640089954048023,0.5280312079561321,
Lauren Johnson,55,,2,15.0,,0,5,2.0741023977105253,0.7135545618707021,
Lauren Jones,59,4.0,1,10.0,6.0,0,2,-0.7789877321668706,-0.9484974910442527,Frequent Support Users
Lauren Lawrence,66,,1,17.0,,1,1,0.9681464684198062,0.8852054185994325,High Value Satisfied Customers
Lauren Luna,63,,1,,,0,3,-0.5640089954048023,0.5280312079561321,
Lauren Macias,38,,1,0.0,,0,4,-0.5502949986442162,-1.262447303190388,
Lauren Maddox,27,,1,,,0,4,-0.5353118279868471,-0.39487860747912296,
Lauren Martinez,45,,1,,,1,1,0.9817791868848944,-0.22794309895159623,High Value Satisfied Customers
Lauren Michael,26,,1,15.0,,0,4,-0.532504081242602,-0.04859563571071772,
Lauren Phillips,59,,1,,,1,1,0.9706191773334674,0.1309662737176696,High Value Satisfied Customers
Lauren Rodriguez,29,,1,,,0,4,-0.5369061150656224,-0.34360583995494215,
Lauren Romero,26,,2,,,0,5,2.09520895714791,-0.4018199227604157,
Lauren Schwartz,66,2.0,1,13.0,18.0,1,7,1.2668965720523258,1.9800929594833938,
Lauren Simpson,64,,1,,,0,3,-0.56480613894419,0.5536675917182224,
Lauren Smith,27,5.0,1,22.0,15.0,0,6,-0.37978402018683927,0.04273497956179909,
Lauren Taylor,64,,1,1.0,,0,3,-0.5704723843396975,-0.4944687738677203,
Lauren Walker,55,3.0,1,18.0,23.0,0,7,-0.05293236610652638,2.5704250577726335,
Lauren Walsh,48,,1,,,0,3,-0.5520518423139876,0.14348545152477576,
Lauren Weaver,38,,1,,,1,1,0.9873591916606079,-0.40739778528622916,High Value Satisfied Customers
Lauren White,31,4.0,1,23.0,21.0,0,6,-0.123234412301593,1.6163918205475596,
Lauren Wiggins,69,5.0,1,11.0,10.0,0,2,-0.6280641246192449,-0.6509899314626315,Frequent Support Users
Lauren Williams,64,,2,17.0,,0,5,2.068024798513232,1.14714711874615,
Lauren Wilson,51,,1,15.0,,0,0,-0.5524326697272931,0.5923139583415428,Low Engagement Customers
Laurie Buck,31,5.0,1,1.0,12.0,0,2,-0.5197488269430685,-2.3776200445289413,Frequent Support Users
Laurie Lopez,57,,1,9.0,,1,1,0.9709339896455151,-0.15698244732591768,High Value Satisfied Customers
Laurie Mckenzie,62,,1,,,0,3,-0.5632118518654147,0.5023948241940417,
Laurie Rodriguez,37,1.0,1,8.0,16.0,0,7,-0.3190069856766229,1.346161286555184,
Lawrence Anthony,25,,1,15.0,,0,4,-0.5317069377032143,-0.07423201947280812,
Lawrence Contreras,37,5.0,1,6.0,6.0,0,2,-0.7723118759326693,-2.5022729393437024,Frequent Support Users
Lawrence Davis,34,,1,,,0,4,-0.5408918327625606,-0.21542392114449005,
Lawrence Gonzales,33,4.0,1,13.0,10.0,0,4,-0.5896023482261578,-0.7869898443810597,
Lawrence Kramer,46,3.0,1,14.0,5.0,1,1,0.7319223808255042,-0.7174538660962161,High Value Satisfied Customers
Lawrence Ward,25,3.0,1,5.0,21.0,0,7,-0.11965386866208523,0.22083239032550323,
Leah Allen,63,,1,19.0,,1,1,0.9716345916951642,1.0111613703297953,High Value Satisfied Customers
Leah Baker,39,5.0,1,22.0,15.0,0,6,-0.389349742659491,0.350371584706884,
Leah Clark,19,,1,3.0,,1,1,0.9979353661706607,-1.7397603393352556,High Value Satisfied Customers
Leah Davis,47,,1,,,0,3,-0.5512546987746,0.11784906776268533,
Leah Fernandez,69,3.0,1,11.0,6.0,0,3,-0.7777429049142127,-0.006656302414838696,
Leah Johnson,43,,1,12.0,,0,4,-0.5477005603979844,0.08292523371986829,
Leah Murray,47,,1,1.0,,0,3,-0.5569209441701075,-0.9302872978232573,
Leah Riley,18,,1,20.0,,0,0,-0.5233852012845133,0.2534760517341441,Low Engagement Customers
Leah Williams,39,1.0,1,13.0,9.0,1,1,0.9213044848393357,0.693504465013812,High Value Satisfied Customers
Leah Woods,33,4.0,1,21.0,14.0,0,0,-0.41820096466653617,0.5482265376380692,Low Engagement Customers
Lee Kennedy,42,,1,,,0,4,-0.5472689810776618,-0.010332851047766755,
Lee Love,59,,1,,,0,3,-0.5608204212472517,0.42548567290777034,
Lee Pearson,61,,2,9.0,,0,5,2.0660294585026144,0.25877755539334246,
Lee Watson,24,1.0,1,11.0,9.0,0,4,-0.5992746533077637,0.40061300475592243,
Leon Barnes,37,,1,0.0,,0,4,-0.5494978551048285,-1.2880836869524783,
Leon Bass,70,,1,,,1,1,0.9618505984002033,0.41296649510066413,High Value Satisfied Customers
Leonard Jones,53,,1,19.0,,1,1,0.9796060270890407,0.7547975327088908,High Value Satisfied Customers
Leonard Peterson,32,4.0,1,9.0,9.0,0,4,-0.6327522432338705,-1.3492954266645665,
Leslie Bishop,22,,1,10.0,,0,4,-0.5320572387280388,-0.6583039283006644,
Leslie Casey,67,2.0,1,21.0,2.0,0,0,-0.9290118511623673,1.0166852746917505,Low Engagement Customers
Leslie Douglas,30,,1,1.0,,0,4,-0.5433695040005175,-1.3661058217787942,
Leslie Duffy,27,1.0,1,19.0,17.0,0,7,-0.2632500874354635,2.3364945080139154,
Leslie Farrell,54,,1,,,0,3,-0.5568347035503135,0.29730375409731824,
Leslie Gomez,52,3.0,1,5.0,17.0,1,1,1.2232482414243255,0.09473938275925103,High Value Satisfied Customers
Leslie Johnson,36,,2,19.0,,1,5,3.6228811088539996,0.3376740772341515,
Leslie Lambert,44,2.0,1,4.0,2.0,0,3,-0.9199994373426089,-1.2973049274777182,
Leslie Levy,61,,1,8.0,,0,3,-0.564242529421352,0.13864993540422774,
Leslie Martin,62,,1,18.0,,0,0,-0.5595562096747647,1.1786118342494885,Low Engagement Customers
Leslie Mcfarland,29,4.0,1,7.0,5.0,1,2,0.7329674803769749,-2.4473450501101652,Frequent Support Users
Leslie Perez,66,,1,,,1,1,0.9650391725577538,0.3104209600523025,High Value Satisfied Customers
Leslie Powell,49,,1,14.0,,0,3,-0.5513867289771153,0.43960863930904487,
Leslie Smith,51,,1,,,0,3,-0.5544432729321506,0.220394602811047,
Leslie Terry,58,4.0,1,19.0,17.0,0,6,-0.3139652861102911,1.3790880061381399,
Leslie Thompson,44,4.0,1,13.0,20.0,1,6,1.350605203748401,0.5098809026933158,
Leslie Vasquez,61,,1,,,1,1,0.9690248902546921,0.18223904124185047,High Value Satisfied Customers
Leslie Watson,40,3.0,1,8.0,0.0,0,2,-1.006792700654026,-1.840043040969301,Frequent Support Users
Leslie Williams,57,,1,6.0,,0,3,-0.5621506479209964,-0.166760702660768,
Levi Valencia,70,,1,4.0,,0,3,-0.5736102065902309,-0.03635281677022667,
Linda Alvarez,54,,1,,,0,3,-0.5568347035503135,0.29730375409731824,
Linda Baxter,25,,1,5.0,,0,4,-0.5371904009891892,-1.0885575345559784,
Linda Campbell,60,5.0,1,0.0,18.0,1,6,1.2385471820630738,-1.244482911197848,
Linda Cortez DVM,63,,1,0.0,,0,3,-0.5702235871289073,-0.6215377091381276,
Linda Davis,46,,1,,,0,3,-0.5504575552352123,0.09221268400059492,
Linda Dixon,50,,1,8.0,,0,3,-0.5554739504880879,-0.1433502859787669,
Linda Doyle,51,,1,13.0,,0,3,-0.5535293623844881,0.3894488553249087,
Linda Evans,70,,1,,,0,3,-0.5695890001805158,0.7074858942907649,
Linda Freeman,18,,1,,,0,4,-0.5281375361323583,-0.6256060613379367,
Linda Garcia,34,2.0,1,16.0,23.0,0,7,-0.02862112811864395,2.4132406952522936,
Linda George,49,,1,9.0,,1,1,0.9773111379606163,-0.36207351742264104,High Value Satisfied Customers
Linda Gomez,40,,1,,,1,1,0.9857649045818326,-0.3561250177620483,High Value Satisfied Customers
Linda Guzman,57,,2,18.0,,1,5,3.6055927481982617,0.7746055847297334,
Linda Holloway,36,,1,19.0,,0,0,-0.5382821313220884,0.6134984079434546,Low Engagement Customers
Linda James,62,,1,,,0,3,-0.5632118518654147,0.5023948241940417,
Linda Johnson,65,1.0,2,22.0,12.0,2,5,5.191938069646854,2.3899360531581575,
Linda Mcdonald,34,1.0,1,1.0,17.0,0,7,-0.27870032612593204,0.6901632671988417,
Linda Miller,18,,1,,,0,4,-0.5281375361323583,-0.6256060613379367,
Linda Mills,19,,1,,,0,4,-0.5289346796717459,-0.5999696775758463,
Linda Owens,18,,1,20.0,,0,0,-0.5233852012845133,0.2534760517341441,Low Engagement Customers
Linda Rodriguez,42,,1,,,0,4,-0.5472689810776618,-0.010332851047766755,
Linda Ruiz,37,5.0,1,6.0,15.0,1,6,1.1349106017424433,-1.61834140614047,
Linda Thomas,55,,1,,,1,1,0.973807751491018,0.028420738669307916,High Value Satisfied Customers
Linda Tran,23,,1,,,1,1,0.9993163447514226,-0.7919435417175853,High Value Satisfied Customers
Linda Wilson,50,,1,,,0,3,-0.5536461293927629,0.19475821904895657,
Lindsay Arnold,56,,1,,,0,3,-0.5584289906290888,0.3485765216214991,
Lindsay Cooley,21,,1,,,0,4,-0.5305289667505212,-0.5486969100516654,
Lindsay Davis,23,,1,5.0,,1,1,0.9958434846703051,-1.4343497012702597,High Value Satisfied Customers
Lindsay Owens,25,,1,13.0,,1,1,0.9986359682203098,-0.5716165216795428,High Value Satisfied Customers
Lindsay Schmidt,59,,1,,,1,1,0.9706191773334674,0.1309662737176696,High Value Satisfied Customers
Lindsay Smith,44,,1,,,0,3,-0.548863268156437,0.04093991647641409,
Lindsey Barnes,30,,1,,,0,4,-0.53770325860501,-0.3179694561928517,
Lindsey Duran,66,,1,17.0,,0,3,-0.5632931301609128,1.1797248177895332,
Lindsey Garcia,39,,1,12.0,,0,4,-0.5445119862404338,-0.019620301328493368,
Lindsey Jones,45,,1,,,0,3,-0.5496604116958247,0.0665763002385045,
Lindsey Taylor,29,,1,21.0,,0,0,-0.5316054338891799,0.6369088246254557,Low Engagement Customers
Lindsey Velez,55,5.0,1,19.0,7.0,0,2,-0.737778304137169,-0.5912558695298058,Frequent Support Users
Lisa Abbott,66,,1,18.0,,1,1,0.9686948147484038,0.9866379701077495,High Value Satisfied Customers
Lisa Barnett,29,3.0,1,10.0,12.0,0,4,-0.495883590271042,-0.34791024947788335,
Lisa Bauer,34,,1,7.0,,0,4,-0.543268000186483,-0.6549649776805305,
Lisa Bell,41,,1,1.0,,0,4,-0.5521380829337816,-1.0841056003957998,
Lisa Bennett,35,5.0,1,12.0,23.0,0,6,-0.05761540592623218,0.28101247448053723,
Lisa Blake,58,,1,9.0,,0,3,-0.5613027524745916,0.16317333562627342,
Lisa Brown,61,,3,4.0,,1,5,6.2244509670357155,-0.5242095328575456,
Lisa Burns,22,,1,,,0,4,-0.5313261102899088,-0.523060526289575,
Lisa Butler,26,,1,18.0,,0,0,-0.5308590422568095,0.2557020188142334,Low Engagement Customers
Lisa Cantrell,68,,1,,,0,3,-0.5679947131017405,0.6562131267665842,
Lisa Chavez,20,,2,11.0,,0,5,2.0998090362747033,-0.5894490758357306,
Lisa Clark,55,,1,10.0,,1,1,0.9730766230528879,-0.1068226633417815,High Value Satisfied Customers
Lisa Conway,51,5.0,1,5.0,20.0,1,6,1.3319705120259708,-0.7061696225387804,
Lisa Cox,34,5.0,1,7.0,5.0,1,2,0.7203138463620998,-2.903207930799906,Frequent Support Users
Lisa Davis,62,4.0,1,11.0,17.0,0,6,-0.3215406308966217,0.6701731291199654,
Lisa Dixon,55,,1,,,0,3,-0.5576318470897011,0.32294013785940867,
Lisa Douglas,68,,1,,,0,3,-0.5679947131017405,0.6562131267665842,
Lisa Fisher,28,2.0,1,14.0,10.0,0,4,-0.5677324515647483,0.35435038731719076,
Lisa Fitzgerald,46,,1,,,0,3,-0.5504575552352123,0.09221268400059492,
Lisa Garcia,31,2.0,1,21.0,5.0,1,1,0.7563858745344383,0.19207303753083949,High Value Satisfied Customers
Lisa Gates,27,3.0,1,6.0,17.0,0,4,-0.28771442234310474,-0.1502182605945916,
Lisa Goodwin,57,,1,,,1,1,0.9722134644122427,0.0796935061934888,High Value Satisfied Customers
Lisa Green,41,,1,20.0,,1,1,0.98972009589029,0.548593479072123,High Value Satisfied Customers
Lisa Hayes,48,,2,,,1,5,3.6091113978621006,-0.13233887918452727,
Lisa Herman,24,,1,,,0,4,-0.5329203973686841,-0.4717877587653943,
Lisa Hester,27,4.0,1,0.0,5.0,0,2,-0.8007162554251513,-2.9141262790024642,Frequent Support Users
Lisa Hicks,27,3.0,1,11.0,0.0,0,2,-0.994784795656194,-1.8690183753515253,Frequent Support Users
Lisa Hill,40,3.5,2,16.5,9.0,0,5,1.999040805669847,-0.07274275202457127,
Lisa Johnson,37,,1,6.0,,0,4,-0.5462077771332435,-0.6794883779025763,
Lisa Knight,68,1.0,1,3.0,7.0,0,3,-0.722243046135021,0.45527549324506816,
Lisa Lewis,19,,2,,,2,5,5.163668159085061,-1.1703134074752501,
Lisa Logan,59,,1,22.0,,0,0,-0.5549713937422118,1.5074328889964854,Low Engagement Customers
Lisa Lynch,63,,1,14.0,,1,1,0.9688928600521767,0.50399861278821,High Value Satisfied Customers
Lisa Mann,32,3.0,1,13.0,8.0,0,4,-0.663644594834254,-0.49045941361925377,
Lisa Martinez,54,,1,,,1,1,0.9746048950304056,0.002784354907217513,High Value Satisfied Customers
Lisa Mason,46,,1,,,0,3,-0.5504575552352123,0.09221268400059492,
Lisa May,55,,1,,,0,3,-0.5576318470897011,0.32294013785940867,
Lisa Mcdonald,53,,1,,,0,3,-0.5560375600109259,0.2716673703352278,
Lisa Mcdowell,24,1.0,1,10.0,11.0,0,4,-0.5163156931709404,0.5610584382239019,
Lisa Mcmillan,29,,1,8.0,,0,4,-0.5387339361609473,-0.6817143449826656,
Lisa Miller,26,,1,,,0,4,-0.5345146844474594,-0.42051499124121344,
Lisa Mitchell,29,,1,22.0,,1,1,1.0003825110201365,0.44382197694367204,High Value Satisfied Customers
Lisa Moore,53,,1,,,0,3,-0.5560375600109259,0.2716673703352278,
Lisa Morales,18,,1,,,0,4,-0.5281375361323583,-0.6256060613379367,
Lisa Morgan,52,2.0,1,5.0,15.0,0,7,-0.3830307473038773,0.7114255964732483,
Lisa Morris,44,4.0,1,18.0,7.0,0,0,-0.7208901552145656,-0.39064384292092463,Low Engagement Customers
Lisa Murphy,22,,1,,,0,4,-0.5313261102899088,-0.523060526289575,
Lisa Myers,39,1.0,1,11.0,13.0,0,7,-0.44421719346773686,1.3089147311398714,
Lisa Noble,20,,1,,,0,4,-0.5297318232111335,-0.5743332938137559,
Lisa Nolan,52,1.0,1,2.0,10.0,0,3,-0.5847761361352849,0.336477779007749,
Lisa Oconnor,24,,1,13.0,,0,4,-0.5320064868210216,-0.3027335062515326,
Lisa Perez,57,,1,,,0,3,-0.5592261341684764,0.37421290538358953,
Lisa Perry,33,2.0,1,15.0,13.0,0,4,-0.4459088632349579,0.9767818351004043,
Lisa Powell,63,,1,,,0,3,-0.5640089954048023,0.5280312079561321,
Lisa Robertson,46,,1,8.0,,0,3,-0.5522853763305373,-0.24589582102712854,
Lisa Rodriguez,33,,1,2.0,,1,1,0.9862270102906362,-1.4822835181743066,High Value Satisfied Customers
Lisa Roy,29,,1,21.0,,0,0,-0.5316054338891799,0.6369088246254557,Low Engagement Customers
Lisa Santana,33,,1,7.0,,0,4,-0.5424708566470954,-0.680601361442621,
Lisa Smith,47,2.0,3,15.0,10.0,1,5,6.2085570492869415,0.6857449680767204,
Lisa Sparks,58,,1,10.0,,1,1,0.970685192434725,-0.029913512055510266,High Value Satisfied Customers
Lisa Spencer,58,,1,,,0,3,-0.5600232777078641,0.3998492891456799,
Lisa Stanton,62,,1,1.0,,0,3,-0.5688780972609222,-0.5457415413919011,
Lisa Stark,63,2.0,1,14.0,12.0,0,3,-0.5121251689778952,1.5135018039666517,
Lisa Swanson,41,2.0,1,21.0,1.0,1,1,0.5813998262097203,-0.07531909480084908,High Value Satisfied Customers
Lisa Thomas,45,,1,,,0,3,-0.5496604116958247,0.0665763002385045,
Lisa Thompson,63,3.0,1,7.0,16.0,0,3,-0.3576168966651729,0.7431851138608324,
Lisa Tucker,20,,1,19.0,,1,1,1.0059117638888329,-0.0912031314400929,High Value Satisfied Customers
Lisa Turner,64,,1,,,0,3,-0.56480613894419,0.5536675917182224,
Lisa Walker,66,,1,10.0,,0,3,-0.5671315544610953,0.4696969572313138,
Lisa Watts,29,,1,9.0,,0,4,-0.5381855898323499,-0.5802817934743486,
Lisa White,39,2.0,1,6.0,18.0,0,7,-0.24685857526510918,0.8724021365388345,
Lisa Whitney,56,,1,10.0,,0,3,-0.5591601190672189,0.21333311961040965,
Lisa Wise,65,,1,2.0,,0,3,-0.5707211815504876,-0.3673998385973128,
Lisa Zhang,66,4.0,1,14.0,19.0,0,6,-0.239576859602959,1.3388943036695746,
Logan Ellis,66,,1,,,0,3,-0.5664004260229653,0.6049403592424033,
Logan Hernandez,26,,1,,,0,4,-0.5345146844474594,-0.42051499124121344,
Logan Moreno,45,1.0,1,21.0,3.0,1,1,0.6703864748355273,0.8731492247240014,High Value Satisfied Customers
Logan Myers,50,,1,,,1,1,0.9777934691879562,-0.09976118014114416,High Value Satisfied Customers
Loretta Allen,52,,1,,,1,1,0.9761991821091809,-0.04848841261696332,High Value Satisfied Customers
Loretta Chang,64,4.0,1,6.0,0.0,0,2,-1.0356887545744613,-2.0116797331959577,Frequent Support Users
Loretta Mclaughlin,48,5.0,1,9.0,15.0,0,6,-0.4036525367857473,-0.7375241310424234,
Loretta Shepherd,53,,1,22.0,,0,0,-0.550188532505886,1.3536145864239428,Low Engagement Customers
Loretta Simpson,33,,1,,,0,4,-0.5400946892231729,-0.24106030490658048,
Lori Adams,62,,1,,,0,3,-0.5632118518654147,0.5023948241940417,
Lori Collier,68,,1,11.0,,0,3,-0.568177495211273,0.6224022762638117,
Lori Cruz,47,,1,,,1,1,0.9801848998061191,-0.17667033142741542,High Value Satisfied Customers
Lori Davis,37,,2,17.0,,0,5,2.089547674076698,0.45496475716970863,
Lori Diaz,58,1.0,1,21.0,1.0,0,0,-0.9549232962226519,1.2390636278449816,Low Engagement Customers
Lori Green,39,3.0,1,12.0,2.0,0,2,-0.9202948653348275,-1.198071233721827,Frequent Support Users
Lori Hess,18,,1,22.0,,0,0,-0.5222885086273182,0.4563411547507782,Low Engagement Customers
Lori Hoffman,70,,1,,,0,3,-0.5695890001805158,0.7074858942907649,
Lori Joseph,50,,1,,,1,1,0.9777934691879562,-0.09976118014114416,High Value Satisfied Customers
Lori Kelley,64,,1,,,0,3,-0.56480613894419,0.5536675917182224,
Lori Larson,27,,1,,,0,4,-0.5353118279868471,-0.39487860747912296,
Lori Lloyd,52,,1,,,0,3,-0.5552404164715382,0.2460309865731374,
Lori Martinez,49,,1,17.0,,1,1,0.9816979085893962,0.4493868946438952,High Value Satisfied Customers
Lori Miller,33,,1,,,0,4,-0.5400946892231729,-0.24106030490658048,
Lori Parker,56,5.0,1,20.0,22.0,1,6,1.4197172957234159,1.2053785538727237,
Lori Perez,70,,1,,,1,1,0.9618505984002033,0.41296649510066413,High Value Satisfied Customers
Lori Porter,44,,1,,,1,1,0.982576330424282,-0.25357948271368663,High Value Satisfied Customers
Lori Rice,20,,2,,,0,5,2.0999918183842357,-0.5556382253329581,
Lori Smith,56,,1,14.0,,0,3,-0.5569667337528288,0.6190633256436778,
Lori Thomas,67,,1,,,0,3,-0.5671975695623529,0.6305767430044937,
Lori Torres,55,,1,21.0,,1,1,0.9791084326674604,1.008935403249706,High Value Satisfied Customers
Lori Vega,52,,1,,,0,3,-0.5552404164715382,0.2460309865731374,
Lori Warren,50,5.0,2,12.5,18.0,0,5,2.3516569895790695,0.08027461270610912,
Lori Williams,33,,1,,,0,4,-0.5400946892231729,-0.24106030490658048,
Lori Young,47,,1,,,0,3,-0.5512546987746,0.11784906776268533,
Lorraine Williams,65,,1,,,0,3,-0.5656032824835776,0.5793039754803129,
Louis Bowers,65,,1,,,0,3,-0.5656032824835776,0.5793039754803129,
Louis Davis,44,,1,,,1,1,0.982576330424282,-0.25357948271368663,High Value Satisfied Customers
Louis Lowe,43,,1,,,0,4,-0.5480661246170494,0.015303532714323676,
Louis Marks,68,,1,3.0,,0,3,-0.572564265840053,-0.18905813580272451,
Louis Mejia,50,,1,,,0,3,-0.5536461293927629,0.19475821904895657,
Louis Reynolds,36,,1,,,1,1,0.9889534787393832,-0.45867055281041,High Value Satisfied Customers
Louis Sanchez,64,,1,,,0,3,-0.56480613894419,0.5536675917182224,
Lucas Bell,63,,1,,,0,3,-0.5640089954048023,0.5280312079561321,
Lucas Johnson,39,2.0,1,0.0,5.0,1,1,0.7384934533187897,-1.7329194740470946,High Value Satisfied Customers
Lucas Liu II,26,,1,3.0,,0,4,-0.5390842371857719,-1.265786253810522,
Lucas Orozco,35,,1,,,1,1,0.9897506222787709,-0.4843069365725004,High Value Satisfied Customers
Luis Barton,29,5.0,1,4.0,7.0,0,2,-0.7252777670420527,-2.7792901199689117,Frequent Support Users
Luis Berg,21,,1,,,0,4,-0.5305289667505212,-0.5486969100516654,
Luis Cross,45,,1,18.0,,0,0,-0.5460047695051747,0.7427933102939513,Low Engagement Customers
Luis Dennis,70,,1,,,0,3,-0.5695890001805158,0.7074858942907649,
Luis Kelly,30,,1,20.0,,0,0,-0.532950923757165,0.5611126568792293,Low Engagement Customers
Luis Shannon,41,,1,4.0,,0,4,-0.5504930439479891,-0.7798079458708487,
Luis Strickland,41,2.0,1,10.0,0.0,0,4,-0.9978252352182817,-1.0274967546903837,
Luis Williams,42,3.0,1,13.0,19.0,0,7,-0.21232584466831608,1.2062333413712802,
Luke Brooks MD,28,,1,2.0,,0,4,-0.5412268705931447,-1.315946037794658,
Luke Cochran,21,,1,18.0,,0,4,-0.5268733245598712,0.12752010000378133,
Luke Green,62,5.0,1,2.0,6.0,0,2,-0.7944338497317504,-2.2670935513247104,Frequent Support Users
Luke Guerrero,54,5.0,1,17.0,10.0,0,2,-0.6128168935568452,-0.4269403788440858,Frequent Support Users
Luke Jennings,69,,1,,,0,3,-0.5687918566411282,0.6818495105286746,
Luke Mccullough,19,,1,2.0,,1,1,0.9973870198420632,-1.8411928908435726,High Value Satisfied Customers
Luke Smith,21,,1,,,0,4,-0.5305289667505212,-0.5486969100516654,
Luke Stewart,20,3.0,1,6.0,0.0,1,1,0.5394930760572512,-2.8501552184178442,High Value Satisfied Customers
Luke Vega,21,4.0,1,21.0,5.0,1,1,0.7470214772924411,-1.23238039909045,High Value Satisfied Customers
Luke Williamson,27,4.0,1,1.0,14.0,1,1,1.1070545685785587,-1.928762194290915,High Value Satisfied Customers
Lydia Anderson,49,1.0,1,4.0,11.0,1,1,0.9919052389535025,0.29885332403615933,High Value Satisfied Customers
Lydia Golden,44,4.0,1,9.0,4.0,0,2,-0.8510862318700743,-1.6963537839602223,Frequent Support Users
Lydia Lewis,39,,1,23.0,,0,0,-0.5384801766258613,1.096137765262994,Low Engagement Customers
Lydia Patterson,26,5.0,1,15.0,2.0,0,2,-0.9256227929728693,-2.395136167104437,Frequent Support Users
Lynn Adams DVM,24,,1,4.0,,0,4,-0.5369416037783992,-1.2156264698263857,
Lynn Bentley,38,,1,,,0,4,-0.5440804069201112,-0.11287838609612842,
Lynn Bird,63,4.0,1,14.0,8.0,1,1,0.8349639840361086,-0.47286316417642726,High Value Satisfied Customers
Lynn Brooks,22,3.0,1,3.0,14.0,0,4,-0.41063470333009017,-0.9755148113944392,
Lynn Frank,59,1.0,1,6.0,2.0,0,3,-0.9221919814582917,-0.12584926852953546,
Lynn Miller,21,,1,8.0,,0,4,-0.5323567878458462,-0.8868054150793889,
Lynn Pruitt,70,5.0,1,7.0,10.0,0,2,-0.6310546534730225,-1.0310837537338093,Frequent Support Users
Lynn Scott,63,,1,18.0,,0,0,-0.5603533532141524,1.204248218011579,Low Engagement Customers
Lynn White,53,,1,,,0,3,-0.5560375600109259,0.2716673703352278,
Mackenzie Burns,53,,1,11.0,,1,1,0.9752192564602606,-0.05666287935764533,High Value Satisfied Customers
Mackenzie Owen,67,,1,5.0,,0,3,-0.5706704296434704,-0.011829416548180887,
Mackenzie Phillips,55,1.0,1,13.0,8.0,0,3,-0.6646430636042961,1.2672670119092113,
Mackenzie Powers,48,,1,,,1,1,0.9793877562667315,-0.151033947665325,High Value Satisfied Customers
Mackenzie Thomas,66,3.0,1,19.0,9.0,0,0,-0.6457037439691387,1.1207119358298707,Low Engagement Customers
Madeline Heath,62,2.0,1,20.0,3.0,0,0,-0.8838208265613161,0.9180097968611299,Low Engagement Customers
Madeline Jenkins,54,,1,11.0,,0,3,-0.557017485659846,0.26349290359454586,
Madeline Nguyen,59,2.0,1,13.0,20.0,0,7,-0.17545571528725884,2.3570356573151585,
Madeline Osborne,62,,1,0.0,,0,3,-0.5694264435895197,-0.6471740929002181,
Madison Aguilar,45,5.0,1,18.0,0.0,0,2,-1.022630787700863,-1.865625206076064,Frequent Support Users
Madison Dougherty,23,,1,10.0,,0,4,-0.5328543822674264,-0.632667544538574,
Madison Haley,47,,1,19.0,,0,0,-0.5470507102553526,0.8954986293264491,Low Engagement Customers
Madison Williamson,27,,1,0.0,,1,1,0.989913178869767,-1.8389669237634831,High Value Satisfied Customers
Makayla Lewis,51,,1,22.0,,1,1,0.9828453531536084,1.0078224197096612,High Value Satisfied Customers
Malik Montgomery,69,,1,5.0,,0,3,-0.5722647167222457,0.03944335097599998,
Malik Robles,58,,1,,,0,3,-0.5600232777078641,0.3998492891456799,
Mallory Hill,22,,1,,,0,4,-0.5313261102899088,-0.523060526289575,
Mallory Parker,45,,1,,,0,3,-0.5496604116958247,0.0665763002385045,
Mallory Thomas,19,,1,,,0,4,-0.5289346796717459,-0.5999696775758463,
Mandy Fitzgerald,33,,1,1.0,,0,4,-0.5457609346186805,-1.289196670492523,
Manuel Bauer,64,1.0,1,22.0,19.0,0,7,-0.20759205294159314,3.8512163467125085,
Manuel Cook,45,5.0,1,4.0,6.0,1,2,0.7516538816757536,-2.794566371453714,Frequent Support Users
Manuel Garcia,24,,1,,,0,4,-0.5329203973686841,-0.4717877587653943,
Manuel Hayes,65,2.0,1,7.0,0.0,0,3,-1.0186017191493777,-0.7165211989251649,
Manuel Hudson,38,4.0,1,6.0,3.0,0,2,-0.8897020628522513,-2.285408733545864,Frequent Support Users
Manuel Parks,51,,1,,,0,3,-0.5544432729321506,0.220394602811047,
Manuel Wilkerson,20,,1,,,0,4,-0.5297318232111335,-0.5743332938137559,
Marc Carr,53,,1,,,1,1,0.9754020385697932,-0.02285202885487292,High Value Satisfied Customers
Marc Harvey,51,,1,11.0,,0,3,-0.554626055041683,0.1865837523082746,
Marc Prince IV,62,,1,,,0,3,-0.5632118518654147,0.5023948241940417,
Marcia Lewis,31,4.0,1,0.0,8.0,1,1,0.8527957286961484,-2.7132831656797594,High Value Satisfied Customers
Marcia Morris,42,,1,1.0,,0,4,-0.5529352264731693,-1.0584692166337093,
Marco Esparza,57,,1,3.0,,1,1,0.9676439116739302,-0.7655777563758198,High Value Satisfied Customers
Marco Walker,32,5.0,1,0.0,2.0,0,2,-0.9386308491381576,-3.76280613715665,Frequent Support Users
Marcus Atkins,56,,1,19.0,,0,0,-0.5542250021098414,1.126226083185263,Low Engagement Customers
Marcus Curry,28,,1,13.0,,0,4,-0.5351950609785722,-0.20018797120317083,
Marcus Galloway,18,,1,13.0,,1,1,1.0042159729960232,-0.7510712080141758,High Value Satisfied Customers
Marcus Greene,21,,1,0.0,,0,4,-0.5367435584746262,-1.698265827145925,
Marcus Hahn,20,,1,,,1,1,1.0017077753695856,-0.8688526930038566,High Value Satisfied Customers
Marcus Kerr,70,3.0,1,4.0,16.0,0,3,-0.36484194042667895,0.6183421456705143,
Marcus Olsen,42,3.0,1,8.0,21.0,1,7,1.3998793287348363,0.6664291696158908,
Marcus Rice,55,2.0,1,8.0,21.0,0,7,-0.1332552195399853,1.8782663572133598,
Marcus Rogers,21,,1,,,1,1,1.0009106318301977,-0.8432163092417662,High Value Satisfied Customers
Marcus Schneider,66,1.0,1,14.0,4.0,0,3,-0.8398779091398044,1.1269438148479303,
Marcus Smith,26,,1,,,0,4,-0.5345146844474594,-0.42051499124121344,
Marcus Young,47,,1,,,0,3,-0.5512546987746,0.11784906776268533,
Margaret Arnold,52,,1,10.0,,0,3,-0.5559715449096683,0.11078758456204797,
Margaret Banks,44,4.0,1,14.0,7.0,0,2,-0.7230835405289555,-0.7963740489541927,Frequent Support Users
Margaret Bell,67,,1,,,1,1,0.9642420290183662,0.33605734381439295,High Value Satisfied Customers
Margaret Cruz,23,,1,8.0,,0,4,-0.5339510749246215,-0.8355326475552081,
Margaret Glover,20,,1,,,0,4,-0.5297318232111335,-0.5743332938137559,
Margaret Jones,27,,1,2.0,,0,4,-0.540429727053757,-1.3415824215567485,
Margaret Mcguire,50,,1,,,0,3,-0.5536461293927629,0.19475821904895657,
Margaret Moyer,60,,1,21.0,,0,0,-0.5563168836101969,1.4316367212502588,Low Engagement Customers
Margaret Ramsey,55,,1,7.0,,0,3,-0.5600080145136237,-0.11660091867663182,
Margaret Reed,40,,1,11.0,,0,4,-0.545857476108419,-0.09541646907472,
Margaret Roberts,39,2.0,1,21.0,18.0,0,7,-0.2386333803361467,2.39389040916359,
Margaret Turner,30,2.0,1,22.0,2.0,1,1,0.6324704047042923,-0.1249477721873785,High Value Satisfied Customers
Margaret Ward,43,1.0,1,20.0,13.0,0,7,-0.44247065066790997,2.3243532297630862,
Margaret Williams,24,4.0,2,7.0,17.0,0,5,2.336281079881088,-0.6910445913919407,
Maria Bradley,52,,1,17.0,,1,1,0.9793064779712333,0.5262960459301664,High Value Satisfied Customers
Maria Christian,60,,1,7.0,,1,1,0.9674458663701572,-0.2829383990562805,High Value Satisfied Customers
Maria Davis,65,,1,,,0,3,-0.5656032824835776,0.5793039754803129,
Maria Glover,27,,1,,,0,4,-0.5353118279868471,-0.39487860747912296,
Maria Gonzalez,63,,1,16.0,,0,3,-0.5614500458713474,1.0013831149949448,
Maria Gutierrez,19,,1,3.0,,0,4,-0.5335042324100584,-1.445240940145155,
Maria Lee,54,,1,14.0,,0,3,-0.5553724466740535,0.5677905581194971,
Maria Lewis DVM,42,,1,2.0,,0,4,-0.5523868801445717,-0.9570366651253923,
Maria Marquez,56,1.0,1,22.0,12.0,1,1,1.0379491213252543,2.4350329300086466,High Value Satisfied Customers
Maria Martinez,39,,1,21.0,,1,1,0.9918627292976627,0.5987532630562591,High Value Satisfied Customers
Maria Mathews,25,,1,,,0,4,-0.5337175409080718,-0.4461513750033039,
Maria Mejia,70,,1,,,0,3,-0.5695890001805158,0.7074858942907649,
Maria Murphy,67,,1,15.0,,1,1,0.9662526322232237,0.7079766993448887,High Value Satisfied Customers
Maria Novak,48,,1,7.0,,0,3,-0.5544280097379102,-0.2960556050112647,
Maria Oneal,36,1.0,1,14.0,6.0,1,1,0.7989833020879649,0.3252108877714133,High Value Satisfied Customers
Maria Parrish,38,,1,,,0,4,-0.5440804069201112,-0.11287838609612842,
Maria Raymond,55,1.0,1,23.0,7.0,0,0,-0.7009132535510316,2.1506535345042335,Low Engagement Customers
Maria Reed,44,,1,12.0,,0,3,-0.5484977039373721,0.10856161748195872,
Maria Roberts,50,,1,,,0,3,-0.5536461293927629,0.19475821904895657,
Maria Rose,44,,1,16.0,,0,0,-0.546304318622982,0.514291823515227,Low Engagement Customers
Maria Shaw,40,,1,,,0,4,-0.5456746939988865,-0.06160561857194756,
Maria Stone,40,,1,,,1,1,0.9857649045818326,-0.3561250177620483,High Value Satisfied Customers
Maria Townsend,55,,1,,,0,3,-0.5576318470897011,0.32294013785940867,
Maria Wagner,42,,1,,,0,4,-0.5472689810776618,-0.010332851047766755,
Maria Welch,44,3.0,1,1.0,9.0,0,3,-0.6380368200173654,-1.2690744340858249,
Maria Wong,36,4.0,1,23.0,8.0,0,0,-0.6700176220237665,0.04236683701208529,Low Engagement Customers
Mariah Barr,41,,1,12.0,,0,4,-0.5461062733192091,0.031652466195687456,
Mariah Price,45,,1,,,0,3,-0.5496604116958247,0.0665763002385045,
Mariah Robinson,32,,1,17.0,,0,0,-0.5361902498217328,0.3080877698784589,Low Engagement Customers
Marie Cobb,45,5.0,1,4.0,9.0,0,2,-0.6545247572068342,-2.1072299947991686,Frequent Support Users
Marie Cunningham,46,,1,,,0,3,-0.5504575552352123,0.09221268400059492,
Marie Davis,67,5.0,1,7.0,1.0,0,2,-1.0044461019492532,-2.2864438374134135,Frequent Support Users
Marie Fletcher,44,,1,22.0,,0,0,-0.543014240651397,1.122887132565129,Low Engagement Customers
Marie Mccullough,26,3.0,1,7.0,15.0,0,4,-0.36987623894054034,-0.3363000778246613,
Marie Smith,34,,1,,,1,1,0.9905477658181585,-0.5099433203345908,High Value Satisfied Customers
Marilyn Ford,54,3.0,1,23.0,0.0,0,0,-1.0097275152764906,0.040354604324720364,Low Engagement Customers
Marilyn Martinez,45,,1,,,1,1,0.9817791868848944,-0.22794309895159623,High Value Satisfied Customers
Marilyn Olson MD,27,,1,,,1,1,0.996127770593872,-0.6893980066692237,High Value Satisfied Customers
Mario Alvarez,24,5.0,1,2.0,22.0,0,6,-0.09608394351165335,-1.1462522544737754,
Mario Cummings,68,,1,,,0,3,-0.5679947131017405,0.6562131267665842,
Mario Hodge,59,,1,,,1,1,0.9706191773334674,0.1309662737176696,High Value Satisfied Customers
Mario Palmer,58,,1,4.0,,0,3,-0.5640444841175791,-0.3439894219153116,
Marisa Garcia,32,,1,3.0,,1,1,0.9875725001586213,-1.4064873504280802,High Value Satisfied Customers
Marisa Obrien,32,,1,12.0,,0,4,-0.5389319814647203,-0.19907498766312626,
Marisa Santiago,56,,1,,,0,3,-0.5584289906290888,0.3485765216214991,
Marissa Bryant,64,,1,,,0,3,-0.56480613894419,0.5536675917182224,
Marissa Davis,67,,1,1.0,,0,3,-0.5728638149578604,-0.417559622581449,
Marissa Johnston,52,3.0,1,23.0,13.0,0,0,-0.46533573617248003,1.6912887391464657,Low Engagement Customers
Marissa Mccarthy,44,,1,19.0,,0,0,-0.5446592796371895,0.8185894780401779,Low Engagement Customers
Marissa Robinson,35,,1,,,0,4,-0.5416889763019482,-0.18978753738239967,
Marissa Thornton,45,,1,22.0,,0,0,-0.5438113841907848,1.1485235163272196,Low Engagement Customers
Marissa Walsh,50,,1,10.0,,1,1,0.9770623407498261,-0.2350045821522336,High Value Satisfied Customers
Marissa Werner,44,,1,,,0,3,-0.548863268156437,0.04093991647641409,
Mark Barnes,57,,1,19.0,,1,1,0.9764174529314901,0.8573430677572527,High Value Satisfied Customers
Mark Bass,24,1.0,1,6.0,13.0,1,1,1.0964378265608092,0.12268681797682923,High Value Satisfied Customers
Mark Carroll,67,,1,,,0,3,-0.5671975695623529,0.6305767430044937,
Mark Castro,52,,1,18.0,,0,0,-0.5515847742808883,0.9222479966285843,Low Engagement Customers
Mark Chandler DDS,60,5.0,1,18.0,20.0,0,6,-0.19951487613746954,1.1377004001182556,
Mark Chapman,32,,1,9.0,,0,4,-0.5405770204505128,-0.5033726421880773,
Mark Cox,49,,2,,,0,5,2.0768746557419937,0.18781690376766388,
Mark Craig,47,,1,,,0,3,-0.5512546987746,0.11784906776268533,
Mark Davis,56,,2,2.0,,1,5,3.5976163504800893,-0.8739516231654295,
Mark Diaz,50,,1,20.0,,0,0,-0.5488937945449179,1.0738403321210375,Low Engagement Customers
Mark Douglas,36,2.0,1,17.0,17.0,0,7,-0.2801889882650842,1.7803120593559023,
Mark Gallagher,44,1.0,1,8.0,13.0,0,7,-0.44984795015046763,1.1327989954253725,
Mark Garcia,57,,1,3.0,,0,3,-0.5637956869067889,-0.47105835718571915,
Mark Garza,20,,1,,,0,4,-0.5297318232111335,-0.5743332938137559,
Mark Gay,34,2.0,1,6.0,15.0,0,7,-0.3681338172663022,0.3514032402639378,
Mark Gomez,66,3.0,1,1.0,6.0,0,3,-0.7808349375820248,-1.0978909687842802,
Mark Good,40,,1,,,0,4,-0.5456746939988865,-0.06160561857194756,
Mark Grant,39,,1,21.0,,0,0,-0.5395768692830564,0.8932726622463598,Low Engagement Customers
Mark Grimes,50,5.0,1,19.0,5.0,0,2,-0.8172998929056516,-0.9813157733165541,Frequent Support Users
Mark Guerrero,50,,1,,,1,1,0.9777934691879562,-0.09976118014114416,High Value Satisfied Customers
Mark Hahn,36,,1,,,0,4,-0.5424861198413359,-0.16415115362030927,
Mark Harrison,28,3.0,1,20.0,2.0,0,0,-0.9071395157727834,-0.6686110430382852,Low Engagement Customers
Mark Hart,69,,1,,,0,3,-0.5687918566411282,0.6818495105286746,
Mark Holder,45,3.0,1,0.0,12.0,1,1,1.0173182483934997,-1.2465730235577077,High Value Satisfied Customers
Mark Holloway,56,,1,,,0,3,-0.5584289906290888,0.3485765216214991,
Mark Johnson,48,1.0,1,2.0,1.0,1,1,0.5740691575085911,-1.2390380876240468,High Value Satisfied Customers
Mark Jones,28,,1,,,1,1,0.9953306270544844,-0.6637616229071333,High Value Satisfied Customers
Mark King,24,4.0,1,15.0,18.0,1,6,1.2841374607279283,-0.06185965450815481,
Mark Lambert,33,2.0,1,14.0,16.0,0,7,-0.32119624986542417,1.2681662610565319,
Mark Lee,54,,1,14.0,,1,1,0.9760671519066655,0.27327115892939624,High Value Satisfied Customers
Mark Lewis,52,2.0,1,20.0,7.0,1,1,0.8226048203441211,0.8908825300027174,High Value Satisfied Customers
Mark Miller,50,,1,,,1,1,0.9777934691879562,-0.09976118014114416,High Value Satisfied Customers
Mark Moreno,50,3.0,2,6.5,7.0,0,5,1.9064125586835432,-0.8005600147130374,
Mark Murray,70,,1,,,0,3,-0.5695890001805158,0.7074858942907649,
Mark Nguyen,45,5.0,1,8.0,18.0,1,6,1.2548911057826684,-0.8175682555626681,
Mark Odonnell,57,,1,13.0,,0,3,-0.558312223620814,0.5432671578974513,
Mark Patel,59,,1,11.0,,0,3,-0.5610032033567842,0.39167482240499796,
Mark Pena,32,,1,,,1,1,0.9921420528969338,-0.5612160878587716,High Value Satisfied Customers
Mark Reed,54,,1,,,0,3,-0.5568347035503135,0.29730375409731824,
Mark Roach,66,,1,,,0,3,-0.5664004260229653,0.6049403592424033,
Mark Robinson,48,,1,,,0,3,-0.5520518423139876,0.14348545152477576,
Mark Ross,55,2.0,2,22.0,19.0,0,5,2.420637964190328,3.0551391618342993,
Mark Roy,45,4.0,1,2.0,7.0,0,2,-0.7304608400115131,-1.9879282832919067,Frequent Support Users
Mark Sampson,51,4.0,1,14.0,19.0,0,6,-0.22761970651214428,0.9543485472382184,
Mark Sanchez,54,1.0,1,11.0,4.0,1,1,0.6994823729277739,0.22049015598779326,High Value Satisfied Customers
Mark Smith,56,3.5,3,15.5,16.0,0,5,4.9077373769353905,1.1712748525583934,
Mark Vazquez,27,,1,13.0,,0,4,-0.5343979174391845,-0.22582435496526126,
Mark White,27,4.0,1,6.0,2.0,0,2,-0.9226871371516976,-2.6983479474170067,Frequent Support Users
Mark Williams,47,1.0,2,11.0,0.0,1,5,3.167771406368015,-0.4640254318186345,
Mark Williamson,39,,1,9.0,,0,4,-0.5461570252262263,-0.32391795585344446,
Mark Wolfe,46,,1,19.0,,0,0,-0.5462535667159649,0.8698622455643586,Low Engagement Customers
Mark Woodward,39,,1,20.0,,0,0,-0.5401252156116538,0.7918401107380428,Low Engagement Customers
Mark Wright,42,4.0,1,13.0,7.0,0,2,-0.7220375997787778,-0.9490793679866905,Frequent Support Users
Martha Lozano,22,,1,23.0,,0,0,-0.5249287364562714,0.6603192413074569,Low Engagement Customers
Martha Rodriguez,67,,1,4.0,,0,3,-0.5712187759720679,-0.11326196805649787,
Martha Williams,18,2.0,1,8.0,0.0,0,4,-0.9805876264695609,-1.8199986842350973,
Martin Atkins,48,1.0,1,3.0,21.0,0,7,-0.12174903008932243,1.7756937128373345,
Martin Chang,62,,1,,,0,3,-0.5632118518654147,0.5023948241940417,
Martin Davis,52,,1,23.0,,0,0,-0.5488430426379007,1.4294107541701695,Low Engagement Customers
Martin Floyd,57,3.0,1,15.0,4.0,0,0,-0.8494911035925918,-0.170440686502952,Low Engagement Customers
Martin Kelley,24,,1,,,0,4,-0.5329203973686841,-0.4717877587653943,
Martin Mitchell,68,,1,,,0,3,-0.5679947131017405,0.6562131267665842,
Martin Orr,66,,1,,,1,1,0.9650391725577538,0.3104209600523025,High Value Satisfied Customers
Martin Young,29,,1,,,0,4,-0.5369061150656224,-0.34360583995494215,
Marvin Delacruz,43,,1,10.0,,0,4,-0.5487972530551793,-0.11993986929676577,
Marvin King,50,5.0,1,1.0,16.0,1,6,1.1635596573201268,-1.6612921822867315,
Marvin Meyer,46,,1,,,1,1,0.9809820433455068,-0.20230671518950583,High Value Satisfied Customers
Mary Avila,51,4.0,1,14.0,11.0,0,3,-0.5616489323738274,-0.09316339266696706,
Mary Baker,51,,2,,,1,5,3.6067199672439374,-0.05542972789825601,
Mary Barber,35,,1,,,1,1,0.9897506222787709,-0.4843069365725004,High Value Satisfied Customers
Mary Bell,47,4.0,1,5.0,1.0,0,2,-0.9809320075007584,-2.4179918161716634,Frequent Support Users
Mary Benson,61,,1,,,0,3,-0.562414708326027,0.4767584404319512,
Mary Branch,30,,1,,,1,1,0.9937363399757091,-0.6124888553829524,High Value Satisfied Customers
Mary Christian,58,,1,,,0,3,-0.5600232777078641,0.3998492891456799,
Mary Clements,55,,1,21.0,,0,0,-0.5523311659132587,1.3034548024398067,Low Engagement Customers
Mary Cole,21,,1,11.0,,0,4,-0.5307117488600537,-0.5825077605544379,
Mary Collins,68,,1,,,1,1,0.9634448854789786,0.3616937275764834,High Value Satisfied Customers
Mary Douglas,59,,1,,,1,1,0.9706191773334674,0.1309662737176696,High Value Satisfied Customers
Mary Elliott,60,3.0,1,6.0,13.0,0,3,-0.4810347720737387,0.1720264336017996,
Mary Gallagher,39,2.0,1,15.0,16.0,0,7,-0.3254307647731525,1.5234171151373912,
Mary George,26,,1,,,0,4,-0.5345146844474594,-0.42051499124121344,
Mary Glenn,67,,1,0.0,,0,3,-0.5734121612864579,-0.518992174089766,
Mary Gonzalez,22,,1,10.0,,0,4,-0.5320572387280388,-0.6583039283006644,
Mary Griffin,27,5.0,1,21.0,16.0,0,6,-0.3385787132827264,0.07224142054163013,
Mary Harris,56,2.0,1,10.0,8.0,0,3,-0.6757531624474131,0.40456094164615786,
Mary Hopkins,28,,1,,,0,4,-0.5361089715262347,-0.3692422237170325,
Mary Hunt,65,4.0,1,17.0,6.0,0,2,-0.779932169103014,-0.08465132791349105,Frequent Support Users
Mary James,57,,1,9.0,,0,3,-0.560505608935204,0.13753695186418308,
Mary Johnson,29,,2,0.0,,1,5,3.6180425333863604,-1.7689990877585047,
Mary Klein,67,3.0,1,4.0,9.0,0,3,-0.6547260824374888,-0.3751399530327942,
Mary Larson,33,,1,,,0,4,-0.5400946892231729,-0.24106030490658048,
Mary Lopez,65,5.0,1,20.0,12.0,0,6,-0.536433127038896,0.4212354820401563,
Mary Lyons,43,2.0,2,19.0,0.0,0,5,1.6352392362556893,-0.044635955110552086,
Mary Mclean,28,,1,5.0,,0,4,-0.5395818316073522,-1.011648383269707,
Mary Munoz,30,5.0,1,7.0,8.0,0,2,-0.6826762183629375,-2.3184170891937224,Frequent Support Users
Mary Orozco,37,,1,,,0,4,-0.5432832633807235,-0.13851476985821884,
Mary Ortiz,57,3.0,1,11.0,7.0,1,1,0.8050160693718684,-0.4778733142618763,High Value Satisfied Customers
Mary Payne,28,,1,,,1,1,0.9953306270544844,-0.6637616229071333,High Value Satisfied Customers
Mary Porter DDS,38,,1,1.0,,0,4,-0.5497466523156187,-1.161014751682071,
Mary Rios,18,,1,,,1,1,1.0033020624483606,-0.9201254605280375,High Value Satisfied Customers
Mary Rush,43,,1,4.0,,0,4,-0.5520873310267644,-0.7285351783466678,
Mary Russell,61,3.0,1,10.0,15.0,0,3,-0.3961312238333155,0.8652710083734545,
Mary Simmons,37,,1,,,0,4,-0.5432832633807235,-0.13851476985821884,
Mary Simpson,55,,1,0.0,,0,3,-0.5638464388138061,-0.826628779234851,
Mary Stanley,28,1.0,1,4.0,7.0,0,4,-0.6898089582309176,-0.46874730573023143,
Mary Stewart,65,,1,1.0,,0,3,-0.5712695278790851,-0.4688323901056299,
Mary Taylor,51,,1,7.0,,1,1,0.974620158224646,-0.5136658529150941,High Value Satisfied Customers
Mary Thompson,67,,1,23.0,,0,0,-0.5608001957287154,1.8139565106015256,Low Engagement Customers
Mary Vang,19,,1,5.0,,0,4,-0.5324075397528634,-1.2423758371285207,
Mary Ward,42,1.0,1,17.0,1.0,0,0,-0.9443623849068397,0.42315128161826676,Low Engagement Customers
Mary Williams,55,1.0,2,13.0,11.0,0,5,2.090341537689204,1.6787790578544537,
Mary Wilson,55,,2,15.0,,0,5,2.0741023977105253,0.7135545618707021,
Mary Yates,58,5.0,1,9.0,7.0,1,2,0.7857864005394121,-1.8231916325168056,Frequent Support Users
Mason Bennett,37,,1,,,0,4,-0.5432832633807235,-0.13851476985821884,
Mason Rodgers,54,,1,20.0,,0,0,-0.5520823687024685,1.1763858671693992,Low Engagement Customers
Mason Wilson,57,,1,23.0,,0,0,-0.552828760334839,1.5575926729806215,Low Engagement Customers
Mathew Gonzales,40,,1,5.0,,0,4,-0.5491475540800039,-0.7040117781246221,
Mathew Russo,49,4.0,1,1.0,4.0,1,2,0.6719808783849266,-2.6741516764064075,Frequent Support Users
Mathew Wade,19,2.0,1,12.0,23.0,1,7,1.5125822382384997,1.3284453335975683,
Matthew Alvarez,43,,1,,,0,4,-0.5480661246170494,0.015303532714323676,
Matthew Anderson,19,1.0,1,12.0,7.0,0,4,-0.6782478957476488,0.11198565247749097,
Matthew Barber,51,5.0,1,23.0,5.0,0,2,-0.8159036511306492,-0.5499491835211956,Frequent Support Users
Matthew Barrett,36,,1,10.0,,0,4,-0.5432172482794658,-0.29939455563139866,
Matthew Berg,60,3.0,1,2.0,11.0,1,1,0.9647041347271696,-0.7901011565978655,High Value Satisfied Customers
Matthew Boyer,61,,1,11.0,,1,1,0.9688421081451595,0.1484281907390781,High Value Satisfied Customers
Matthew Brown,65,4.0,2,13.5,20.0,1,5,3.963863004180929,1.1176563059321707,
Matthew Butler,22,,1,,,1,1,1.00011348829081,-0.8175799254796757,High Value Satisfied Customers
Matthew Campos,52,,1,,,1,1,0.9761991821091809,-0.04848841261696332,High Value Satisfied Customers
Matthew Cannon,33,1.0,1,19.0,7.0,0,0,-0.6855694809988934,1.1809228857049758,Low Engagement Customers
Matthew Carpenter,33,4.0,1,11.0,4.0,0,2,-0.8412209602796151,-1.7754889023265827,Frequent Support Users
Matthew Case,66,,1,,,1,1,0.9650391725577538,0.3104209600523025,High Value Satisfied Customers
Matthew Castillo,53,,1,,,0,3,-0.5560375600109259,0.2716673703352278,
Matthew Chambers,61,,1,,,0,3,-0.562414708326027,0.4767584404319512,
Matthew Chavez,23,1.0,1,23.0,13.0,1,1,1.1065568576863545,1.8214038098561283,High Value Satisfied Customers
Matthew Clark,33,,1,,,1,1,0.9913449093575462,-0.5355797040966812,High Value Satisfied Customers
Matthew Costa,66,,1,0.0,,0,3,-0.5726150177470702,-0.5446285578518564,
Matthew Cox,62,3.0,1,1.0,7.0,0,3,-0.7358927101917638,-1.0694975113444938,
Matthew Crawford,25,2.0,1,5.0,11.0,0,4,-0.5285224846712524,-0.5045127350557856,
Matthew Cunningham,67,4.0,1,4.0,8.0,0,3,-0.705147651988136,-1.0901237450211352,
Matthew Dominguez,52,,1,,,0,3,-0.5552404164715382,0.2460309865731374,
Matthew Evans,69,,1,23.0,,0,0,-0.5623944828074907,1.8652292781257065,Low Engagement Customers
Matthew Fernandez,59,3.0,1,23.0,1.0,0,0,-0.9719595797407183,0.29947551562332064,Low Engagement Customers
Matthew Garcia,30,3.0,1,19.0,8.0,0,0,-0.6587602297838937,0.06686312790646755,Low Engagement Customers
Matthew Gibson,32,,1,6.0,,0,4,-0.5422220594363053,-0.8076702967130285,
Matthew Hart,25,,1,,,0,4,-0.5337175409080718,-0.4461513750033039,
Matthew Hayes,59,,1,16.0,,1,1,0.9731781268669223,0.6043181807564824,High Value Satisfied Customers
Matthew Henry,32,,1,12.0,,0,4,-0.5389319814647203,-0.19907498766312626,
Matthew Henson,22,,1,1.0,,0,4,-0.5369923556854164,-1.5711968918755177,
Matthew Hernandez,52,3.0,2,3.0,21.0,0,5,2.487450204712623,0.7288447173661082,
Matthew Howard,19,,1,,,0,4,-0.5289346796717459,-0.5999696775758463,
Matthew Jimenez,67,,1,23.0,,0,0,-0.5608001957287154,1.8139565106015256,Low Engagement Customers
Matthew Jones,54,,2,15.5,,2,5,5.13805291157565,0.1495956554825687,
Matthew Knight PhD,65,,1,20.0,,0,0,-0.5608509476357326,1.4583860885523938,Low Engagement Customers
Matthew Lam,63,2.0,1,3.0,23.0,0,7,-0.058866793032653214,1.838072654744794,
Matthew Lang,39,,1,,,0,4,-0.5448775504594988,-0.08724200233403799,
Matthew Malone,54,,1,,,0,3,-0.5568347035503135,0.29730375409731824,
Matthew Martinez,54,,1,19.0,,0,0,-0.5526307150310661,1.0749533156610822,Low Engagement Customers
Matthew Miller,35,,1,,,1,1,0.9897506222787709,-0.4843069365725004,High Value Satisfied Customers
Matthew Mitchell,26,,1,,,0,4,-0.5345146844474594,-0.42051499124121344,
Matthew Moore,46,,1,5.0,,0,3,-0.5539304153163298,-0.5501934755520796,
Matthew Morales,34,5.0,2,6.5,3.0,0,5,1.7348164097470302,-2.902587723859462,
Matthew Morris,24,,1,7.0,,1,1,0.9961430337881124,-1.2058482144915357,High Value Satisfied Customers
Matthew Murphy,36,5.0,2,17.5,15.0,1,5,3.7717373696560714,-0.4588083790761167,
Matthew Myers,22,,1,,,1,1,1.00011348829081,-0.8175799254796757,High Value Satisfied Customers
Matthew Nunez,26,2.0,1,18.0,0.0,0,0,-0.981481311498687,-0.6005820990552038,Low Engagement Customers
Matthew Oconnell,70,,1,,,0,3,-0.5695890001805158,0.7074858942907649,
Matthew Perez,48,2.0,1,18.0,11.0,1,1,0.9917113147753183,1.1092278618903146,High Value Satisfied Customers
Matthew Perkins,20,3.0,1,11.0,6.0,0,4,-0.7386828714842181,-1.262839106757269,
Matthew Peters,34,,1,22.0,,0,0,-0.5350428052575206,0.8665232949442249,Low Engagement Customers
Matthew Ramirez,23,,1,7.0,,0,4,-0.5344994212532189,-0.936965199063525,
Matthew Reyes,66,1.0,2,11.0,20.0,0,5,2.456259145193139,2.936365108614148,
Matthew Richardson,28,3.0,1,23.0,17.0,0,0,-0.2791896782963349,1.5997714988088885,Low Engagement Customers
Matthew Roberts,35,,1,8.0,,0,4,-0.5435167973972732,-0.5278960424101231,
Matthew Salazar,34,,1,,,0,4,-0.5408918327625606,-0.21542392114449005,
Matthew Sanders,21,,1,17.0,,0,4,-0.5274216708884687,0.026087548495464286,
Matthew Scott,18,,1,,,0,4,-0.5281375361323583,-0.6256060613379367,
Matthew Snow,37,4.0,1,16.0,5.0,1,1,0.7315254490192512,-1.3293610164385885,High Value Satisfied Customers
Matthew Taylor,42,,1,,,0,4,-0.5472689810776618,-0.010332851047766755,
Matthew Thompson,33,,1,7.0,,0,4,-0.5424708566470954,-0.680601361442621,
Matthew Tran,37,4.0,1,0.0,14.0,1,1,1.0985347868560849,-1.7738309081783277,High Value Satisfied Customers
Matthew Vargas,68,,1,,,1,1,0.9634448854789786,0.3616937275764834,High Value Satisfied Customers
Matthew Vazquez,64,5.0,1,13.0,17.0,1,6,1.2007334569445802,0.04574680097048672,
Matthew Villanueva,53,,2,1.0,,1,5,3.5994594347696545,-1.052293325960018,
Matthew Walker,30,,1,6.0,,0,4,-0.54062777235753,-0.8589430642372092,
Matthew Welch,45,,1,22.0,,0,0,-0.5438113841907848,1.1485235163272196,Low Engagement Customers
Matthew White,64,,1,18.0,,0,0,-0.56115049675354,1.2298846017736693,Low Engagement Customers
Matthew Williams,39,,1,,,0,4,-0.5448775504594988,-0.08724200233403799,
Matthew Wilson,45,,3,16.0,,1,5,6.243785419609088,0.2827989450488119,
Matthew Wong,57,,1,10.0,,1,1,0.9714823359741126,-0.05554989581760064,High Value Satisfied Customers
Maureen Bates,50,2.0,1,17.0,18.0,0,7,-0.2495953445838008,2.2701604245133167,
Maureen Watson,38,,1,0.0,,0,4,-0.5502949986442162,-1.262447303190388,
Maurice Brown,33,,1,,,1,1,0.9913449093575462,-0.5355797040966812,High Value Satisfied Customers
Maurice Clark,58,4.0,1,1.0,23.0,0,6,-0.07331360062878363,0.3389360339173225,
Maurice Horne,68,4.0,1,2.0,9.0,0,3,-0.6652878349520082,-1.1364134717875305,
Maurice Love,70,,1,7.0,,1,1,0.9594744309762807,-0.02657456143537637,High Value Satisfied Customers
Maurice Martinez,24,,1,,,0,4,-0.5329203973686841,-0.4717877587653943,
Maurice Moreno,56,,1,16.0,,0,0,-0.5558700410956339,0.8219284286603119,Low Engagement Customers
Maurice Perez,57,,1,,,0,3,-0.5592261341684764,0.37421290538358953,
Maurice Savage,22,1.0,1,18.0,22.0,0,7,-0.05104444990357068,2.7615750001358874,
Max Dawson,54,2.0,1,4.0,21.0,1,7,1.3967881372657314,1.1523803682279004,
Mckenzie Hanna,50,,1,10.0,,1,1,0.9770623407498261,-0.2350045821522336,High Value Satisfied Customers
Meagan Beck,56,,1,4.0,,0,3,-0.5624501970388038,-0.39526218943949243,
Meagan Jones,21,,1,,,0,4,-0.5305289667505212,-0.5486969100516654,
Meagan Pacheco,38,4.0,1,19.0,18.0,0,6,-0.2562687620898278,0.9972993233844798,
Meagan Rowe,49,,1,,,0,3,-0.5528489858533753,0.16912183528686617,
Meagan Wong,46,,1,,,0,3,-0.5504575552352123,0.09221268400059492,
Megan Alexander,22,2.0,2,19.0,15.0,0,5,2.278284049073486,1.3810848732077718,
Megan Allen,38,,1,,,1,1,0.9873591916606079,-0.40739778528622916,High Value Satisfied Customers
Megan Blackwell,56,,1,21.0,,1,1,0.9783112891280727,1.0345717870117963,High Value Satisfied Customers
Megan Bowman,52,,1,10.0,,1,1,0.9754680536710508,-0.18373181462805277,High Value Satisfied Customers
Megan Brock,69,1.0,1,18.0,13.0,0,7,-0.4642930753491838,2.7880341045608033,
Megan Bryan,67,1.0,1,22.0,16.0,0,7,-0.3352444432578873,3.535308520534335,
Megan Cameron,28,,1,12.0,,0,4,-0.5357434073071697,-0.30162052271148787,
Megan Chavez,40,,1,,,0,4,-0.5456746939988865,-0.06160561857194756,
Megan Colon,38,,1,,,1,1,0.9873591916606079,-0.40739778528622916,High Value Satisfied Customers
Megan Daniel,59,,1,15.0,,0,3,-0.5588098180423943,0.7974050284382661,
Megan Drake,22,,1,8.0,,0,4,-0.5331539313852338,-0.8611690313172985,
Megan Erickson,33,2.0,1,0.0,3.0,1,1,0.6597690080896947,-2.148615761595934,High Value Satisfied Customers
Megan Estrada,58,,1,,,1,1,0.971416320872855,0.10532988995557918,High Value Satisfied Customers
Megan Evans,23,5.0,1,17.0,2.0,0,2,-0.9221346696975113,-2.269180215374074,Frequent Support Users
Megan Hampton,42,,1,,,1,1,0.9841706175030573,-0.3048522502378675,High Value Satisfied Customers
Megan Henderson,24,,1,,,0,4,-0.5329203973686841,-0.4717877587653943,
Megan Johnson,46,1.0,1,18.0,7.0,1,1,0.8349589052411888,1.1182439239137336,High Value Satisfied Customers
Megan Lewis,52,3.5,2,18.0,3.0,0,5,1.7397756832938291,-0.39859127454589977,
Megan Lopez,19,,1,,,0,4,-0.5289346796717459,-0.5999696775758463,
Megan Lucero,50,,1,,,0,3,-0.5536461293927629,0.19475821904895657,
Megan Marks,28,,1,20.0,,0,0,-0.5313566366783897,0.5098398893550484,Low Engagement Customers
Megan Mckinney,47,,1,,,0,3,-0.5512546987746,0.11784906776268533,
Megan Morgan,47,,1,,,0,3,-0.5512546987746,0.11784906776268533,
Megan Ortiz,60,3.0,1,14.0,6.0,0,3,-0.7689235740739314,0.06691389825129858,
Megan Perez,30,,1,12.0,,0,4,-0.537337694385945,-0.25034775518730706,
Megan Potter,25,,1,11.0,,1,1,0.9975392755631148,-0.774481624696177,High Value Satisfied Customers
Megan Ryan,58,,1,9.0,,0,3,-0.5613027524745916,0.16317333562627342,
Megan Sharp,30,,1,,,0,4,-0.53770325860501,-0.3179694561928517,
Megan Singh,50,,1,,,1,1,0.9777934691879562,-0.09976118014114416,High Value Satisfied Customers
Megan Smith,56,,2,19.0,,0,5,2.0754986394855277,1.1449211516660607,
Megan Solomon,68,,1,,,0,3,-0.5679947131017405,0.6562131267665842,
Megan Steele,53,,1,13.0,,0,3,-0.5551236494632634,0.4407216228490895,
Megan Thompson,30,3.5,2,14.0,14.0,2,5,5.2772888385672205,-0.5170318043557286,
Megan Washington,46,,1,22.0,,0,0,-0.5446085277301724,1.17415990008931,Low Engagement Customers
Megan Wolf,25,,1,,,1,1,0.9977220576726473,-0.7406707741934045,High Value Satisfied Customers
Megan Young,56,1.0,1,7.0,12.0,0,7,-0.5017156721844273,1.2080640565739922,
Meghan Adams,24,1.0,1,23.0,15.0,0,7,-0.3421725779683314,2.403437577784616,
Meghan Chavez,22,,1,,,1,1,1.00011348829081,-0.8175799254796757,High Value Satisfied Customers
Meghan Fields,28,3.0,1,19.0,17.0,0,0,-0.2813830636107249,1.1940412927756203,Low Engagement Customers
Meghan Jones,38,4.0,1,21.0,20.0,0,6,-0.17166476296721198,1.4620424113774102,
Meghan Sexton,24,,1,6.0,,0,4,-0.5358449111212041,-1.0127613668097517,
Meghan Sparks,55,1.0,1,17.0,14.0,0,7,-0.41192775889364386,2.458631172871369,
Melanie Campbell,28,,1,,,0,4,-0.5361089715262347,-0.3692422237170325,
Melanie Cole,55,,1,,,0,3,-0.5576318470897011,0.32294013785940867,
Melanie Garcia,68,,1,,,0,3,-0.5679947131017405,0.6562131267665842,
Melanie George,32,,1,1.0,,0,4,-0.5449637910792928,-1.3148330542546134,
Melanie Goodwin,69,,1,,,0,3,-0.5687918566411282,0.6818495105286746,
Melanie Kim,59,,1,6.0,,0,3,-0.5637449349997717,-0.11548793513658719,
Melanie Mcclure,38,3.0,1,18.0,20.0,0,7,-0.1646418856350676,1.7417895563526518,
Melanie Parker,40,,1,,,0,4,-0.5456746939988865,-0.06160561857194756,
Melanie Stewart,63,,1,16.0,,0,3,-0.5614500458713474,1.0013831149949448,
Melanie Thomas,39,4.0,1,12.0,19.0,0,6,-0.21915067669668753,0.44384683907649913,
Melanie Walker,57,,1,5.0,,0,3,-0.5626989942495939,-0.268193254169085,
Melanie Williams,44,,1,14.0,,1,1,0.9840385873005421,0.016907321308492013,High Value Satisfied Customers
Melinda Atkins,50,5.0,1,17.0,12.0,0,6,-0.5261210129338738,-0.26760792891615104,
Melinda Chapman,44,,1,,,0,3,-0.548863268156437,0.04093991647641409,
Melinda Cook,54,3.0,1,7.0,1.0,0,2,-0.97674740330134,-1.4516272273202038,Frequent Support Users
Melinda Davis,39,5.0,2,2.0,11.0,0,5,2.0623923594330864,-2.183340346931251,
Melinda Edwards,50,4.0,1,3.0,19.0,0,6,-0.2328543725873291,-0.1870459031153594,
Melinda Fox,40,,1,,,0,4,-0.5456746939988865,-0.06160561857194756,
Melinda Hardin,60,,1,,,0,3,-0.5616175647866394,0.45112205666986077,
Melinda Lewis,20,,1,,,0,4,-0.5297318232111335,-0.5743332938137559,
Melinda Mccann,25,1.0,1,4.0,12.0,0,4,-0.4786492614492027,0.10903850542423822,
Melinda Mitchell,25,3.0,1,6.0,3.0,0,4,-0.870671280522275,-2.0346369229528465,
Melinda Ortiz,19,,1,,,0,4,-0.5289346796717459,-0.5999696775758463,
Melinda Sims,33,,1,,,0,4,-0.5400946892231729,-0.24106030490658048,
Melinda Smith,18,4.0,1,15.0,6.0,1,1,0.7878764831717294,-1.7869458669384755,High Value Satisfied Customers
Melinda Walker,65,,1,,,0,3,-0.5656032824835776,0.5793039754803129,
Melissa Alvarado,62,,1,,,0,3,-0.5632118518654147,0.5023948241940417,
Melissa Anderson,66,,2,2.0,,1,5,3.589644915086213,-0.6175877855445253,
Melissa Arellano,40,,1,16.0,,0,0,-0.5431157444654314,0.4117462884668652,Low Engagement Customers
Melissa Avery,48,,1,20.0,,0,0,-0.5472995074661426,1.0225675645968566,Low Engagement Customers
Melissa Becker,67,,1,3.0,,0,3,-0.5717671223006654,-0.21469451956481495,
Melissa Blackwell,49,,1,4.0,,0,3,-0.5568701922630903,-0.5747168757741253,
Melissa Blair,66,5.0,1,22.0,12.0,0,6,-0.5361335779210886,0.6497369688188809,
Melissa Bowman,48,5.0,1,2.0,22.0,0,6,-0.11521538845695685,-0.5309790441836055,
Melissa Brown,18,,2,,,0,5,2.101586105463011,-0.606910992857139,
Melissa Bruce MD,23,,1,,,0,4,-0.5321232538292965,-0.4974241425274846,
Melissa Burnett,44,,1,,,0,3,-0.548863268156437,0.04093991647641409,
Melissa Butler,42,,1,,,0,4,-0.5472689810776618,-0.010332851047766755,
Melissa Campbell,68,5.0,1,3.0,18.0,1,6,1.2338150727337651,-0.7350941865761736,
Melissa Castro,48,,1,21.0,,1,1,0.9846884374431739,0.8294807169150731,High Value Satisfied Customers
Melissa Clark,64,4.0,1,13.0,20.0,0,6,-0.19677726562007078,1.317127977125225,
Melissa Conley,63,,1,,,1,1,0.9674306031759168,0.23351180876603134,High Value Satisfied Customers
Melissa Cook,55,,1,,,0,3,-0.5576318470897011,0.32294013785940867,
Melissa Crawford,35,2.0,1,22.0,19.0,0,7,-0.19314280661728822,2.5237164181116936,
Melissa Davenport,38,,1,4.0,,0,4,-0.5481016133298262,-0.85671709715712,
Melissa Davis,37,4.0,1,15.0,6.0,0,2,-0.7587088426573549,-1.0053351762686566,Frequent Support Users
Melissa Edwards,66,,1,,,1,1,0.9650391725577538,0.3104209600523025,High Value Satisfied Customers
Melissa Evans,51,,1,21.0,,0,0,-0.5491425917557081,1.200909267391445,Low Engagement Customers
Melissa Foster,40,,1,,,0,4,-0.5456746939988865,-0.06160561857194756,
Melissa Garcia,24,5.0,2,13.0,11.0,0,5,2.0803813221384737,-1.4521280367711205,
Melissa Garner,46,,1,9.0,,0,3,-0.5517370300019399,-0.14446326951881155,
Melissa Garrett MD,69,,1,,,1,1,0.9626477419395909,0.3873301113385738,High Value Satisfied Customers
Melissa Gonzalez,49,,1,19.0,,0,0,-0.5486449973341279,0.9467713968506299,Low Engagement Customers
Melissa Green,59,,1,,,1,1,0.9706191773334674,0.1309662737176696,High Value Satisfied Customers
Melissa Griffin,30,,1,12.0,,0,4,-0.537337694385945,-0.25034775518730706,
Melissa Griffith,29,,1,10.0,,0,4,-0.5376372435037523,-0.47884924196603157,
Melissa Hardy,45,1.0,2,7.0,12.0,0,5,2.136776548344206,0.9447589036717954,
Melissa Henderson,24,,1,15.0,,0,4,-0.5309097941638267,-0.09986840323489861,
Melissa Hobbs,34,,1,15.0,,0,4,-0.5388812295577031,0.15649543438600566,
Melissa Hoffman,32,2.0,1,8.0,16.0,0,7,-0.3236891842976215,0.6339345682445392,
Melissa Holder,35,1.0,1,16.0,14.0,1,7,1.1349063641462307,1.5499515469311422,
Melissa Howard,20,,1,22.0,,0,0,-0.5238827957060935,0.5076139222749592,Low Engagement Customers
Melissa Johns,20,,1,,,0,4,-0.5297318232111335,-0.5743332938137559,
Melissa Jordan,51,3.0,1,9.0,12.0,0,3,-0.5139690944661677,0.11465764177978871,
Melissa Kelley,20,2.0,1,20.0,1.0,1,1,0.5975914942082634,-0.7151157053130647,High Value Satisfied Customers
Melissa Kirby,70,4.0,1,13.0,8.0,1,1,0.8288356329317976,-0.3948410293501115,High Value Satisfied Customers
Melissa Larson MD,34,5.0,1,20.0,11.0,0,6,-0.5534753305505893,-0.5044314070727948,
Melissa Lee,28,1.0,1,1.0,22.0,1,7,1.466290399854665,0.8965205278769395,
Melissa Levy,22,,1,4.0,,0,4,-0.5353473166996239,-1.2668992373505665,
Melissa Lewis,68,5.0,1,16.0,14.0,0,6,-0.45751063650602813,0.3542924122694558,
Melissa Long,46,,2,12.0,,0,5,2.079631650579222,0.17852945348693727,
Melissa Mills,69,1.0,1,2.0,4.0,0,3,-0.8488494957011373,-0.0133376519656028,
Melissa Morgan,39,,1,,,0,4,-0.5448775504594988,-0.08724200233403799,
Melissa Mueller,70,,1,22.0,,1,1,0.9676996259052432,1.494913711189379,High Value Satisfied Customers
Melissa Neal,59,,1,,,0,3,-0.5608204212472517,0.42548567290777034,
Melissa Padilla,47,,1,9.0,,0,3,-0.5525341735413275,-0.11882688575672114,
Melissa Pierce,28,,1,,,1,1,0.9953306270544844,-0.6637616229071333,High Value Satisfied Customers
Melissa Roberson,50,,1,,,1,1,0.9777934691879562,-0.09976118014114416,High Value Satisfied Customers
Melissa Romero,58,,1,,,1,1,0.971416320872855,0.10532988995557918,High Value Satisfied Customers
Melissa Russell,54,,1,21.0,,0,0,-0.5515340223738711,1.2778184186777162,Low Engagement Customers
Melissa Sanchez,33,,1,0.0,,0,4,-0.5463092809472779,-1.39062922200084,
Melissa Sellers,66,3.0,1,8.0,17.0,1,1,1.213733270858691,0.7579464099534681,High Value Satisfied Customers
Melissa Smith,48,,2,,,1,5,3.6091113978621006,-0.13233887918452727,
Melissa Spencer,33,1.0,1,22.0,13.0,1,1,1.0980370759638804,1.9763350959687156,High Value Satisfied Customers
Melissa Thomas,20,2.0,1,7.0,15.0,1,1,1.1750141371944414,-0.2005929800871117,High Value Satisfied Customers
Melissa Turner,19,,1,22.0,,0,0,-0.5230856521667059,0.4819775385128686,Low Engagement Customers
Melissa Valentine,46,2.0,1,5.0,10.0,0,3,-0.5870161522311034,-0.09708766854003505,
Melissa Weiss,36,,1,18.0,,0,0,-0.5388304776506859,0.5120658564351376,Low Engagement Customers
Melvin Ross,67,,1,,,0,3,-0.5671975695623529,0.6305767430044937,
Melvin Warren,56,,1,5.0,,1,1,0.9695377478705127,-0.5883490371212762,High Value Satisfied Customers
Mercedes Martinez DDS,20,,1,,,1,1,1.0017077753695856,-0.8688526930038566,High Value Satisfied Customers
Meredith Cisneros,23,,1,,,0,4,-0.5321232538292965,-0.4974241425274846,
Meredith Pineda,27,,1,,,0,4,-0.5353118279868471,-0.39487860747912296,
Michael Adams,66,5.0,1,12.0,9.0,0,2,-0.6668780009051948,-0.757405523728734,Frequent Support Users
Michael Alexander,47,,1,,,0,3,-0.5512546987746,0.11784906776268533,
Michael Allen,50,,1,,,0,3,-0.5536461293927629,0.19475821904895657,
Michael Allison,54,,1,,,0,3,-0.5568347035503135,0.29730375409731824,
Michael Arnold,18,,1,,,0,4,-0.5281375361323583,-0.6256060613379367,
Michael Baker,56,2.0,1,11.0,14.0,0,3,-0.4246828967225533,1.2916274480833638,
Michael Bennett,62,,1,,,0,3,-0.5632118518654147,0.5023948241940417,
Michael Blanchard,22,2.0,1,4.0,23.0,0,7,-0.025635561589162165,0.8884134720074042,
Michael Bradley,57,3.0,1,14.0,14.0,0,3,-0.4325029175940853,1.0375166868702128,
Michael Brooks,70,,1,,,0,3,-0.5695890001805158,0.7074858942907649,
Michael Brown,25,,3,23.0,,0,5,4.732127116116304,0.7746185295553235,
Michael Bryant,45,,1,16.0,,0,0,-0.5471014621623698,0.5399282072773174,Low Engagement Customers
Michael Burns,47,1.0,1,9.0,5.0,0,3,-0.7857202603017163,0.2636287583147753,
Michael Butler,60,,1,16.0,,1,1,0.9723809833275346,0.6299545645185728,High Value Satisfied Customers
Michael Campbell,28,,1,9.0,,0,4,-0.5373884462929622,-0.6059181772364389,
Michael Campos,23,,1,,,0,4,-0.5321232538292965,-0.4974241425274846,
Michael Carlson,46,,2,,,0,5,2.079266086360157,0.11090775248139265,
Michael Carrillo,46,5.0,1,23.0,13.0,1,6,1.0535508910086913,0.07486143838343678,
Michael Charles,31,,1,7.0,,0,4,-0.5408765695683201,-0.7318741289668018,
Michael Chen,66,2.0,1,23.0,0.0,0,0,-1.0106253214312055,0.932036008969998,Low Engagement Customers
Michael Cole,20,2.0,1,11.0,6.0,0,4,-0.7300149551662812,-0.6787943072570763,
Michael Coleman,41,3.0,1,12.0,6.0,0,4,-0.7548745394827612,-0.6230424962450534,
Michael Collier,19,4.0,1,3.0,4.0,0,2,-0.8344477213569681,-2.9458586870623846,Frequent Support Users
Michael Cruz,37,,1,15.0,,1,1,0.990166938404853,-0.061114813517823885,High Value Satisfied Customers
Michael Davidson,36,3.0,1,23.0,15.0,1,1,1.1623654655038622,1.2484651847392145,High Value Satisfied Customers
Michael Day,46,1.0,1,11.0,22.0,1,7,1.4574252794316622,2.372300950677737,
Michael Delgado,58,,1,,,1,1,0.971416320872855,0.10532988995557918,High Value Satisfied Customers
Michael Dominguez,57,3.0,1,9.0,4.0,0,3,-0.8527811815641768,-0.7790359955528541,
Michael Dudley,48,,1,11.0,,1,1,0.9792049741571989,-0.18484479816809737,High Value Satisfied Customers
Michael Eaton,40,,1,,,0,4,-0.5456746939988865,-0.06160561857194756,
Michael Erickson,65,1.0,1,19.0,1.0,0,0,-0.9615999936555605,1.2156532111629805,Low Engagement Customers
Michael Espinoza,51,,1,,,0,3,-0.5544432729321506,0.220394602811047,
Michael Ferguson,44,,1,,,1,1,0.982576330424282,-0.25357948271368663,High Value Satisfied Customers
Michael Fields,25,2.0,1,15.0,10.0,0,4,-0.5647926746179879,0.37887378753923645,
Michael Flynn,18,1.0,1,6.0,7.0,1,1,0.8506987684008729,-0.8167654395246023,High Value Satisfied Customers
Michael Fox,48,,1,2.0,,0,3,-0.5571697413808976,-0.8032183625528498,
Michael Fuentes,69,,1,,,0,3,-0.5687918566411282,0.6818495105286746,
Michael Fuller,64,,1,1.0,,0,3,-0.5704723843396975,-0.4944687738677203,
Michael Garcia,50,,5,12.0,,0,5,9.965614001207777,0.3371601939776921,
Michael Gibbs,32,,1,16.0,,0,0,-0.5367385961503303,0.2066552183701418,Low Engagement Customers
Michael Gutierrez,28,,2,16.0,,1,5,3.6276132181833085,-0.17171464738752282,
Michael Hamilton,22,2.0,1,4.0,13.0,0,4,-0.4431720939162662,-0.4209764528740775,
Michael Hammond,65,3.0,1,19.0,12.0,0,0,-0.5196456407316198,1.4878925295322247,Low Engagement Customers
Michael Hardin,21,3.0,1,1.0,6.0,0,4,-0.7449634783095807,-2.2515282380783486,
Michael Harvey,68,,1,17.0,,0,3,-0.564887417239688,1.230997585313714,
Michael Hernandez,21,,1,5.0,,0,4,-0.5340018268316387,-1.1911030696043399,
Michael Hicks,21,,1,,,0,4,-0.5305289667505212,-0.5486969100516654,
Michael Hill,52,,2,13.0,,0,5,2.0753971356714933,0.4337803075677968,
Michael Hines,30,,1,,,0,4,-0.53770325860501,-0.3179694561928517,
Michael Holland,43,,1,,,0,4,-0.5480661246170494,0.015303532714323676,
Michael Howard,28,,1,2.0,,1,1,0.9902127279875744,-1.6104654369847586,High Value Satisfied Customers
Michael Howell,48,3.0,1,15.0,19.0,0,7,-0.21601201324744698,1.5629167469604568,
Michael Huerta,24,,1,,,1,1,0.998519201212035,-0.766307157955495,High Value Satisfied Customers
Michael Humphrey,21,,1,8.0,,0,4,-0.5323567878458462,-0.8868054150793889,
Michael Hunter,42,1.0,1,7.0,10.0,0,4,-0.5740629690984209,0.58727669892843,
Michael Irwin,68,,1,10.0,,0,3,-0.5687258415398706,0.5209697247554947,
Michael Johnson,50,,1,4.0,,1,1,0.9737722627782411,-0.8435998912021356,High Value Satisfied Customers
Michael Jones,20,2.0,3,18.0,19.0,1,5,6.607507842930594,1.4763111934185638,
Michael Kelly,56,,1,5.0,,0,3,-0.5619018507102063,-0.29382963793117545,
Michael Kim,27,3.0,1,13.0,3.0,0,4,-0.8684271433008678,-1.2733362948704465,
Michael King,31,1.0,1,5.0,13.0,0,7,-0.4411301231242207,0.49522835199324583,
Michael Klein,50,,1,23.0,,0,0,-0.5472487555591254,1.3781379866459886,Low Engagement Customers
Michael Knight,70,,1,,,1,1,0.9618505984002033,0.41296649510066413,High Value Satisfied Customers
Michael Leblanc,44,,1,,,0,3,-0.548863268156437,0.04093991647641409,
Michael Lee,30,4.0,1,2.0,7.0,0,2,-0.7185036869206984,-2.3724740397232624,Frequent Support Users
Michael Lewis,63,4.5,3,20.0,14.5,2,5,7.896205731632801,0.43768393406783623,
Michael Long,67,,1,,,1,1,0.9642420290183662,0.33605734381439295,High Value Satisfied Customers
Michael Lopez,38,,1,23.0,,1,1,0.9937565654942454,0.7759819823108028,High Value Satisfied Customers
Michael Lowe,64,3.0,1,5.0,13.0,0,3,-0.4847716925598867,0.17313941714184417,
Michael Martin,37,,1,4.0,,1,1,0.9841351287902805,-1.1768728801093111,High Value Satisfied Customers
Michael Matthews,43,,1,,,0,4,-0.5480661246170494,0.015303532714323676,
Michael Mcdaniel,27,3.0,1,15.0,2.0,0,4,-0.9090841038763833,-1.201410184341961,
Michael Mcdowell,21,,1,,,1,1,1.0009106318301977,-0.8432163092417662,High Value Satisfied Customers
Michael Mcgee,70,,2,,,0,5,2.0601346414148534,0.7261809627715626,
Michael Mclean,34,5.0,1,4.0,3.0,0,2,-0.8962780976698326,-3.1748641711110523,Frequent Support Users
Michael Mendoza,42,1.0,1,2.0,0.0,0,4,-0.9943412330685125,-1.2292759834946367,
Michael Miller,51,2.0,2,5.0,8.0,0,5,1.9552144652019068,-0.21208866622508166,
Michael Mitchell,52,2.0,1,17.0,23.0,0,7,-0.042421365499024116,2.9761281544782383,
Michael Morales,56,,1,16.0,,0,0,-0.5558700410956339,0.8219284286603119,Low Engagement Customers
Michael Moreno,32,5.0,1,16.0,21.0,0,6,-0.1365378964591,0.3479555442512379,
Michael Morgan,66,1.0,1,5.0,11.0,0,3,-0.552537453468209,1.1306237986901142,
Michael Morris,28,2.0,1,19.0,14.0,0,0,-0.39797610699091923,1.3852691148113685,Low Engagement Customers
Michael Morrow,28,,1,,,0,4,-0.5361089715262347,-0.3692422237170325,
Michael Mueller,59,,1,,,1,1,0.9706191773334674,0.1309662737176696,High Value Satisfied Customers
Michael Mullen,45,,1,,,0,3,-0.5496604116958247,0.0665763002385045,
Michael Munoz,61,,1,,,0,3,-0.562414708326027,0.4767584404319512,
Michael Murphy,58,3.0,2,7.0,18.0,1,5,3.8910393676732746,0.6010568493173737,
Michael Newton,40,,1,,,1,1,0.9857649045818326,-0.3561250177620483,High Value Satisfied Customers
Michael Nichols,69,,1,20.0,,0,0,-0.5640395217932832,1.5609316236007555,Low Engagement Customers
Michael Norton,48,5.0,2,9.0,5.0,0,5,1.808534572482518,-2.028218987443107,
Michael Obrien,22,,1,11.0,,0,4,-0.5315088923994413,-0.5568713767923474,
Michael Oconnor,26,,1,4.0,,0,4,-0.5385358908571745,-1.1643537023022048,
Michael Odonnell,68,,1,23.0,,0,0,-0.5615973392681031,1.8395928943636162,Low Engagement Customers
Michael Oliver,62,5.0,1,11.0,17.0,0,6,-0.33020854721455856,0.08612832961977253,
Michael Oneal,33,,1,22.0,,0,0,-0.5342456617181329,0.8408869111821344,Low Engagement Customers
Michael Orozco,49,,1,17.0,,0,0,-0.5497416899913228,0.743906293833996,Low Engagement Customers
Michael Parker,48,,1,21.0,,0,0,-0.5467511611375452,1.1240001161051738,Low Engagement Customers
Michael Paul,56,,1,,,0,3,-0.5584289906290888,0.3485765216214991,
Michael Pearson,67,3.0,1,20.0,17.0,0,0,-0.3119233153182456,2.295292811005464,Low Engagement Customers
Michael Pena,21,,1,,,0,4,-0.5305289667505212,-0.5486969100516654,
Michael Phillips,62,1.0,1,21.0,20.0,0,7,-0.16479245895870492,3.8294500201681587,
Michael Pierce,31,5.0,1,4.0,9.0,0,2,-0.6433647476554072,-2.4661393674684344,Frequent Support Users
Michael Pollard,18,2.0,2,12.0,23.0,0,5,2.6116634247925377,1.6160234175063763,
Michael Porter,56,3.0,1,4.0,9.0,0,3,-0.6459575035042247,-0.6571401744157888,
Michael Powell,60,,1,18.0,,0,0,-0.5579619225959894,1.1273390667253076,Low Engagement Customers
Michael Pratt,60,4.0,2,6.0,21.0,0,5,2.4740501790653773,0.6541886424875899,
Michael Quinn,51,5.0,1,16.0,17.0,0,6,-0.318698236638307,0.3112908657783631,
Michael Reyes,65,,1,19.0,,0,0,-0.5613992939643302,1.3569535370440766,Low Engagement Customers
Michael Reynolds,44,,1,1.0,,1,1,0.9769100850287745,-1.3017158482996292,High Value Satisfied Customers
Michael Rhodes,70,,1,3.0,,0,3,-0.5741585529188283,-0.1377853682785438,
Michael Richards,42,,1,,,0,4,-0.5472689810776618,-0.010332851047766755,
Michael Riggs,56,5.0,1,6.0,14.0,0,6,-0.45342837731935137,-0.9676697079587997,
Michael Rivera Jr.,63,,1,6.0,,0,3,-0.5669335091573223,-0.012942400088225463,
Michael Rodriguez,49,1.0,1,9.0,7.0,0,3,-0.7038072409150707,0.5767795108152526,
Michael Ruiz,32,,1,18.0,,0,0,-0.5356419034931353,0.4095203213867759,Low Engagement Customers
Michael Ryan,48,5.0,1,13.0,11.0,0,2,-0.5684737644021989,-0.8555498949617482,Frequent Support Users
Michael Sanchez,56,,1,,,1,1,0.9730106079516303,0.054057122431398374,High Value Satisfied Customers
Michael Schneider,43,,1,,,0,4,-0.5480661246170494,0.015303532714323676,
Michael Schultz,47,,1,,,0,3,-0.5512546987746,0.11784906776268533,
Michael Scott,60,,1,19.0,,0,0,-0.557413576267392,1.2287716182336246,Low Engagement Customers
Michael Sharp,35,,1,2.0,,1,1,0.9846327232118609,-1.431010750650126,High Value Satisfied Customers
Michael Smith,39,,2,10.0,,1,5,3.615554561278459,-0.49830973505443044,
Michael Sparks,59,2.0,1,21.0,13.0,0,0,-0.4633445172874517,2.2519231219646576,Low Engagement Customers
Michael Stewart,48,3.0,2,17.5,11.5,2,5,5.164809292085526,0.26411195217073435,
Michael Stokes,33,2.0,1,23.0,3.0,0,0,-0.8590586249332819,0.4788523222854589,Low Engagement Customers
Michael Stout,20,2.0,1,19.0,18.0,0,7,-0.2245843457449764,1.703934014667238,
Michael Sullivan,65,3.0,2,14.5,22.0,2,5,5.5880261718736035,1.7704922427268766,
Michael Taylor,31,,3,15.5,,1,5,6.254671255996216,-0.1268267033746124,
Michael Townsend,34,,1,,,0,4,-0.5408918327625606,-0.21542392114449005,
Michael Valencia,63,,1,,,0,3,-0.5640089954048023,0.5280312079561321,
Michael Vaughan,33,,1,12.0,,0,4,-0.539729125004108,-0.17343860390103585,
Michael Walker,19,,2,,,1,5,3.632228560504342,-0.8757940082851493,
Michael Walters,24,,1,,,0,4,-0.5329203973686841,-0.4717877587653943,
Michael Walton,56,3.0,1,2.0,9.0,0,3,-0.6470541961614196,-0.8600052774324228,
Michael Ward,22,,2,16.0,,0,5,2.1009564808389154,-0.03101355076996461,
Michael Warren,44,,1,15.0,,1,1,0.9845869336291395,0.11833987281680908,High Value Satisfied Customers
Michael Washington,56,,1,20.0,,0,0,-0.5536766557812438,1.22765863469358,Low Engagement Customers
Michael Webb,38,5.0,2,12.5,6.0,0,5,1.8601788732591962,-1.7986299022967538,
Michael Welch,53,,1,9.0,,0,3,-0.5573170347776534,0.03499141681582135,
Michael Wells,63,4.0,1,8.0,16.0,0,6,-0.36573646665451226,0.26057286586895667,
Michael West,20,,1,,,0,4,-0.5297318232111335,-0.5743332938137559,
Michael White,22,3.0,4,11.333333333333334,18.0,2,5,10.71299958428661,-0.13944117181034615,
Michael Williams,50,,1,2.0,,0,3,-0.5587640284596729,-0.751945595028669,
Michael Wilson,59,3.0,3,17.5,4.0,0,5,4.409732758340866,0.17180359675361698,
Michael Woodard,50,4.0,1,10.0,13.0,0,3,-0.47953786768340906,-0.2626519974860293,
Michael Wright,61,,1,22.0,,1,1,0.974873917759732,1.2641862573305656,High Value Satisfied Customers
Michael Young,60,5.0,2,1.0,19.0,0,5,2.3791332246390318,-0.6988968995304843,
Michael Young MD,56,,1,,,0,3,-0.5584289906290888,0.3485765216214991,
Michaela Baldwin,63,,1,11.0,,0,3,-0.5641917775143348,0.4942203574533597,
Michaela Rowland,39,3.0,1,18.0,4.0,0,0,-0.8334974808978216,-0.3275979396956285,Low Engagement Customers
Michaela Williams,62,1.0,1,4.0,1.0,0,3,-0.96743375796636,-0.38274421274804604,
Micheal Baker,18,,1,,,0,4,-0.5281375361323583,-0.6256060613379367,
Micheal Buckley,46,1.0,1,21.0,17.0,0,7,-0.2772991220266338,3.0264509025102675,
Micheal Diaz,67,5.0,1,18.0,2.0,1,2,0.5747789594787488,-1.3342661775238793,Frequent Support Users
Micheal Parker,32,,1,10.0,,0,4,-0.5400286741219152,-0.40194009067976033,
Michele Adams,64,,1,12.0,,0,3,-0.564440574725125,0.621289292723767,
Michele Bentley,70,1.0,1,19.0,14.0,0,7,-0.42278821932726357,3.0460420323193587,
Michele Blake,37,,1,12.0,,0,4,-0.5429176991616586,-0.0708930688526742,
Michele Bright,67,,1,,,0,3,-0.5671975695623529,0.6305767430044937,
Michele Brown,24,1.0,1,3.0,8.0,0,4,-0.6454150771692542,-0.541786399798762,
Michele Ferrell,54,,1,17.0,,1,1,0.977712190892458,0.5775688134543473,High Value Satisfied Customers
Michele Gray,21,4.0,1,7.0,14.0,1,1,1.1151275077864697,-1.473985187813555,High Value Satisfied Customers
Michele Gutierrez,27,,1,,,1,1,0.996127770593872,-0.6893980066692237,High Value Satisfied Customers
Michele Gutierrez MD,48,4.0,1,19.0,11.0,0,0,-0.556515770112677,0.3370902135883468,Low Engagement Customers
Michele Holloway,46,,1,8.0,,0,3,-0.5522853763305373,-0.24589582102712854,
Michele Hunt,52,,1,,,0,3,-0.5552404164715382,0.2460309865731374,
Michele Johnson,64,,1,,,0,3,-0.56480613894419,0.5536675917182224,
Michele Kelly,22,,1,,,0,4,-0.5313261102899088,-0.523060526289575,
Michele Rose,46,,1,11.0,,0,3,-0.5506403373447448,0.058401833497822526,
Michelle Adams,44,,1,,,0,3,-0.548863268156437,0.04093991647641409,
Michelle Allen,41,,1,1.0,,0,4,-0.5521380829337816,-1.0841056003957998,
Michelle Barrett,70,,1,9.0,,0,3,-0.5708684749472434,0.4708099407713584,
Michelle Bauer,42,1.0,1,16.0,15.0,0,7,-0.3603595859774915,2.1548646249440244,
Michelle Beasley,67,3.0,1,16.0,22.0,1,7,1.4260911641116354,2.2497381682228355,
Michelle Booker,44,,1,,,0,3,-0.548863268156437,0.04093991647641409,
Michelle Carter,49,,1,,,0,3,-0.5528489858533753,0.16912183528686617,
Michelle Cooke,58,2.0,1,22.0,11.0,0,0,-0.5455063338848873,2.065841304734588,Low Engagement Customers
Michelle Dalton,23,2.0,1,5.0,8.0,0,4,-0.6521891572906083,-0.9486024800444111,
Michelle Davidson,45,,1,,,0,3,-0.5496604116958247,0.0665763002385045,
Michelle Dudley,55,,1,21.0,,0,0,-0.5523311659132587,1.3034548024398067,Low Engagement Customers
Michelle Duffy,38,,1,,,1,1,0.9873591916606079,-0.40739778528622916,High Value Satisfied Customers
Michelle Fields,68,,1,16.0,,1,1,0.9660038350124335,0.8350456346152964,High Value Satisfied Customers
Michelle Fischer,70,,1,14.0,,0,3,-0.5681267433042558,0.9779726983129435,
Michelle Garcia,54,,1,,,0,3,-0.5568347035503135,0.29730375409731824,
Michelle Gillespie,65,,1,9.0,,0,3,-0.5668827572503051,0.34262802196090636,
Michelle Gonzalez,43,,1,22.0,,0,0,-0.5422170971120094,1.0972507488030387,Low Engagement Customers
Michelle Hall,59,,1,,,0,3,-0.5608204212472517,0.42548567290777034,
Michelle Harris,45,2.0,1,9.0,19.0,0,7,-0.20824274428293219,1.4614570861244762,
Michelle Hawkins,40,,1,,,0,4,-0.5456746939988865,-0.06160561857194756,
Michelle Henderson,54,2.0,1,18.0,17.0,0,7,-0.2939892256454643,2.343199518581847,
Michelle Hernandez,58,4.0,1,4.0,3.0,0,2,-0.9067416262971992,-1.97554616132069,Frequent Support Users
Michelle Hudson,51,,1,9.0,,1,1,0.975716850881841,-0.31080074989846024,High Value Satisfied Customers
Michelle Jackson,58,,1,,,0,3,-0.5600232777078641,0.3998492891456799,
Michelle Jenkins,64,,1,,,0,3,-0.56480613894419,0.5536675917182224,
Michelle Johnson,29,,1,7.0,,1,1,0.9921573160911742,-1.0776662956810834,High Value Satisfied Customers
Michelle Johnston,21,,1,,,1,1,1.0009106318301977,-0.8432163092417662,High Value Satisfied Customers
Michelle Kelley,57,3.0,1,9.0,4.0,1,1,0.6786584170165423,-1.0735553947429548,High Value Satisfied Customers
Michelle King,25,5.0,1,15.0,9.0,1,2,0.8988895217762103,-1.7987190026395907,Frequent Support Users
Michelle Maddox,64,5.0,1,17.0,14.0,1,6,1.077665882560839,0.05866002953931038,
Michelle Medina,52,,1,,,0,3,-0.5552404164715382,0.2460309865731374,
Michelle Miller,51,,1,,,0,3,-0.5544432729321506,0.220394602811047,
Michelle Mills,22,,1,19.0,,0,0,-0.5271221217706613,0.2545890352741887,Low Engagement Customers
Michelle Morgan,27,3.0,1,3.0,18.0,1,1,1.2838337904845323,-0.6180963218214951,High Value Satisfied Customers
Michelle Morris,42,,1,20.0,,1,1,0.9889229523509023,0.5742298628342134,High Value Satisfied Customers
Michelle Nash,62,,1,7.0,,0,3,-0.5655880192893372,0.06285376765800108,
Michelle Nelson,64,,1,,,0,3,-0.56480613894419,0.5536675917182224,
Michelle Ochoa,60,,1,,,0,3,-0.5616175647866394,0.45112205666986077,
Michelle Palmer,21,4.0,1,17.0,9.0,0,4,-0.6195968936718264,-0.8198352359810248,
Michelle Payne,27,,1,11.0,,1,1,0.9959449884843395,-0.723208857171996,High Value Satisfied Customers
Michelle Pierce,66,,1,,,0,3,-0.5664004260229653,0.6049403592424033,
Michelle Potter,27,,1,7.0,,0,4,-0.5376879954107695,-0.8344196640151634,
Michelle Pratt,21,1.0,1,18.0,20.0,0,7,-0.1337546128296039,2.4740606313975,
Michelle Ramos,44,,1,17.0,,0,0,-0.5457559722943846,0.6157243750235438,Low Engagement Customers
Michelle Roberts,34,3.0,1,11.0,11.0,0,4,-0.5410746148720931,-0.24923477164726243,
Michelle Rodgers,54,,1,9.0,,1,1,0.9733254202636781,-0.23389159861218897,High Value Satisfied Customers
Michelle Rush,67,,1,0.0,,0,3,-0.5734121612864579,-0.518992174089766,
Michelle Schneider,55,,1,18.0,,1,1,0.9774633936816679,0.7046377487247547,High Value Satisfied Customers
Michelle Silva,61,,1,19.0,,1,1,0.9732288787739395,0.9598886028056144,High Value Satisfied Customers
Michelle Smith,42,3.0,1,7.0,6.0,0,4,-0.7584134146651362,-1.1045688700245482,
Michelle Sparks,23,4.0,1,19.0,10.0,0,0,-0.5783408348606962,-0.4347583729520617,Low Engagement Customers
Michelle Stevens,30,,1,,,0,4,-0.53770325860501,-0.3179694561928517,
Michelle Suarez,63,,1,7.0,,1,1,0.9650544357519942,-0.20602924777000917,High Value Satisfied Customers
Michelle Ward,20,,1,,,0,4,-0.5297318232111335,-0.5743332938137559,
Michelle Weaver,31,,1,18.0,,1,1,0.9965948386269714,0.08936453843458475,High Value Satisfied Customers
Michelle White,69,,1,,,0,3,-0.5687918566411282,0.6818495105286746,
Michelle Wiggins,35,,1,17.0,,0,0,-0.5385816804398957,0.38499692116473005,Low Engagement Customers
Michelle Wong,37,,1,,,1,1,0.9881563351999956,-0.4330341690483196,High Value Satisfied Customers
Michelle Wood,67,,1,,,1,1,0.9642420290183662,0.33605734381439295,High Value Satisfied Customers
Michelle Woods,20,,1,,,0,4,-0.5297318232111335,-0.5743332938137559,
Miguel Hammond,41,5.0,1,17.0,23.0,1,6,1.4717830630611484,0.6474741354045642,
Miguel Salazar,67,2.0,1,18.0,2.0,0,0,-0.9306568901481598,0.7123876201667996,Low Engagement Customers
Mike Ball,37,,1,19.0,,0,0,-0.539079274861476,0.639134791705545,Low Engagement Customers
Mike Hansen,38,4.0,1,12.0,2.0,0,2,-0.9281656381133767,-1.8077524169841102,Frequent Support Users
Mike Harris,49,2.0,1,21.0,2.0,0,0,-0.9146632674533897,0.5552303669741232,Low Engagement Customers
Mike Stewart,34,,1,22.0,,0,0,-0.5350428052575206,0.8665232949442249,Low Engagement Customers
Mindy Medina,26,5.0,1,11.0,8.0,0,2,-0.6772942588909968,-2.0152324182088157,Frequent Support Users
Miranda Clark,41,1.0,1,4.0,15.0,0,7,-0.36614259838127383,0.9120376230821295,
Miranda Cooley,62,4.0,1,7.0,6.0,0,2,-0.7830242017708261,-1.1758859942829325,Frequent Support Users
Miranda Jones,18,,1,,,0,4,-0.5281375361323583,-0.6256060613379367,
Miranda Lawson,44,,1,,,0,3,-0.548863268156437,0.04093991647641409,
Miranda Morales,42,2.0,1,11.0,20.0,0,7,-0.16300096777486384,1.7183520303429871,
Miranda Nielsen,46,,1,,,0,3,-0.5504575552352123,0.09221268400059492,
Miranda Pacheco,69,,1,15.0,,0,3,-0.5667812534362707,1.0537688660591704,
Miranda Roberts,69,,1,18.0,,0,0,-0.5651362144504782,1.3580665205841214,Low Engagement Customers
Miranda Wilkins,58,,1,,,0,3,-0.5600232777078641,0.3998492891456799,
Miss Donna Graham DDS,53,4.0,1,16.0,20.0,1,6,1.3450759508797048,1.0449060110770805,
Miss Heather Whitehead PhD,25,,1,,,0,4,-0.5337175409080718,-0.4461513750033039,
Miss Katie Reyes MD,51,,1,14.0,,0,3,-0.5529810160558906,0.49088140683322573,
Miss Linda Thornton,51,5.0,1,8.0,2.0,1,2,0.5820497928229761,-2.7587738328004967,Frequent Support Users
Miss Lori Hernandez,19,3.0,1,11.0,21.0,0,7,-0.11158092945417437,0.675609396802863,
Miss Natalie Rios,25,,1,11.0,,1,1,0.9975392755631148,-0.774481624696177,High Value Satisfied Customers
Miss Ruth Bryant,20,,1,,,1,1,1.0017077753695856,-0.8688526930038566,High Value Satisfied Customers
Miss Stacey Kane,21,2.0,1,1.0,21.0,1,7,1.4214488350797312,0.002082049553965571,
Misty Bell,53,4.0,1,7.0,18.0,0,6,-0.27480607112381245,0.1646544617160317,
Misty Hernandez,25,4.0,1,1.0,0.0,0,2,-1.0073418881813305,-3.518661457459069,Frequent Support Users
Misty Johnson,39,,1,,,0,4,-0.5448775504594988,-0.08724200233403799,
Misty Lewis,63,,1,18.0,,0,0,-0.5603533532141524,1.204248218011579,Low Engagement Customers
Misty Martinez,67,,1,2.0,,0,3,-0.5723154686292629,-0.3161270710731319,
Misty Mendez,32,,1,,,0,4,-0.5392975456837853,-0.2666966886686709,
Misty Owens,63,,1,21.0,,0,0,-0.5587083142283599,1.50854587253653,Low Engagement Customers
Misty Perry,51,,1,16.0,,0,0,-0.5518843233986956,0.6937465098498597,Low Engagement Customers
Misty Roberts,22,,1,4.0,,1,1,0.9960922818810952,-1.5614186365406673,High Value Satisfied Customers
Mitchell Kidd,28,,1,18.0,,0,0,-0.5324533293355848,0.3069747863384143,Low Engagement Customers
Mitchell Knight,25,,1,4.0,,0,4,-0.5377387473177868,-1.1899900860642951,
Molly Garcia,56,,1,,,0,3,-0.5584289906290888,0.3485765216214991,
Molly George,39,3.0,1,1.0,4.0,1,1,0.6886202300967399,-2.346470714527119,High Value Satisfied Customers
Molly Huynh,39,3.0,1,6.0,5.0,0,4,-0.7983239836082813,-1.4138495653072845,
Molly Ramos,36,,2,13.0,,0,5,2.0881514323016956,0.02359816737435012,
Molly Walker,26,,1,,,0,4,-0.5345146844474594,-0.42051499124121344,
Molly Wood,45,,1,12.0,,0,3,-0.5492948474767597,0.13419800124404913,
Monica Boyd,57,,1,,,0,3,-0.5592261341684764,0.37421290538358953,
Monica Curtis,34,,1,,,0,4,-0.5408918327625606,-0.21542392114449005,
Monica Duncan,54,,1,,,0,3,-0.5568347035503135,0.29730375409731824,
Monica Hodges,38,,1,,,1,1,0.9873591916606079,-0.40739778528622916,High Value Satisfied Customers
Monica Mathews,59,,1,8.0,,0,3,-0.5626482423425767,0.08737716788004687,
Monica Odonnell,55,,1,,,0,3,-0.5576318470897011,0.32294013785940867,
Monica Olson,44,,1,22.0,,0,0,-0.543014240651397,1.122887132565129,Low Engagement Customers
Monica Ramirez,55,,1,6.0,,0,3,-0.5605563608422212,-0.21803347018494884,
Monica Robinson,30,,1,,,0,4,-0.53770325860501,-0.3179694561928517,
Monica Shah,66,,1,,,0,3,-0.5664004260229653,0.6049403592424033,
Monica Torres,19,,1,,,1,1,1.002504918908973,-0.894489076765947,High Value Satisfied Customers
Monica Tucker,61,,1,5.0,,1,1,0.9655520301735745,-0.46016711831082413,High Value Satisfied Customers
Monica Walker,55,3.0,1,3.0,18.0,0,3,-0.2699258271990409,0.39424182270713726,
Monica White,28,,1,12.0,,0,4,-0.5357434073071697,-0.30162052271148787,
Monica Wilson,41,,1,21.0,,0,0,-0.5411711563618317,0.9445454297705407,Low Engagement Customers
Monique Jimenez,26,,1,,,0,4,-0.5345146844474594,-0.42051499124121344,
Monique Lowery,63,3.0,1,16.0,21.0,1,7,1.3875260850364757,2.0162536406863256,
Monique Miller,40,,1,2.0,,1,1,0.9806470055149227,-1.3028288318396737,High Value Satisfied Customers
Monique Nixon,67,,1,4.0,,0,3,-0.5712187759720679,-0.11326196805649787,
Monique Thornton,48,,1,,,1,1,0.9793877562667315,-0.151033947665325,High Value Satisfied Customers
Morgan Anderson,33,,1,,,1,1,0.9913449093575462,-0.5355797040966812,High Value Satisfied Customers
Morgan Cuevas,55,5.0,1,5.0,14.0,1,6,1.0782600184721578,-1.3892580424193077,
Morgan Diaz,34,,1,,,1,1,0.9905477658181585,-0.5099433203345908,High Value Satisfied Customers
Morgan Estrada,36,,1,6.0,,0,4,-0.5454106335938559,-0.7051247616646668,
Morgan Gould,35,4.0,1,20.0,9.0,0,0,-0.6291118642374609,-0.15662820878680797,Low Engagement Customers
Morgan Mills,40,1.0,1,0.0,19.0,0,7,-0.2005242272254346,1.0044270032393636,
Morgan Morales,61,,1,7.0,,0,3,-0.5647908757499496,0.037217383895910706,
Morgan Wagner,39,,1,,,0,4,-0.5448775504594988,-0.08724200233403799,
Morgan Waters,67,,1,21.0,,1,1,0.9695427101948086,1.316572008394791,High Value Satisfied Customers
Mr. Adam Harvey,49,,1,,,0,3,-0.5528489858533753,0.16912183528686617,
Mr. Anthony Booth,61,5.0,1,22.0,15.0,0,6,-0.4068869005260192,0.9143720274728734,
Mr. Brad Mclean,53,,1,5.0,,0,3,-0.5595104200920433,-0.37073878921744674,
Mr. Brian Morales,41,1.0,1,23.0,7.0,1,1,0.8416863545811145,1.4972247626448667,High Value Satisfied Customers
Mr. Brian Thompson,20,,1,21.0,,1,1,1.007008456546028,0.11166197157654123,High Value Satisfied Customers
Mr. Cameron Bishop PhD,35,,1,3.0,,1,1,0.9851810695404584,-1.329578199141809,High Value Satisfied Customers
Mr. Casey Bradley,28,,1,,,0,4,-0.5361089715262347,-0.3692422237170325,
Mr. Christian Henson Jr.,45,2.0,1,8.0,21.0,0,7,-0.12528378414610883,1.6219025195924557,
Mr. Christopher Martinez,49,2.0,1,19.0,13.0,1,1,1.0749698240299488,1.4981747821370182,High Value Satisfied Customers
Mr. Christopher May,56,,1,11.0,,0,3,-0.5586117727386213,0.3147656711187267,
Mr. Christopher Vega,39,,1,,,0,4,-0.5448775504594988,-0.08724200233403799,
Mr. Clayton Gay,19,5.0,1,16.0,7.0,0,2,-0.7107261757050062,-1.818463339490012,Frequent Support Users
Mr. Daniel Price DDS,42,,1,14.0,,0,0,-0.5458067242014017,0.26015395297441196,Low Engagement Customers
Mr. Darren Delgado MD,38,,1,,,0,4,-0.5440804069201112,-0.11287838609612842,
Mr. David Park,52,,1,,,0,3,-0.5552404164715382,0.2460309865731374,
Mr. David Richardson,66,,1,0.0,,0,3,-0.5726150177470702,-0.5446285578518564,
Mr. Douglas Lynch,29,5.0,1,6.0,2.0,0,2,-0.9329493405484097,-3.2311199793930188,Frequent Support Users
Mr. Eric Pugh,39,,1,0.0,,1,1,0.9803474563971153,-1.5313303186183982,High Value Satisfied Customers
Mr. Ernest Gonzalez,57,4.0,1,6.0,16.0,0,6,-0.36205029807538136,-0.09611053972021992,
Mr. Franklin Herman,39,2.0,1,7.0,21.0,0,7,-0.12104926923838046,1.366651665511596,
Mr. George Davis,66,,1,22.0,,0,0,-0.5605513985179253,1.6868875753311183,Low Engagement Customers
Mr. Gregory Hanson,55,1.0,1,22.0,16.0,0,7,-0.3256787207852356,3.22767191538925,
Mr. Jacob Mendoza,27,3.0,1,7.0,2.0,1,1,0.6179687240755559,-2.307389995598598,High Value Satisfied Customers
Mr. James Norman,49,,1,3.0,,1,1,0.9740210599890313,-0.9706688264725432,High Value Satisfied Customers
Mr. James Ramsey,33,2.0,1,1.0,16.0,0,7,-0.32832475213719164,-0.050456908551589616,
Mr. Jason Schmitt,41,,1,,,0,4,-0.5464718375382741,-0.03596923480985717,
Mr. Jason Sullivan,24,,1,,,0,4,-0.5329203973686841,-0.4717877587653943,
Mr. Jeffrey Johnson,33,,1,18.0,,1,1,0.9950005515481961,0.1406373059587656,High Value Satisfied Customers
Mr. Jeremy Wilson,49,,1,18.0,,0,0,-0.5491933436627253,0.845338845342313,Low Engagement Customers
Mr. Jeremy York,33,,1,3.0,,0,4,-0.5446642419614854,-1.0863315674758889,
Mr. John Garcia DDS,53,1.0,1,21.0,12.0,0,0,-0.4916473929658994,2.5512106264041594,Low Engagement Customers
Mr. Johnathan Wolfe,19,,1,,,0,4,-0.5289346796717459,-0.5999696775758463,
Mr. Jordan Tapia,29,,1,,,0,4,-0.5369061150656224,-0.34360583995494215,
Mr. Joshua Diaz,47,4.0,1,6.0,23.0,1,6,1.469636308528187,0.2695791708858123,
Mr. Keith Green,20,,1,,,0,4,-0.5297318232111335,-0.5743332938137559,
Mr. Kurt White,51,,1,7.0,,1,1,0.974620158224646,-0.5136658529150941,High Value Satisfied Customers
Mr. Kyle Watson,22,,1,,,0,4,-0.5313261102899088,-0.523060526289575,
Mr. Logan Fisher,56,,1,,,0,3,-0.5584289906290888,0.3485765216214991,
Mr. Marvin Berry DDS,33,,1,15.0,,0,4,-0.5380840860183155,0.13085905062391523,
Mr. Michael Lopez,30,,1,0.0,,0,4,-0.543917850329115,-1.4675383732871112,
Mr. Miguel Brown,47,2.0,1,1.0,19.0,0,7,-0.21422380199048746,0.7012694415821208,
Mr. Nicholas Bush,41,,1,,,0,4,-0.5464718375382741,-0.03596923480985717,
Mr. Nicholas Robinson MD,37,5.0,1,22.0,9.0,0,2,-0.6382773749769781,-0.4865351377461859,Frequent Support Users
Mr. Paul Stark,54,,1,22.0,,0,0,-0.5509856760452736,1.3792509701860334,Low Engagement Customers
Mr. Robert Carter,53,,1,,,0,3,-0.5560375600109259,0.2716673703352278,
Mr. Roberto Marquez,25,,1,,,0,4,-0.5337175409080718,-0.4461513750033039,
Mr. Ruben Jenkins,26,,1,1.0,,0,4,-0.540180929842967,-1.468651356827156,
Mr. Samuel Chapman,26,5.0,1,21.0,19.0,0,6,-0.21252061004520748,0.4394220142439841,
Mr. Scott Mitchell,59,5.0,1,13.0,8.0,0,2,-0.7025033030335942,-0.9663666510431981,Frequent Support Users
Mr. Sean Parker,22,,1,,,0,4,-0.5313261102899088,-0.523060526289575,
Mr. Shawn Bruce,42,1.0,1,12.0,7.0,0,4,-0.6965821971535647,0.7016224790055706,
Mr. Stephen Washington,57,,1,22.0,,0,0,-0.5533771066634365,1.4561601214723046,Low Engagement Customers
Mr. Timothy Malone,42,5.0,1,21.0,0.0,1,2,0.5128452804838116,-1.932756102027485,Frequent Support Users
Mr. Victor Nguyen,68,3.0,1,14.0,12.0,0,3,-0.5247788029927702,1.057638923276911,
Mr. Vincent Olson,67,,1,,,0,3,-0.5671975695623529,0.6305767430044937,
Mr. William Mitchell DVM,47,,1,,,1,1,0.9801848998061191,-0.17667033142741542,High Value Satisfied Customers
Mr. Zachary Ortiz DVM,62,,1,,,1,1,0.9682277467153044,0.20787542500394085,High Value Satisfied Customers
Mrs. Andrea Morales,36,,1,20.0,,0,0,-0.5377337849934909,0.7149309594517717,Low Engagement Customers
Mrs. Anne Shepherd,54,,1,,,0,3,-0.5568347035503135,0.29730375409731824,
Mrs. Ashley Andrews,44,,1,4.0,,0,3,-0.5528844745661521,-0.7028987945845775,
Mrs. Brooke Garza DDS,27,,1,16.0,,0,4,-0.532752878453392,0.07847329955968978,
Mrs. Cathy Grant,25,,1,,,0,4,-0.5337175409080718,-0.4461513750033039,
Mrs. Cheryl Lozano,67,,1,13.0,,1,1,0.9651559395660286,0.5051115963282546,High Value Satisfied Customers
Mrs. Cheyenne Ross,68,4.0,1,5.0,4.0,1,2,0.6590285364509513,-1.781330178893421,Frequent Support Users
Mrs. Colleen Hutchinson,58,3.0,1,2.0,4.0,0,3,-0.8574167494037469,-1.4634274723489828,
Mrs. Crystal Callahan,57,,1,2.0,,0,3,-0.5643440332353864,-0.5724909086940361,
Mrs. Danielle Johnson,70,1.0,1,18.0,3.0,1,1,0.6488128473650436,1.209761164251311,High Value Satisfied Customers
Mrs. Danielle Melton,20,,1,,,0,4,-0.5297318232111335,-0.5743332938137559,
Mrs. Deanna Campbell MD,53,,1,6.0,,0,3,-0.5589620737634459,-0.2693062377091297,
Mrs. Debra Davis,24,,1,15.0,,1,1,1.0005298044168924,-0.3943878024249994,High Value Satisfied Customers
Mrs. Diane Sandoval PhD,38,,1,,,0,4,-0.5440804069201112,-0.11287838609612842,
Mrs. Dominique Bryan,64,,1,,,0,3,-0.56480613894419,0.5536675917182224,
Mrs. Faith Banks PhD,29,,1,,,0,4,-0.5369061150656224,-0.34360583995494215,
Mrs. Felicia Kelley DDS,51,,1,10.0,,0,3,-0.5551744013702806,0.08515120079995757,
Mrs. Heather Holmes,44,,1,,,0,3,-0.548863268156437,0.04093991647641409,
Mrs. Jamie Mendez DDS,50,,1,18.0,,1,1,0.9814491113786061,0.5764558299143027,High Value Satisfied Customers
Mrs. Jennifer Dunn,70,,1,,,0,3,-0.5695890001805158,0.7074858942907649,
Mrs. Jennifer Jenkins,20,2.0,1,4.0,3.0,0,4,-0.8591143391645949,-1.78163914527974,
Mrs. Jessica Franklin,62,,1,,,0,3,-0.5632118518654147,0.5023948241940417,
Mrs. Jessica Phillips DDS,43,5.0,1,15.0,13.0,0,6,-0.47988404758264486,-0.5189887257792698,
Mrs. Judith Gordon,69,3.0,1,21.0,11.0,0,0,-0.5634911754646857,1.6623641751090725,Low Engagement Customers
Mrs. Katherine Butler,30,2.0,1,5.0,5.0,1,1,0.748409476816266,-1.4564841703643232,High Value Satisfied Customers
Mrs. Kathleen Gonzales,69,,1,,,1,1,0.9626477419395909,0.3873301113385738,High Value Satisfied Customers
Mrs. Krista Jordan,20,3.0,1,11.0,2.0,0,4,-0.9056974844150597,-1.786595076709862,
Mrs. Latoya Garrison PhD,27,,1,,,1,1,0.996127770593872,-0.6893980066692237,High Value Satisfied Customers
Mrs. Leah Harris,44,2.0,1,17.0,19.0,0,7,-0.20305883011476455,2.247281114428922,
Mrs. Leslie Wong,68,4.0,1,17.0,13.0,0,3,-0.49004802709220424,0.9088307707898174,
Mrs. Lindsay Huff,53,,1,2.0,,0,3,-0.5611554590778358,-0.6750364437423978,
Mrs. Madison Thompson MD,41,,1,,,0,4,-0.5464718375382741,-0.03596923480985717,
Mrs. Makayla Richards,52,5.0,1,17.0,5.0,0,2,-0.8199908726416218,-1.1329081088090074,Frequent Support Users
Mrs. Marcia Lewis,63,,1,10.0,,1,1,0.9666994747377867,0.09826840675494192,High Value Satisfied Customers
Mrs. Melissa Mullins,62,,1,,,0,3,-0.5632118518654147,0.5023948241940417,
Mrs. Molly Gutierrez,24,5.0,1,6.0,15.0,0,6,-0.3861661308262363,-1.6570949958575447,
Mrs. Morgan Murphy,62,,1,12.0,,0,3,-0.5628462876463497,0.5700165251995863,
Mrs. Nicole Perez,38,,1,,,0,4,-0.5440804069201112,-0.11287838609612842,
Mrs. Nicole Torres,51,1.0,1,21.0,20.0,0,7,-0.15602388002544082,3.547449798785164,
Mrs. Samantha Logan,23,2.0,1,17.0,13.0,0,4,-0.4368407351838864,0.9232831004961342,
Mrs. Sarah Kaiser,36,2.0,1,21.0,22.0,0,7,-0.06922733678714212,2.8407372278299117,
Mrs. Stephanie Mora PhD,61,,1,13.0,,0,3,-0.5615007977783646,0.6458126929458129,
Mrs. Susan Miller MD,18,4.0,1,18.0,19.0,1,6,1.332319014182757,0.2195586899324018,
Mrs. Tara Lee MD,54,1.0,1,8.0,3.0,0,3,-0.8753559178714481,0.07977290816479471,
Mrs. Victoria Brown,30,2.0,1,8.0,14.0,0,4,-0.405602203684267,0.32078381574406206,
Ms. Brandi Munoz,40,,1,14.0,,0,4,-0.5442124371226265,0.2088811854502311,
Ms. Christina Lopez MD,59,,1,,,0,3,-0.5608204212472517,0.42548567290777034,
Ms. Judith Fisher,43,,1,20.0,,0,0,-0.5433137897692044,0.8943856457864046,Low Engagement Customers
Ms. Maria Wade MD,31,,1,1.0,,0,4,-0.5441666475399052,-1.340469438016704,
Ms. Mary Harvey,26,,1,,,1,1,0.9969249141332597,-0.7150343904313141,High Value Satisfied Customers
Ms. Stephanie Stein DDS,62,,1,,,0,3,-0.5632118518654147,0.5023948241940417,
Ms. Tiffany Jackson DDS,54,,1,19.0,,1,1,0.978808883549653,0.7804339164709814,High Value Satisfied Customers
Nancy Acevedo,24,,1,19.0,,0,0,-0.5287164088494366,0.3058618027983695,Low Engagement Customers
Nancy Allen,63,,1,,,0,3,-0.5640089954048023,0.5280312079561321,
Nancy Blake,19,,1,2.0,,0,4,-0.5340525787386559,-1.546673491653472,
Nancy Bridges,66,2.0,1,7.0,1.0,0,3,-0.9776452094560549,-0.5599458226749263,
Nancy Brown,60,1.0,1,22.0,21.0,1,7,1.4105434262620973,3.7160293974503418,
Nancy Castro,40,,1,15.0,,1,1,0.9877755077866901,0.01579433776844738,High Value Satisfied Customers
Nancy Cooke,18,4.0,1,17.0,4.0,0,2,-0.8259737292172155,-1.551439349708037,Frequent Support Users
Nancy Estrada,48,,1,,,1,1,0.9793877562667315,-0.151033947665325,High Value Satisfied Customers
Nancy Gonzalez,46,,1,,,0,3,-0.5504575552352123,0.09221268400059492,
Nancy Grimes,46,,1,19.0,,0,0,-0.5462535667159649,0.8698622455643586,Low Engagement Customers
Nancy Moore,69,,1,,,0,3,-0.5687918566411282,0.6818495105286746,
Nancy Oneal,33,,1,,,0,4,-0.5400946892231729,-0.24106030490658048,
Nancy Richards,68,,1,11.0,,0,3,-0.568177495211273,0.6224022762638117,
Nancy Roberts,22,1.0,2,8.0,5.0,0,5,1.8633836234497465,-0.4600183187650044,
Nancy Roth,54,,1,5.0,,1,1,0.971132034949288,-0.639621804645457,High Value Satisfied Customers
Nancy Stephens,48,,1,16.0,,1,1,0.9819467058001864,0.3223179593734877,High Value Satisfied Customers
Natalie Avila,54,,1,16.0,,1,1,0.9771638445638605,0.47613626194603026,High Value Satisfied Customers
Natalie Davis,35,5.0,2,18.0,21.0,1,5,4.02333060575602,0.3519054678448403,
Natalie Edwards,22,,1,,,0,4,-0.5313261102899088,-0.523060526289575,
Natalie Gonzalez,19,,2,20.0,,0,5,2.105541296771468,0.29780750397703226,
Natalie Harris,58,,1,13.0,,0,3,-0.5591093671602017,0.5689035416595417,
Natalie Norris,42,,1,12.0,,1,1,0.9845361817221223,-0.23723054923232287,High Value Satisfied Customers
Natalie Potter,63,,1,0.0,,0,3,-0.5702235871289073,-0.6215377091381276,
Natalie Smith,31,4.0,3,7.0,15.0,2,5,7.939796607396762,-1.343811619933008,
Natalie Thompson,67,,1,,,0,3,-0.5671975695623529,0.6305767430044937,
Natalie Yang,57,,1,,,0,3,-0.5592261341684764,0.37421290538358953,
Natasha Donovan,64,,1,,,0,3,-0.56480613894419,0.5536675917182224,
Natasha Johnson,42,,1,,,1,1,0.9841706175030573,-0.3048522502378675,High Value Satisfied Customers
Natasha Koch,70,,1,23.0,,0,0,-0.5631916263468784,1.8908656618877968,Low Engagement Customers
Natasha Lopez,37,,1,10.0,,1,1,0.9874252067618655,-0.5682775710594089,High Value Satisfied Customers
Natasha Rodriguez,23,,1,12.0,,0,4,-0.5317576896102315,-0.42980244152193997,
Natasha Skinner,49,,1,,,0,3,-0.5528489858533753,0.16912183528686617,
Nathan Benson,32,2.0,1,17.0,20.0,0,7,-0.1517394544094024,2.0705835017719854,
Nathan Blankenship,34,,1,,,0,4,-0.5408918327625606,-0.21542392114449005,
Nathan Daniels,21,,1,,,1,1,1.0009106318301977,-0.8432163092417662,High Value Satisfied Customers
Nathan Dominguez,39,4.0,1,15.0,22.0,0,6,-0.09224467801276372,1.1409614710658948,
Nathan Downs Jr.,23,,1,,,1,1,0.9993163447514226,-0.7919435417175853,High Value Satisfied Customers
Nathan Elliott,20,,1,6.0,,0,4,-0.5326563369636536,-1.1153069018581134,
Nathan Huerta,43,,1,19.0,,1,1,0.9875774624829171,0.4984336950879867,High Value Satisfied Customers
Nathan Jones,50,,1,,,0,3,-0.5536461293927629,0.19475821904895657,
Nathan Mejia,52,3.0,1,4.0,21.0,0,7,-0.14172509055414925,0.8115822003936276,
Nathan Oconnor,45,,1,,,1,1,0.9817791868848944,-0.22794309895159623,High Value Satisfied Customers
Nathan Parks,22,,1,12.0,,1,1,1.000479052509875,-0.7499582244741312,High Value Satisfied Customers
Nathan Phillips,27,,1,3.0,,0,4,-0.5398813807251596,-1.2401498700484315,
Nathan Rivera,32,3.0,1,23.0,11.0,0,0,-0.5329001718501478,0.916683078928361,Low Engagement Customers
Nathan Robertson DDS,38,3.0,1,16.0,19.0,0,7,-0.207492231524973,1.4079854608478697,
Nathan Rosario,42,,1,,,1,1,0.9841706175030573,-0.3048522502378675,High Value Satisfied Customers
Nathan Schneider,68,,1,,,0,3,-0.5679947131017405,0.6562131267665842,
Nathan Sheppard,42,,1,5.0,,0,4,-0.5507418411587792,-0.6527390106004413,
Nathan Smith,51,3.0,1,17.0,14.0,0,0,-0.42607501737196696,1.1879960388226212,Low Engagement Customers
Nathan Williams,30,5.0,1,0.0,12.0,1,6,1.0119395688484407,-2.7992083789894497,
Nathan Wise Jr.,20,3.0,1,18.0,7.0,0,0,-0.6930907939513251,-0.4218722537109018,Low Engagement Customers
Nathan Woods,69,,1,,,1,1,0.9626477419395909,0.3873301113385738,High Value Satisfied Customers
Nathaniel Bradley,33,4.0,1,8.0,20.0,0,6,-0.17480754754204123,0.015237322958836666,
Nathaniel Clark,34,,1,6.0,,0,4,-0.5438163465150806,-0.7563975291888476,
Nathaniel Dixon,36,,1,,,0,4,-0.5424861198413359,-0.16415115362030927,
Nathaniel Garrett,45,4.0,1,1.0,13.0,0,3,-0.4804872669438483,-1.3037268798713346,
Nathaniel Jones,58,,1,4.0,,0,3,-0.5640444841175791,-0.3439894219153116,
Nathaniel Quinn,63,,1,,,0,3,-0.5640089954048023,0.5280312079561321,
Nathaniel Silva,62,,1,21.0,,0,0,-0.5579111706889722,1.4829094887744396,Low Engagement Customers
Nathaniel Walls,18,,1,,,0,4,-0.5281375361323583,-0.6256060613379367,
Neil Davis,33,5.0,1,19.0,10.0,1,2,0.9364594120082095,-1.056958734021451,Frequent Support Users
Neil Hart,51,,1,9.0,,0,3,-0.5557227476988781,-0.016281350708359472,
Nicholas Adams,38,,1,6.0,,0,4,-0.5470049206726312,-0.653851994140486,
Nicholas Blake,33,2.0,1,16.0,14.0,0,7,-0.40360686367364995,1.2091533790968696,
Nicholas Brown,52,,1,,,0,3,-0.5552404164715382,0.2460309865731374,
Nicholas Chapman,34,,1,,,0,4,-0.5408918327625606,-0.21542392114449005,
Nicholas Coffey,40,,1,8.0,,0,4,-0.5475025150942114,-0.399714123599671,
Nicholas Garcia,52,3.0,3,13.666666666666666,15.0,1,5,6.403940552997488,0.7493336478166311,
Nicholas Gonzales,52,4.0,1,10.0,13.0,1,1,1.0503074438185347,-0.5058986291519492,High Value Satisfied Customers
Nicholas Gordon,47,2.0,1,23.0,2.0,0,0,-0.9119722877174193,0.7068227024665765,Low Engagement Customers
Nicholas Guzman,50,5.0,1,13.0,7.0,1,2,0.7943569341689033,-1.6225524965802607,Frequent Support Users
Nicholas Harris,60,2.0,1,20.0,1.0,0,0,-0.9657338459479616,0.6048590443606527,Low Engagement Customers
Nicholas Henderson,29,,1,,,0,4,-0.5369061150656224,-0.34360583995494215,
Nicholas Hernandez,30,2.0,1,2.0,10.0,0,4,-0.5759068945866935,-0.8115674632584327,
Nicholas Hood,68,,1,,,0,3,-0.5679947131017405,0.6562131267665842,
Nicholas Martin,35,,2,21.0,,0,5,2.093335346469863,0.8094221956787959,
Nicholas Martinez,34,5.0,1,14.0,20.0,1,6,1.3504570691529383,-0.22909518291946415,
Nicholas Mccormick,27,,2,14.0,,1,5,3.627313669065501,-0.4002161341662473,
Nicholas Mercado,48,,1,,,0,3,-0.5520518423139876,0.14348545152477576,
Nicholas Mitchell,36,2.0,1,22.0,5.0,0,0,-0.7784910954146215,0.7162069070397095,Low Engagement Customers
Nicholas Moore,64,,1,,,0,3,-0.56480613894419,0.5536675917182224,
Nicholas Mora,40,,1,16.0,,1,1,0.9883238541152876,0.11722688927676445,High Value Satisfied Customers
Nicholas Murray,26,4.0,1,12.0,1.0,0,2,-0.9603535688734354,-2.246328014617343,Frequent Support Users
Nicholas Rodriguez,18,2.0,1,19.0,11.0,0,0,-0.5152656312951739,0.7360882997260197,Low Engagement Customers
Nicholas Scott,43,,1,6.0,,0,4,-0.5509906383695694,-0.5256700753300338,
Nicholas Smith,69,5.0,1,1.0,18.0,0,6,-0.29951836204353666,-0.6178035066406166,
Nicholas Stanton,70,4.0,1,18.0,21.0,1,6,1.3743748566000202,1.8145286305374,
Nicholas Stewart,50,,1,,,0,3,-0.5536461293927629,0.19475821904895657,
Nicholas Thomas,44,,1,8.0,,0,3,-0.550691089251762,-0.2971685885513094,
Nicholas Ward,41,,1,,,1,1,0.984967761042445,-0.3304886339999579,High Value Satisfied Customers
Nicholas White,20,,1,12.0,,0,4,-0.5293662589920686,-0.5067115928082113,
Nicholas Williams,25,,1,2.0,,0,4,-0.5388354399749817,-1.3928551890809293,
Nicholas Zavala,50,,1,,,0,3,-0.5536461293927629,0.19475821904895657,
Nichole Huang,38,5.0,1,7.0,14.0,1,6,1.0929081512989427,-1.6222114633582108,
Nichole Johnson,42,,1,,,0,4,-0.5472689810776618,-0.010332851047766755,
Nichole Rice,66,,1,8.0,,0,3,-0.5682282471182902,0.2668318542146798,
Nicolas Jones,52,,1,,,0,3,-0.5552404164715382,0.2460309865731374,
Nicolas Wilson,60,,1,10.0,,0,3,-0.5623486932247694,0.31587865465877135,
Nicolas Wood,63,,1,,,1,1,0.9674306031759168,0.23351180876603134,High Value Satisfied Customers
Nicole Adams,25,3.0,1,15.0,15.0,1,1,1.1667472738083462,0.15500455128968382,High Value Satisfied Customers
Nicole Aguilar,19,,1,3.0,,0,4,-0.5335042324100584,-1.445240940145155,
Nicole Anderson,19,3.0,2,10.5,14.0,1,5,3.7570325649286422,-0.5675041570776357,
Nicole Baxter,24,,1,4.0,,0,4,-0.5369416037783992,-1.2156264698263857,
Nicole Becker,24,,1,,,0,4,-0.5329203973686841,-0.4717877587653943,
Nicole Boyd,23,,1,,,0,4,-0.5321232538292965,-0.4974241425274846,
Nicole Cantu,63,,1,11.0,,0,3,-0.5641917775143348,0.4942203574533597,
Nicole Carpenter,51,,1,5.0,,0,3,-0.557916133013268,-0.42201155674162755,
Nicole Contreras,60,,1,9.0,,0,3,-0.5628970395533669,0.2144461031504543,
Nicole Cooper,39,,1,4.0,,1,1,0.9825408417115052,-1.1256001125851303,High Value Satisfied Customers
Nicole Delgado,25,,1,,,0,4,-0.5337175409080718,-0.4461513750033039,
Nicole Fisher,25,,1,20.0,,1,1,1.0024743925204922,0.13841133887867635,High Value Satisfied Customers
Nicole Fitzpatrick,40,,1,14.0,,0,4,-0.5442124371226265,0.2088811854502311,
Nicole Gamble,45,,1,14.0,,0,0,-0.5481981548195647,0.3370631042606832,Low Engagement Customers
Nicole Gates,70,,1,,,1,1,0.9618505984002033,0.41296649510066413,High Value Satisfied Customers
Nicole Gonzalez,58,3.0,1,12.0,12.0,0,3,-0.5179040602560887,0.5984099826393727,
Nicole Hamilton,18,4.0,1,6.0,10.0,0,4,-0.5814836194355255,-1.8815634613706353,
Nicole Harvey,41,,1,,,1,1,0.984967761042445,-0.3304886339999579,High Value Satisfied Customers
Nicole Knight,46,,1,13.0,,1,1,0.9818959538931692,-0.03325246267564416,High Value Satisfied Customers
Nicole Lopez,18,,1,,,0,4,-0.5281375361323583,-0.6256060613379367,
Nicole Lowe,59,,1,,,0,3,-0.5608204212472517,0.42548567290777034,
Nicole Mann,45,,1,23.0,,0,0,-0.5432630378621872,1.2499560678355366,Low Engagement Customers
Nicole Matthews,24,,1,3.0,,0,4,-0.5374899501069966,-1.3170590213347029,
Nicole Mcgee,36,3.0,1,16.0,2.0,0,0,-0.9157100494022745,-0.86925017897483,Low Engagement Customers
Nicole Mckenzie,57,5.0,1,18.0,4.0,1,2,0.6662577013380461,-1.3287520301684872,Frequent Support Users
Nicole Mitchell,52,,1,8.0,,1,1,0.9743713610138558,-0.3865969176446868,High Value Satisfied Customers
Nicole Moran MD,28,,1,14.0,,0,4,-0.5346467146499747,-0.09875541969485381,
Nicole Morgan,27,,1,2.0,,1,1,0.9910098715269621,-1.6361018207468492,High Value Satisfied Customers
Nicole Nelson,30,1.0,1,12.0,2.0,0,4,-0.8957847408444649,-0.2607090885802553,
Nicole Olson,57,,1,15.0,,0,3,-0.557215530963619,0.7461322609140852,
Nicole Scott,70,5.0,1,14.0,1.0,1,2,0.5284404903134855,-1.7940262247590244,Frequent Support Users
Nicole Smith,29,2.0,3,5.0,14.0,1,5,6.384436782640786,-0.2662794847714848,
Nicole Thomas,46,,1,15.0,,0,0,-0.5484469520303549,0.4641320395310906,Low Engagement Customers
Nicole Ward,49,,1,2.0,,1,1,0.9734727136604338,-1.0721013779808601,High Value Satisfied Customers
Nina Bell,63,,1,,,0,3,-0.5640089954048023,0.5280312079561321,
Nina Ortiz,35,,1,13.0,,0,4,-0.5407750657542857,-0.02073328486853804,
Noah Clark,18,,1,,,1,1,1.0033020624483606,-0.9201254605280375,High Value Satisfied Customers
Noah Mcknight,32,,1,,,1,1,0.9921420528969338,-0.5612160878587716,High Value Satisfied Customers
Norma Diaz,21,,1,7.0,,0,4,-0.5329051341744436,-0.9882379665877059,
Norman Perez,57,,1,,,0,3,-0.5592261341684764,0.37421290538358953,
Norman Randolph,63,,1,,,0,3,-0.5640089954048023,0.5280312079561321,
Norman Walters,67,,1,16.0,,0,3,-0.564638620028898,1.1039286500433065,
Olivia Allen,42,,1,7.0,,0,4,-0.5496451485015842,-0.44987390758380735,
Olivia Beck,61,,1,,,0,3,-0.562414708326027,0.4767584404319512,
Olivia Henderson,63,,1,1.0,,1,1,0.9617643577804093,-0.8146245568199113,High Value Satisfied Customers
Olivia Knight,33,,1,,,1,1,0.9913449093575462,-0.5355797040966812,High Value Satisfied Customers
Olivia Lambert,62,2.0,1,12.0,20.0,0,7,-0.1783954922340193,2.3325122570931125,
Olivia Morton,30,,1,17.0,,0,0,-0.5345959627429575,0.25681500235427807,Low Engagement Customers
Olivia Nunez,39,2.0,1,18.0,16.0,0,7,-0.32378572578736003,1.8277147696623424,
Olivia Riggs,63,3.0,1,20.0,23.0,0,7,-0.05821282176443257,2.978381230885991,
Olivia Rios,28,,1,11.0,,0,4,-0.5362917536357672,-0.4030530742198049,
Olivia Walker,43,,1,7.0,,0,4,-0.5504422920409718,-0.4242375238217168,
Omar Brown,56,,1,,,0,3,-0.5584289906290888,0.3485765216214991,
Omar Curtis,46,4.0,1,6.0,14.0,1,1,1.094650572973181,-0.9345081452696117,High Value Satisfied Customers
Omar Lopez,64,4.0,1,3.0,2.0,1,2,0.5776131114858861,-2.3486188019347134,Frequent Support Users
Omar Rojas,59,,1,,,0,3,-0.5608204212472517,0.42548567290777034,
Oscar Miller,54,,1,,,1,1,0.9746048950304056,0.002784354907217513,High Value Satisfied Customers
Oscar Ortiz,53,,1,,,0,3,-0.5560375600109259,0.2716673703352278,
Oscar Ramsey,29,,1,,,1,1,0.9945334835150967,-0.6381252391450428,High Value Satisfied Customers
Oscar Rivera,42,,1,2.0,,1,1,0.9790527184361474,-1.251556064315493,High Value Satisfied Customers
Paige Bailey,52,4.0,1,0.0,21.0,1,6,1.378853206394243,-0.47271220432993405,
Paige Grimes,18,3.0,1,10.0,5.0,0,4,-0.7793905839667506,-1.546483418277915,
Paige Mueller,23,4.0,1,8.0,15.0,0,4,-0.3756043783117168,-0.8958214771028081,
Paige Nichols,33,,1,,,1,1,0.9913449093575462,-0.5355797040966812,High Value Satisfied Customers
Paige Williams,21,4.0,1,14.0,20.0,0,6,-0.16195174709780447,0.31619602686365395,
Pam Norman,40,4.0,1,18.0,6.0,0,2,-0.7594552342897254,-0.6241283704574343,Frequent Support Users
Pamela Alexander,23,,1,,,0,4,-0.5321232538292965,-0.4974241425274846,
Pamela Anderson,55,,1,0.0,,0,3,-0.5638464388138061,-0.826628779234851,
Pamela Arnold,45,1.0,2,12.0,15.0,0,5,2.264779239685325,1.844738638677825,
Pamela Christensen,65,,1,13.0,,1,1,0.9667502266448039,0.4538388288040737,High Value Satisfied Customers
Pamela Flores,18,,1,,,1,1,1.0033020624483606,-0.9201254605280375,High Value Satisfied Customers
Pamela Garcia,63,,1,,,0,3,-0.5640089954048023,0.5280312079561321,
Pamela Gibbs,30,,1,17.0,,0,0,-0.5345959627429575,0.25681500235427807,Low Engagement Customers
Pamela Grant,36,,1,,,0,4,-0.5424861198413359,-0.16415115362030927,
Pamela Hall,58,,1,,,0,3,-0.5600232777078641,0.3998492891456799,
Pamela Lang,54,,1,21.0,,0,0,-0.5515340223738711,1.2778184186777162,Low Engagement Customers
Pamela Lee,34,,1,5.0,,1,1,0.987074905737041,-1.1523494798872653,High Value Satisfied Customers
Pamela Mann,62,,1,,,0,3,-0.5632118518654147,0.5023948241940417,
Pamela Miller,51,,1,16.0,,0,0,-0.5518843233986956,0.6937465098498597,Low Engagement Customers
Pamela Pruitt,55,,1,11.0,,0,3,-0.5578146291992336,0.2891292873566363,
Pamela Salazar,42,,1,,,0,4,-0.5472689810776618,-0.010332851047766755,
Patricia Austin,53,,1,,,0,3,-0.5560375600109259,0.2716673703352278,
Patricia Berry,20,,1,,,0,4,-0.5297318232111335,-0.5743332938137559,
Patricia Brady,67,,1,,,0,3,-0.5671975695623529,0.6305767430044937,
Patricia Burton,57,,1,,,0,3,-0.5592261341684764,0.37421290538358953,
Patricia Clark,47,,1,17.0,,0,0,-0.5481474029125475,0.6926335263098151,Low Engagement Customers
Patricia Crawford,21,5.0,1,10.0,9.0,0,2,-0.6321032342899457,-2.1139078960394366,Frequent Support Users
Patricia Elliott,54,,1,15.0,,0,3,-0.554824100345456,0.669223109627814,
Patricia Ferrell,50,,1,,,0,3,-0.5536461293927629,0.19475821904895657,
Patricia Garcia,27,3.0,1,10.0,12.0,0,4,-0.4942893031922667,-0.3991830170020642,
Patricia Gordon,34,2.0,1,10.0,23.0,1,7,1.49952839249049,1.5101259870122905,
Patricia Graves,41,1.0,1,21.0,4.0,0,0,-0.8161108963549307,1.1960620813538891,Low Engagement Customers
Patricia Irwin,57,1.0,1,14.0,22.0,0,7,-0.08113785909652833,3.253118225775784,
Patricia Johnson,27,2.0,1,15.0,14.0,0,4,-0.3993723487659216,0.95390252501601,
Patricia Jones,24,2.0,1,14.0,6.0,0,4,-0.7315584903380393,-0.27195111768376373,
Patricia King,54,5.0,1,6.0,9.0,1,2,0.870837242176591,-1.968156837113822,Frequent Support Users
Patricia Moore,60,,1,,,0,3,-0.5616175647866394,0.45112205666986077,
Patricia Moreno,67,,1,15.0,,1,1,0.9662526322232237,0.7079766993448887,High Value Satisfied Customers
Patricia Nelson,54,2.0,1,20.0,19.0,0,7,-0.2093852265228485,2.8079426065747772,
Patricia Oconnor,53,4.0,1,23.0,16.0,0,0,-0.3495398363316733,1.5256973008728079,Low Engagement Customers
Patricia Pacheco,41,,1,6.0,,0,4,-0.5493963512907941,-0.5769428428542147,
Patricia Parker,68,,1,,,0,3,-0.5679947131017405,0.6562131267665842,
Patricia Rodgers,57,4.0,1,12.0,20.0,0,6,-0.19174560717295475,1.036240739282275,
Patricia Rodriguez,44,,1,,,0,3,-0.548863268156437,0.04093991647641409,
Patricia Salinas,26,,1,17.0,,0,4,-0.5314073885854069,0.1542694673059163,
Patricia Shannon,25,,1,6.0,,0,4,-0.5366420546605918,-0.9871249830476612,
Patricia Smith,43,,1,1.0,,0,4,-0.5537323700125569,-1.032832832871619,
Patricia Stewart,66,,1,,,0,3,-0.5664004260229653,0.6049403592424033,
Patricia Sullivan,37,,1,3.0,,0,4,-0.547852816119036,-0.9837860324275274,
Patricia Taylor,69,,1,0.0,,0,3,-0.5750064483652332,-0.46771940656558514,
Patricia Thompson,45,2.0,1,22.0,7.0,0,0,-0.7021580808036895,1.2088123458748194,Low Engagement Customers
Patricia Wade,41,,1,16.0,,0,0,-0.5439128880048191,0.43738267222895555,Low Engagement Customers
Patricia Wallace,63,,1,,,1,1,0.9674306031759168,0.23351180876603134,High Value Satisfied Customers
Patricia Wang,29,2.0,1,10.0,1.0,0,4,-0.9465058595129195,-1.2041943673473205,
Patricia Wilkins,55,,1,,,1,1,0.973807751491018,0.028420738669307916,High Value Satisfied Customers
Patricia Williamson,38,,1,,,0,4,-0.5440804069201112,-0.11287838609612842,
Patricia Wilson,69,,1,1.0,,0,3,-0.5744581020366357,-0.36628685505726816,
Patricia Wolf,38,2.0,1,15.0,21.0,0,7,-0.1158653550702128,2.152475693816042,
Patricia Wu,56,5.0,1,13.0,4.0,0,2,-0.8671264853462729,-1.567031772282062,Frequent Support Users
Patricia Yang,50,,1,20.0,,0,0,-0.5488937945449179,1.0738403321210375,Low Engagement Customers
Patrick Allen,46,,1,,,0,3,-0.5504575552352123,0.09221268400059492,
Patrick Anderson,67,,1,,,0,3,-0.5671975695623529,0.6305767430044937,
Patrick Baker,34,3.0,1,11.0,20.0,0,7,-0.1652917357776995,0.929216160746071,
Patrick Bender,28,,1,,,0,4,-0.5361089715262347,-0.3692422237170325,
Patrick Brock,58,,1,11.0,,0,3,-0.5602060598173966,0.3660384386429075,
Patrick Burns,27,4.0,1,7.0,3.0,0,2,-0.8803851375903896,-2.4659764034205414,Frequent Support Users
Patrick Byrd,63,1.0,1,14.0,13.0,0,7,-0.4617035994272479,2.228485595954993,
Patrick Copeland,57,,1,,,0,3,-0.5592261341684764,0.37421290538358953,
Patrick Davis,19,2.0,1,23.0,2.0,1,1,0.6417873299661538,-0.30551544206205616,High Value Satisfied Customers
Patrick Dyer,32,,1,,,0,4,-0.5392975456837853,-0.2666966886686709,
Patrick Flores,27,,1,,,0,4,-0.5353118279868471,-0.39487860747912296,
Patrick Fox,29,,1,,,0,4,-0.5369061150656224,-0.34360583995494215,
Patrick George,56,,1,,,0,3,-0.5584289906290888,0.3485765216214991,
Patrick Green,67,,1,20.0,,1,1,0.9689943638662112,1.215139456886474,High Value Satisfied Customers
Patrick Hall,20,,1,23.0,,0,0,-0.5233344493774961,0.609046473783276,Low Engagement Customers
Patrick Hood,60,,1,23.0,,1,1,0.9762194076277172,1.339982425076792,High Value Satisfied Customers
Patrick Huerta,23,,1,0.0,,0,4,-0.5383378455534015,-1.6469930596217441,
Patrick Martin,19,1.0,1,6.0,8.0,0,4,-0.6397843204865235,-0.36567066408426296,
Patrick Maxwell,33,,1,2.0,,0,4,-0.5452125882900829,-1.1877641189842059,
Patrick Miller IV,57,,1,,,0,3,-0.5592261341684764,0.37421290538358953,
Patrick Morgan,63,,1,,,1,1,0.9674306031759168,0.23351180876603134,High Value Satisfied Customers
Patrick Nelson,64,4.0,1,19.0,16.0,1,6,1.1709377980013915,1.1074479170324334,
Patrick Peterson,61,,1,,,0,3,-0.562414708326027,0.4767584404319512,
Patrick Preston,28,4.0,1,18.0,22.0,1,6,1.4496085384870119,0.8687395050177509,
Patrick Rhodes,64,5.0,1,0.0,9.0,0,2,-0.6718638697695895,-2.025868909352719,Frequent Support Users
Patrick Smith,25,3.0,2,8.0,17.0,1,5,3.8761397975689538,-0.2744502558114414,
Patrick Solis,41,,1,,,1,1,0.984967761042445,-0.3304886339999579,High Value Satisfied Customers
Patrick Thomas,37,,1,,,0,4,-0.5432832633807235,-0.13851476985821884,
Patrick Wilkerson,59,,1,,,0,3,-0.5608204212472517,0.42548567290777034,
Patrick Willis,39,,1,,,1,1,0.9865620481212203,-0.38176140152413873,High Value Satisfied Customers
Patty Lewis,28,,1,,,0,4,-0.5361089715262347,-0.3692422237170325,
Patty Thomas,34,4.0,1,5.0,2.0,0,2,-0.9288154882560086,-2.620325812590691,Frequent Support Users
Patty Torres,38,,1,5.0,,0,4,-0.5475532670012286,-0.755284545648803,
Paul Baldwin,38,2.0,1,23.0,18.0,1,7,1.2947000544411549,2.2765997292280327,
Paul Barnett,61,,1,,,0,3,-0.562414708326027,0.4767584404319512,
Paul Boone,35,3.0,1,5.0,4.0,0,4,-0.8374374090120386,-1.7487666443521115,
Paul Clark,54,,1,,,0,3,-0.5568347035503135,0.29730375409731824,
Paul Davis,70,,1,,,1,1,0.9618505984002033,0.41296649510066413,High Value Satisfied Customers
Paul English,66,,1,7.0,,0,3,-0.5687765934468878,0.16539930270636274,
Paul Gilbert,20,,1,19.0,,0,0,-0.525527834691886,0.20331626775000783,Low Engagement Customers
Paul Gonzalez,24,5.0,1,10.0,7.0,0,2,-0.7180019713735295,-2.2988767297294617,Frequent Support Users
Paul Hayes,19,,1,16.0,,1,1,1.005063868442428,-0.4211371697271344,High Value Satisfied Customers
Paul Hill,39,,2,15.0,,1,5,3.6182962929214466,0.008853022487154668,
Paul Hudson,62,,1,,,0,3,-0.5632118518654147,0.5023948241940417,
Paul Johnson,35,,1,13.0,,0,4,-0.5407750657542857,-0.02073328486853804,
Paul Juarez,53,,1,,,0,3,-0.5560375600109259,0.2716673703352278,
Paul Lopez,58,5.0,3,11.5,23.0,1,5,6.714663001275011,0.5628037630259531,
Paul Mcbride,69,,1,,,1,1,0.9626477419395909,0.3873301113385738,High Value Satisfied Customers
Paul Merritt,43,4.0,1,19.0,2.0,0,2,-0.9283129315101325,-0.9695426376154388,Frequent Support Users
Paul Miller,59,1.0,1,21.0,3.0,0,0,-0.8722131332966188,1.526577996583368,Low Engagement Customers
Paul Parks,56,3.0,1,0.0,3.0,0,3,-0.898672808214877,-1.848504335377946,
Paul Reeves,30,,1,,,1,1,0.9937363399757091,-0.6124888553829524,High Value Satisfied Customers
Paul Ross,40,,1,,,0,4,-0.5456746939988865,-0.06160561857194756,
Paul Sanchez,44,5.0,1,18.0,20.0,0,6,-0.18676057950726718,0.7275182599248088,
Paul Shelton,20,,1,,,0,4,-0.5297318232111335,-0.5743332938137559,
Paul Sosa,45,,1,,,1,1,0.9817791868848944,-0.22794309895159623,High Value Satisfied Customers
Paul Strong,60,,2,23.0,,2,5,5.137382647803806,1.064158094367489,
Paul Sullivan,34,,1,18.0,,1,1,0.9942034080088085,0.16627368972085604,High Value Satisfied Customers
Paul Underwood,18,,1,1.0,,0,4,-0.5338037815278657,-1.6737424269238794,
Paul Walker,42,,1,,,0,4,-0.5472689810776618,-0.010332851047766755,
Paul Watts,28,,1,,,0,4,-0.5361089715262347,-0.3692422237170325,
Paul Williams,53,,1,18.0,,0,0,-0.5523819178202759,0.9478843803906746,Low Engagement Customers
Paula Allen,60,,1,7.0,,0,3,-0.5639937322105619,0.01158100013382028,
Paula Anderson,30,,1,5.0,,0,4,-0.5411761186861275,-0.9603756157455261,
Paula Davis,50,,1,,,1,1,0.9777934691879562,-0.09976118014114416,High Value Satisfied Customers
Paula Huber,49,5.0,1,22.0,5.0,1,2,0.7165818882002476,-0.9971739017437941,Frequent Support Users
Paula Johnson,33,,1,,,0,4,-0.5400946892231729,-0.24106030490658048,
Paula Miller,60,,1,7.0,,0,3,-0.5639937322105619,0.01158100013382028,
Paula Price,62,3.0,1,8.0,15.0,1,1,1.133414538550821,0.39352288992881007,High Value Satisfied Customers
Paula Simon,20,,1,17.0,,1,1,1.004815071231638,-0.2940682344567269,High Value Satisfied Customers
Paula Vasquez,36,,1,,,1,1,0.9889534787393832,-0.45867055281041,High Value Satisfied Customers
Paula Vazquez,61,5.0,1,12.0,4.0,1,2,0.6597790492089104,-1.8348018041700276,Frequent Support Users
Paula Walker,24,,1,,,1,1,0.998519201212035,-0.766307157955495,High Value Satisfied Customers
Paula Wood,47,,1,,,1,1,0.9801848998061191,-0.17667033142741542,High Value Satisfied Customers
Pedro Adams,39,,1,,,1,1,0.9865620481212203,-0.38176140152413873,High Value Satisfied Customers
Pedro Bird,37,,1,7.0,,0,4,-0.545659430804646,-0.5780558263942593,
Pedro Rojas,27,,1,8.0,,0,4,-0.537139649082172,-0.7329871125068464,
Peggy Clark,54,,1,10.0,,0,3,-0.5575658319884436,0.1620603520862288,
Peggy Miller,49,,1,15.0,,0,0,-0.5508383826485178,0.541041190817362,Low Engagement Customers
Penny Maxwell,49,5.0,1,17.0,18.0,0,6,-0.27480194999822377,0.4923896422506477,
Penny Sanchez,28,,1,16.0,,0,4,-0.5335500219927797,0.10410968332178021,
Perry King,53,4.0,1,8.0,20.0,0,6,-0.19075041832979414,0.5279649982006451,
Peter Anderson,32,,1,7.0,,0,4,-0.5416737131077077,-0.7062377452047114,
Peter Byrd,46,,1,,,1,1,0.9809820433455068,-0.20230671518950583,High Value Satisfied Customers
Peter Campbell,21,2.0,1,21.0,15.0,0,0,-0.34954575632530027,1.5396185239815179,Low Engagement Customers
Peter Chandler,69,1.0,1,17.0,1.0,0,0,-0.9658852604703061,1.1153336431947083,Low Engagement Customers
Peter Flowers,52,,1,17.0,,0,0,-0.5521331206094857,0.8208154451202672,Low Engagement Customers
Peter Hinton,57,4.0,1,13.0,14.0,0,6,-0.4417191802406197,0.35203933586170294,
Peter Martin,56,,1,,,0,3,-0.5584289906290888,0.3485765216214991,
Peter Richardson,26,,1,,,0,4,-0.5345146844474594,-0.42051499124121344,
Peter Robles,19,,1,,,0,4,-0.5289346796717459,-0.5999696775758463,
Peter Watts,54,,1,,,0,3,-0.5568347035503135,0.29730375409731824,
Philip Carter,31,,1,12.0,,0,4,-0.5381348379253327,-0.2247113714252167,
Philip Davis,36,3.0,1,21.0,2.0,0,0,-0.9129683177592871,-0.362087421433245,Low Engagement Customers
Philip Harris,32,,1,16.0,,1,1,0.9947010024303887,-0.08786418081995892,High Value Satisfied Customers
Philip Jordan,50,,1,,,0,3,-0.5536461293927629,0.19475821904895657,
Philip Randall,56,1.0,1,21.0,17.0,0,7,-0.2852705574205103,3.2828147401311716,
Philip Rivera,25,,1,16.0,,1,1,1.0002810072061021,-0.2673188671545918,High Value Satisfied Customers
Philip Young,39,3.0,1,10.0,1.0,0,2,-0.9631452112247328,-1.531875329226609,Frequent Support Users
Phillip Barnett,33,,1,18.0,,0,0,-0.536439047032523,0.43515670514886634,Low Engagement Customers
Phillip Barry,55,,1,,,0,3,-0.5576318470897011,0.32294013785940867,
Phillip Clark,25,,1,6.0,,0,4,-0.5366420546605918,-0.9871249830476612,
Phillip Cole,60,,1,16.0,,1,1,0.9723809833275346,0.6299545645185728,High Value Satisfied Customers
Phillip Curry,61,2.0,1,23.0,17.0,0,7,-0.29682749877819037,3.029816962458065,
Phillip Gaines,33,3.0,1,3.0,6.0,0,4,-0.7534325081250375,-1.7410265299166299,
Phillip Good,34,,1,0.0,,0,4,-0.5471064244866656,-1.3649928382387495,
Phillip Griffin,29,2.0,1,9.0,11.0,1,1,1.001921925066306,-0.2907563931642566,High Value Satisfied Customers
Phillip Harris,41,,1,,,0,4,-0.5464718375382741,-0.03596923480985717,
Phillip Jackson,22,5.0,1,6.0,8.0,1,2,0.8545921822042852,-2.9194601099888637,Frequent Support Users
Phillip Morse DVM,52,,1,,,0,3,-0.5552404164715382,0.2460309865731374,
Phillip Perry,69,2.0,1,8.0,2.0,1,1,0.5937049580678091,-0.5451845265822906,High Value Satisfied Customers
Phillip Pruitt,59,2.0,1,12.0,10.0,1,1,0.9378990046377588,0.6516937817352589,High Value Satisfied Customers
Phillip Robinson,47,,1,18.0,,0,0,-0.54759905658395,0.7940660778181321,Low Engagement Customers
Phillip Roman,19,4.0,1,19.0,16.0,0,6,-0.32463034130688334,0.24833004692846555,
Phillip Rose,51,1.0,1,0.0,10.0,0,3,-0.5850756852530923,0.10797629222902462,
Phillip Sharp,44,4.0,1,4.0,1.0,1,2,0.5523506753695261,-2.890852918156353,Frequent Support Users
Phyllis Gomez,43,,1,17.0,,1,1,0.9864807698257222,0.2955685920713526,High Value Satisfied Customers
Phyllis Jordan,52,,1,18.0,,1,1,0.9798548242998308,0.6277285974384835,High Value Satisfied Customers
Phyllis Mcclain,21,,1,4.0,,0,4,-0.5345501731602362,-1.2925356211126569,
Priscilla Bowers,31,3.0,1,9.0,8.0,0,4,-0.6650408366092564,-0.9218260034146122,
Rachael Adams,41,,1,20.0,,0,0,-0.5417195026904291,0.8431128782622237,Low Engagement Customers
Rachael Carpenter,34,5.0,1,8.0,6.0,0,2,-0.7688237526573113,-2.3763169876133396,Frequent Support Users
Rachael Hutchinson,60,5.0,1,18.0,18.0,0,6,-0.28302218260289036,0.8758224151419592,
Rachael Walker,18,,1,,,0,4,-0.5281375361323583,-0.6256060613379367,
Rachael Waller,38,,1,10.0,,1,1,0.9866280632224779,-0.5426411872973186,High Value Satisfied Customers
Rachel Ballard,49,4.0,1,15.0,11.0,0,0,-0.5595062989664547,-0.043003608682830874,Low Engagement Customers
Rachel Brown,49,,1,15.0,,0,0,-0.5508383826485178,0.541041190817362,Low Engagement Customers
Rachel Bullock,40,,1,5.0,,0,4,-0.5491475540800039,-0.7040117781246221,
Rachel Carr,55,,1,6.0,,0,3,-0.5605563608422212,-0.21803347018494884,
Rachel Chandler,22,,1,,,0,4,-0.5313261102899088,-0.523060526289575,
Rachel Cooper,53,,1,19.0,,1,1,0.9796060270890407,0.7547975327088908,High Value Satisfied Customers
Rachel Garrett,57,1.0,1,12.0,8.0,0,3,-0.666785697011669,1.2171072279250752,
Rachel Garza,29,,1,9.0,,1,1,0.9932540087483692,-0.8748011926644493,High Value Satisfied Customers
Rachel Gibson,38,,1,,,1,1,0.9873591916606079,-0.40739778528622916,High Value Satisfied Customers
Rachel Hart,29,,1,,,1,1,0.9945334835150967,-0.6381252391450428,High Value Satisfied Customers
Rachel James,40,,1,14.0,,0,4,-0.5442124371226265,0.2088811854502311,
Rachel Jones,67,,1,13.0,,1,1,0.9651559395660286,0.5051115963282546,High Value Satisfied Customers
Rachel Love,33,3.0,1,10.0,8.0,0,4,-0.6660867773594341,-0.7691206843821143,
Rachel Massey,36,5.0,1,15.0,18.0,1,6,1.2659038219373397,-0.33826784886326255,
Rachel Miller,40,,1,,,0,4,-0.5456746939988865,-0.06160561857194756,
Rachel Moore,50,5.0,1,7.0,7.0,0,2,-0.7403727423834008,-1.936628406440062,Frequent Support Users
Rachel Mullen,32,,1,,,0,4,-0.5392975456837853,-0.2666966886686709,
Rachel Pacheco,61,,1,,,1,1,0.9690248902546921,0.18223904124185047,High Value Satisfied Customers
Rachel Peterson,56,,1,12.0,,0,3,-0.5580634264100238,0.41619822262704376,
Rachel Rivera,25,,1,21.0,,0,0,-0.5284168597316293,0.5343632895770941,Low Engagement Customers
Rachel Sanchez,33,,1,4.0,,0,4,-0.544115895632888,-0.9848990159675719,
Rachel Silva,18,,1,2.0,,0,4,-0.5332554351992682,-1.5723098754155622,
Rachel Welch,52,4.0,1,20.0,17.0,0,6,-0.30863407854536773,1.3267022550739145,
Rachel Wilson,40,,1,,,1,1,0.9857649045818326,-0.3561250177620483,High Value Satisfied Customers
Rachel Wright,32,,1,,,1,1,0.9921420528969338,-0.5612160878587716,High Value Satisfied Customers
Rachel Young,49,5.0,1,7.0,16.0,1,6,1.1676468788310994,-1.0783332569989197,
Ralph Figueroa,46,,1,12.0,,0,3,-0.5500919910161474,0.15983438500613956,
Ralph Gonzalez,31,,1,,,0,4,-0.5385004021443976,-0.29233307243076134,
Randall Barton,29,,1,,,0,4,-0.5369061150656224,-0.34360583995494215,
Randall Brown,20,,1,,,1,1,1.0017077753695856,-0.8688526930038566,High Value Satisfied Customers
Randall Lester,64,2.0,1,19.0,22.0,0,7,-0.09264404854719123,3.355690870151809,
Randall Nunez,33,,1,4.0,,0,4,-0.544115895632888,-0.9848990159675719,
Randall Robertson,46,3.0,1,15.0,10.0,1,1,0.9412389933176538,0.03867364785284172,High Value Satisfied Customers
Randall Stuart,63,,1,,,1,1,0.9674306031759168,0.23351180876603134,High Value Satisfied Customers
Randall Townsend,32,,1,,,0,4,-0.5392975456837853,-0.2666966886686709,
Randy Adams,53,,1,15.0,,0,0,-0.5540269568060684,0.6435867258657235,Low Engagement Customers
Randy Campbell,56,,1,,,1,1,0.9730106079516303,0.054057122431398374,High Value Satisfied Customers
Randy Clements,42,2.0,1,11.0,11.0,1,1,0.9926557517114617,0.24538169875955285,High Value Satisfied Customers
Randy Holmes,55,,1,10.0,,0,3,-0.5583629755278312,0.18769673584831922,
Randy Ingram,35,3.0,1,7.0,6.0,0,4,-0.7528334098894227,-1.284023556359181,
Randy Jacobson,70,,1,9.0,,1,1,0.9605711236334757,0.17629054158125768,High Value Satisfied Customers
Randy Perez,49,,1,19.0,,0,0,-0.5486449973341279,0.9467713968506299,Low Engagement Customers
Randy Vaughn,18,3.0,1,15.0,3.0,0,4,-0.8601561587891839,-1.3011986457126263,
Randy Walker,33,,1,6.0,,0,4,-0.543019202975693,-0.782033912950938,
Raven Hodges,59,,1,,,1,1,0.9706191773334674,0.1309662737176696,High Value Satisfied Customers
Ray Walton,64,,1,10.0,,0,3,-0.56553726738232,0.41842418970713297,
Raymond Ball,27,,1,14.0,,1,1,0.997590027470132,-0.418911202647045,High Value Satisfied Customers
Raymond Bradley,54,3.0,1,2.0,17.0,1,1,1.2200089153597578,-0.15828550424151916,High Value Satisfied Customers
Raymond Cook,23,,1,11.0,,0,4,-0.532306035938829,-0.531234993030257,
Raymond Dickerson,41,1.0,1,0.0,22.0,0,7,-0.07606041106669094,1.4228803644658987,
Raymond Hernandez,53,2.0,1,13.0,4.0,1,1,0.6927082928064197,-0.1863259242578557,High Value Satisfied Customers
Raymond Hughes,28,,1,9.0,,0,4,-0.5373884462929622,-0.6059181772364389,
Raymond Mitchell,60,,1,,,0,3,-0.5616175647866394,0.45112205666986077,
Raymond Neal,70,,1,,,0,3,-0.5695890001805158,0.7074858942907649,
Raymond Oconnor,68,3.0,1,10.0,10.0,0,3,-0.610479494772581,0.3900307322673465,
Raymond Robinson,69,,1,21.0,,0,0,-0.5634911754646857,1.6623641751090725,Low Engagement Customers
Raymond Sanchez,49,,1,,,0,3,-0.5528489858533753,0.16912183528686617,
Rebecca Adams,68,5.0,1,22.0,2.0,1,2,0.5761752012537511,-0.9028995877285207,Frequent Support Users
Rebecca Barber,38,2.0,1,19.0,11.0,0,0,-0.5312085020829268,1.2488159749678283,Low Engagement Customers
Rebecca Barnes,48,4.0,1,20.0,14.0,0,0,-0.43070646408594837,0.8313397425611084,Low Engagement Customers
Rebecca Bernard,44,,1,,,0,3,-0.548863268156437,0.04093991647641409,
Rebecca Brown,26,2.0,1,22.0,7.0,1,1,0.8444272450253948,0.4272016552050007,High Value Satisfied Customers
Rebecca Bryant,61,,1,6.0,,0,3,-0.565339222078547,-0.06421516761240632,
Rebecca Castro,61,,1,,,1,1,0.9690248902546921,0.18223904124185047,High Value Satisfied Customers
Rebecca Choi,58,1.0,1,4.0,15.0,0,7,-0.37969403855086387,1.3478561470376667,
Rebecca Clay,37,,1,,,0,4,-0.5432832633807235,-0.13851476985821884,
Rebecca Cole,54,,1,,,0,3,-0.5568347035503135,0.29730375409731824,
Rebecca Collins,42,1.0,2,5.0,16.0,0,5,2.305085899236016,1.188740619321483,
Rebecca Cruz,55,,1,,,1,1,0.973807751491018,0.028420738669307916,High Value Satisfied Customers
Rebecca Daniels,66,,1,,,0,3,-0.5664004260229653,0.6049403592424033,
Rebecca Dixon,42,,1,4.0,,1,1,0.9801494110933423,-1.048690961298859,High Value Satisfied Customers
Rebecca Fields,49,,1,,,0,3,-0.5528489858533753,0.16912183528686617,
Rebecca Figueroa,27,,1,,,1,1,0.996127770593872,-0.6893980066692237,High Value Satisfied Customers
Rebecca Fleming,53,,1,,,0,3,-0.5560375600109259,0.2716673703352278,
Rebecca Garcia,29,,2,2.0,,1,5,3.6191392260435555,-1.5661339847418707,
Rebecca Gibbs,60,,1,3.0,,0,3,-0.5661871175249519,-0.39414920589944785,
Rebecca Gilmore,68,,1,12.0,,0,3,-0.5676291488826756,0.7238348277721287,
Rebecca Green,28,,1,11.0,,0,4,-0.5362917536357672,-0.4030530742198049,
Rebecca Greene,53,3.0,1,14.0,9.0,0,3,-0.6380826096000867,0.2802761893811102,
Rebecca Gutierrez,52,5.0,1,5.0,8.0,0,2,-0.7013100688866607,-1.9572817494443673,Frequent Support Users
Rebecca Hall,26,2.0,1,7.0,2.0,1,1,0.6274337839328804,-1.7489815798604955,High Value Satisfied Customers
Rebecca Harper,46,1.0,1,11.0,1.0,0,3,-0.9508410370359752,-0.08289849238327361,
Rebecca Hodge,52,,1,,,0,3,-0.5552404164715382,0.2460309865731374,
Rebecca Howard,44,,1,,,0,3,-0.548863268156437,0.04093991647641409,
Rebecca Hudson,62,,1,21.0,,0,0,-0.5579111706889722,1.4829094887744396,Low Engagement Customers
Rebecca Lamb,43,,1,19.0,,1,1,0.9875774624829171,0.4984336950879867,High Value Satisfied Customers
Rebecca Martin,65,,1,,,0,3,-0.5656032824835776,0.5793039754803129,
Rebecca Mcdaniel,61,4.0,1,7.0,23.0,0,6,-0.07241495327536158,1.024440494253496,
Rebecca Mendez,44,,1,13.0,,0,3,-0.5479493576087745,0.20999416899027573,
Rebecca Nelson,40,1.0,1,8.0,13.0,1,1,1.084780222587802,0.73573406118691,High Value Satisfied Customers
Rebecca Nielsen,19,,1,,,0,4,-0.5289346796717459,-0.5999696775758463,
Rebecca Patton,24,5.0,1,19.0,21.0,0,6,-0.12851570915820634,0.44716212867946553,
Rebecca Phillips,58,,1,6.0,,1,1,0.968491807120335,-0.4356437180887784,High Value Satisfied Customers
Rebecca Robinson,29,,1,12.0,,0,4,-0.5365405508465574,-0.2759841389493975,
Rebecca Rodriguez,56,,1,16.0,,0,0,-0.5558700410956339,0.8219284286603119,Low Engagement Customers
Rebecca Salas,62,2.0,1,8.0,3.0,1,1,0.6410386160762329,-0.5937002204287751,High Value Satisfied Customers
Rebecca Schmidt,26,,1,,,0,4,-0.5345146844474594,-0.42051499124121344,
Rebecca Simmons,31,,1,,,0,4,-0.5385004021443976,-0.29233307243076134,
Rebecca Skinner,63,,1,17.0,,0,0,-0.5609016995427498,1.102815666503262,Low Engagement Customers
Rebecca Smith,69,2.5,4,16.0,21.5,1,5,9.29712493336158,2.5836490446954317,
Rebecca Stephens,29,,1,,,0,4,-0.5369061150656224,-0.34360583995494215,
Rebecca Stokes,40,,1,3.0,,1,1,0.9811953518435201,-1.201396280331357,High Value Satisfied Customers
Rebecca Wang,48,3.0,1,9.0,3.0,1,1,0.6440790556383207,-1.4352218410899167,High Value Satisfied Customers
Rebecca White,66,,1,13.0,,0,3,-0.5654865154753028,0.7739946117562649,
Rebecca Wood,32,3.0,1,14.0,18.0,0,7,-0.24555971617855252,0.920363062770545,
Rebekah Lee,59,,1,,,0,3,-0.5608204212472517,0.42548567290777034,
Rebekah Price,27,2.0,1,3.0,6.0,0,4,-0.7399817305707748,-1.3108000329889797,
Rebekah Shaw,28,,1,22.0,,0,0,-0.5302599440211947,0.7127049923716824,Low Engagement Customers
Regina Armstrong,32,,1,,,0,4,-0.5392975456837853,-0.2666966886686709,
Regina Castillo,70,,1,3.0,,0,3,-0.5741585529188283,-0.1377853682785438,
Regina Copeland,31,,1,5.0,,1,1,0.989466336355204,-1.2292586311735365,High Value Satisfied Customers
Regina Espinoza,53,,1,,,0,3,-0.5560375600109259,0.2716673703352278,
Regina Murray,42,,1,13.0,,0,4,-0.5463550705299992,0.1587214014660949,
Regina Pacheco,34,5.0,1,11.0,18.0,0,6,-0.266134874878994,-0.5007514232306108,
Regina Torres,60,,1,3.0,,0,3,-0.5661871175249519,-0.39414920589944785,
Regina Vincent,33,,1,23.0,,0,0,-0.5336973153895355,0.9423194626904514,Low Engagement Customers
Reginald Diaz,50,,1,7.0,,0,3,-0.5560222968166855,-0.2447828374870839,
Reginald Kaiser,37,2.0,1,19.0,19.0,0,7,-0.19638213268185603,2.270691531110923,
Reginald Rice MD,47,,1,,,0,3,-0.5512546987746,0.11784906776268533,
Reginald Rodriguez,22,3.0,1,4.0,9.0,0,4,-0.6188546231650447,-1.528777222326863,
Reginald Shepard,46,5.0,1,14.0,10.0,0,2,-0.6080847842275364,-0.9363291034657601,Frequent Support Users
Reginald Trevino,53,3.0,1,8.0,11.0,0,3,-0.5578653811062508,-0.06644113469249564,
Renee Brown,64,,1,23.0,,0,0,-0.5584087651105525,1.7370473593152544,Low Engagement Customers
Renee Carey,38,5.0,1,21.0,20.0,0,6,-0.18033267928514882,0.8779976118772175,
Renee Castro,49,2.0,1,16.0,2.0,0,0,-0.9174049990963771,0.048067609432537996,Low Engagement Customers
Renee Crawford,47,5.0,1,12.0,3.0,1,2,0.6291854055276271,-2.324650169327442,Frequent Support Users
Renee Gonzalez,20,3.0,1,20.0,17.0,1,1,1.2569820296136929,0.7958633749971133,High Value Satisfied Customers
Renee Henry,35,,1,19.0,,0,0,-0.5374849877827007,0.5878620241813641,Low Engagement Customers
Renee Hopkins,67,,1,23.0,,0,0,-0.5608001957287154,1.8139565106015256,Low Engagement Customers
Renee Lynch,49,1.0,1,20.0,11.0,1,1,1.0006787802110624,1.9217741481692319,High Value Satisfied Customers
Renee Parks,44,1.0,1,11.0,8.0,0,3,-0.6569711773282271,0.7824016875095827,
Renee Roberts,58,,1,,,0,3,-0.5600232777078641,0.3998492891456799,
Renee White,42,,2,11.0,,0,5,2.082271878408175,-0.02544863306974145,
Renee Wilkerson,64,,1,,,1,1,0.9666334596365291,0.25914819252812166,High Value Satisfied Customers
Rhonda Austin,37,,1,10.0,,0,4,-0.5440143918188535,-0.27375817186930823,
Rhonda Cook,40,,1,6.0,,1,1,0.9828403908293126,-0.8970986258064059,High Value Satisfied Customers
Rhonda Edwards,59,4.0,1,21.0,0.0,0,2,-1.0234778419485606,-0.6183733793816545,Frequent Support Users
Rhonda Ellis,69,2.0,1,22.0,5.0,0,0,-0.8047968322144138,1.5622075711886934,Low Engagement Customers
Rhonda Fox,30,1.0,1,1.0,12.0,0,4,-0.48428001813193344,-0.06707723029026082,
Rhonda Gates,28,4.0,1,22.0,2.0,0,2,-0.9147107394335252,-1.049790739521844,Frequent Support Users
Rhonda Gomez,66,2.0,1,8.0,10.0,0,3,-0.6013139840330638,0.7199376612267243,
Rhonda Gray,47,,1,21.0,,0,0,-0.5459540175981575,1.0983637323430833,Low Engagement Customers
Rhonda Green,59,,1,5.0,,0,3,-0.5642932813283692,-0.2169204866449042,
Rhonda Harvey,57,3.0,1,4.0,9.0,0,3,-0.6467546470436123,-0.6315037906536983,
Rhonda Hurley,60,,1,0.0,,0,3,-0.5678321565107444,-0.6984468604243989,
Rhonda Welch,59,,1,3.0,,0,3,-0.5653899739855642,-0.4197855896615383,
Rhonda White,61,4.0,1,4.0,23.0,0,6,-0.07405999226115413,0.7201428397285449,
Ricardo Alexander,65,,1,16.0,,0,3,-0.5630443329501227,1.0526558825191257,
Ricardo Gonzalez,43,,1,,,1,1,0.9833734739636697,-0.27921586647577706,High Value Satisfied Customers
Ricardo Martin,55,,1,,,1,1,0.973807751491018,0.028420738669307916,High Value Satisfied Customers
Richard Arnold,49,,1,3.0,,0,3,-0.5574185385916878,-0.6761494272824424,
Richard Bell,66,,1,,,0,3,-0.5664004260229653,0.6049403592424033,
Richard Black,41,1.0,1,8.0,18.0,0,7,-0.23868825336875263,1.7105848065798421,
Richard Blevins,25,1.0,1,7.0,13.0,1,1,1.0961890293500192,0.2497557532472367,High Value Satisfied Customers
Richard Bridges,59,,1,8.0,,1,1,0.9687913562381423,-0.20714223131005388,High Value Satisfied Customers
Richard Brown,64,,1,,,0,3,-0.56480613894419,0.5536675917182224,
Richard Butler,38,4.0,1,8.0,9.0,0,2,-0.6380834507987938,-1.296909675600341,Frequent Support Users
Richard Chandler,40,,1,5.0,,0,4,-0.5491475540800039,-0.7040117781246221,
Richard Church,27,,1,16.0,,0,4,-0.532752878453392,0.07847329955968978,
Richard Clark,44,3.0,1,21.0,14.0,0,0,-0.41830162728186343,1.4142715585212564,Low Engagement Customers
Richard Cole,67,,1,18.0,,0,0,-0.5635419273717029,1.3067937530599405,Low Engagement Customers
Richard Compton,24,1.0,1,1.0,21.0,0,7,-0.10371427780121391,0.9575553995305303,
Richard Contreras,25,3.0,1,4.0,0.0,0,2,-0.9970289328776012,-2.6303190034339248,Frequent Support Users
Richard Conway,30,,1,14.0,,0,4,-0.53624100172875,-0.04748265217067302,
Richard Crawford,43,,1,,,0,4,-0.5480661246170494,0.015303532714323676,
Richard Cunningham,18,,1,,,1,1,1.0033020624483606,-0.9201254605280375,High Value Satisfied Customers
Richard Elliott,55,4.0,1,3.0,12.0,0,3,-0.5291156629132401,-0.9754369317219445,
Richard Ferguson,19,2.0,1,22.0,15.0,0,0,-0.34740312291792746,1.589778307965654,Low Engagement Customers
Richard Fitzpatrick MD,50,,1,,,1,1,0.9777934691879562,-0.09976118014114416,High Value Satisfied Customers
Richard Fleming,50,,1,9.0,,0,3,-0.5549256041594904,-0.0419177344704499,
Richard Floyd,29,,1,,,1,1,0.9945334835150967,-0.6381252391450428,High Value Satisfied Customers
Richard Flynn,31,5.0,1,8.0,18.0,1,6,1.2660511153340954,-1.176477628231934,
Richard Ford,69,4.0,1,5.0,0.0,1,2,0.49121677998072205,-2.2794497650839234,Frequent Support Users
Richard Garcia,23,,1,,,0,4,-0.5321232538292965,-0.4974241425274846,
Richard Gates,29,,1,,,0,4,-0.5369061150656224,-0.34360583995494215,
Richard Gross,70,,1,0.0,,0,3,-0.5758035919046208,-0.4420830228034948,
Richard Hendricks,64,,1,,,0,3,-0.56480613894419,0.5536675917182224,
Richard Herman,24,1.0,1,14.0,3.0,1,1,0.6832880648624854,-0.3752426948381163,High Value Satisfied Customers
Richard Howard,65,1.0,1,3.0,5.0,0,3,-0.8033589219822789,0.11648835698250071,
Richard Hunter,57,,1,19.0,,1,1,0.9764174529314901,0.8573430677572527,High Value Satisfied Customers
Richard James,36,4.0,1,1.0,16.0,0,6,-0.3480520153912283,-1.1416373562657038,
Richard Jennings,21,,1,14.0,,0,4,-0.5290667098742612,-0.27821010602948676,
Richard Johnson,66,,2,1.0,,1,5,3.5890965687576153,-0.7190203370528424,
Richard Jordan,41,,2,6.0,,0,5,2.080327290304575,-0.558247774373417,
Richard Joseph,62,,1,9.0,,0,3,-0.5644913266321422,0.2657188706746351,
Richard Keller,32,,1,17.0,,0,0,-0.5361902498217328,0.3080877698784589,Low Engagement Customers
Richard Lara,67,,1,3.0,,1,1,0.9596724762800537,-0.5092139187549156,High Value Satisfied Customers
Richard Leonard,69,4.0,1,23.0,3.0,0,0,-0.9050916249871108,0.23367253872032828,Low Engagement Customers
Richard Mccarthy,59,2.0,1,6.0,15.0,0,3,-0.3880624057509934,0.9923128343161983,
Richard Mcdonald,37,,1,15.0,,0,0,-0.5412726601758661,0.23340458567227684,Low Engagement Customers
Richard Mullen,67,,1,,,1,1,0.9642420290183662,0.33605734381439295,High Value Satisfied Customers
Richard Nichols,60,2.0,1,21.0,22.0,0,7,-0.08835878173244562,3.4560104381200816,
Richard Obrien,29,,1,1.0,,0,4,-0.5425723604611299,-1.3917422055408848,
Richard Price,43,,1,17.0,,0,0,-0.5449588287549969,0.5900879912614534,Low Engagement Customers
Richard Rodriguez,41,,1,,,0,4,-0.5464718375382741,-0.03596923480985717,
Richard Salas,25,,1,9.0,,0,4,-0.5349970156747993,-0.6828273285227102,
Richard Sharp,69,,2,21.5,,2,5,5.12938583645642,1.1427367209638273,
Richard Smith,34,,3,11.666666666666666,,1,5,6.25017783111843,-0.43874233287022313,
Richard Stephens,70,,1,19.0,,0,0,-0.5653850116612684,1.4851354558545287,Low Engagement Customers
Richard Stevenson,51,,1,5.0,,0,3,-0.557916133013268,-0.42201155674162755,
Richard Summers,49,4.0,1,14.0,16.0,0,6,-0.35128637913150024,0.5102588022495931,
Richard Vasquez,28,2.0,1,14.0,17.0,1,7,1.2559827196449436,0.9764039355441272,
Richard Walker,43,,1,11.0,,0,4,-0.5482489067265819,-0.018507317788448736,
Richard Wallace,21,,1,,,1,1,1.0009106318301977,-0.8432163092417662,High Value Satisfied Customers
Richard Webster,26,,1,11.0,,1,1,0.9967421320237272,-0.7488452409340866,High Value Satisfied Customers
Richard White,37,,1,,,0,4,-0.5432832633807235,-0.13851476985821884,
Richard Williams,48,,1,,,0,3,-0.5520518423139876,0.14348545152477576,
Richard Wright,47,4.0,1,2.0,10.0,1,1,0.9246454311885618,-1.838357937493382,High Value Satisfied Customers
Richard Wyatt,44,5.0,1,20.0,1.0,1,2,0.5524563003091493,-1.851976893523473,Frequent Support Users
Richard Young,64,,1,,,0,3,-0.56480613894419,0.5536675917182224,
Rick Evans,52,,1,,,0,3,-0.5552404164715382,0.2460309865731374,
Rick Stephens,24,,1,16.0,,0,4,-0.5303614478352291,0.0015641482734184402,
Rickey Hoover,52,3.0,1,14.0,20.0,0,7,-0.17799528050088467,1.6949687229886496,
Rickey Kirby,31,,1,6.0,,0,4,-0.5414249158969177,-0.8333066804751189,
Ricky Bryan DDS,62,4.0,1,20.0,6.0,1,1,0.7555438990816604,-0.1517822238649119,High Value Satisfied Customers
Ricky Carter,54,,1,,,1,1,0.9746048950304056,0.002784354907217513,High Value Satisfied Customers
Ricky Garner,62,,1,0.0,,0,3,-0.5694264435895197,-0.6471740929002181,
Ricky Gibson,22,,1,22.0,,0,0,-0.5254770827848688,0.55888668979914,Low Engagement Customers
Ricky Green,25,3.0,1,4.0,13.0,0,4,-0.45423144085236605,-0.9281121010879989,
Ricky Guzman,65,3.0,1,23.0,0.0,0,0,-1.0184960942097547,0.3223548257077148,Low Engagement Customers
Ricky Herrera,66,,1,,,1,1,0.9650391725577538,0.3104209600523025,High Value Satisfied Customers
Ricky Miller,37,,1,0.0,,0,4,-0.5494978551048285,-1.2880836869524783,
Ricky Rangel,49,,1,1.0,,1,1,0.9729243673318363,-1.1735339294891773,High Value Satisfied Customers
Ricky Rice,56,,1,,,0,3,-0.5584289906290888,0.3485765216214991,
Ricky Robinson,63,,1,,,0,3,-0.5640089954048023,0.5280312079561321,
Ricky Rodriguez,52,2.0,1,6.0,14.0,1,1,1.1072035443727288,0.3873997563033164,High Value Satisfied Customers
Riley Hobbs,30,3.0,1,2.0,22.0,1,7,1.4479086264686134,-0.11886375209094815,
Riley Reed,56,4.0,1,12.0,5.0,0,2,-0.8172532621242231,-0.9534805318020381,Frequent Support Users
Rita Hughes,27,1.0,1,5.0,21.0,1,7,1.4275272754757322,1.145675357659969,
Rita Miller,38,5.0,1,17.0,19.0,1,6,1.3071598807484697,0.04680901416570038,
Rita Weiss,61,,1,22.0,,0,0,-0.5565656808209871,1.5587056565206663,Low Engagement Customers
Robert Acevedo,22,,1,20.0,,1,1,1.0048658231386551,0.06150218759240511,High Value Satisfied Customers
Robert Adams,61,5.0,1,3.0,4.0,0,2,-0.8765956663291861,-2.45317536855478,Frequent Support Users
Robert Allison,25,,1,14.0,,0,4,-0.5322552840318118,-0.1756645709811251,
Robert Anderson,67,4.0,1,0.0,4.0,0,2,-0.8743556502333676,-2.0196099210069955,Frequent Support Users
Robert Arnold,19,3.0,1,16.0,3.0,1,1,0.671034642580745,-1.4686491096323198,High Value Satisfied Customers
Robert Atkins,45,,1,13.0,,0,3,-0.5487465011481623,0.23563055275236616,
Robert Barnes,53,3.0,2,10.0,22.0,0,5,2.532245138706128,1.595447954174566,
Robert Bell,44,,1,,,0,3,-0.548863268156437,0.04093991647641409,
Robert Black,29,4.0,2,13.0,10.0,0,5,2.0433098675267622,-0.8708403109486237,
Robert Boyle,58,,1,2.0,,0,3,-0.565141176774774,-0.5468545249319456,
Robert Bradley,29,2.0,1,7.0,15.0,0,4,-0.36359975324076643,0.3246538729618028,
Robert Braun,18,1.0,1,18.0,18.0,1,7,1.3165691099038572,1.8407540959448319,
Robert Brewer,26,,1,,,0,4,-0.5345146844474594,-0.42051499124121344,
Robert Brown,51,,1,2.0,,0,3,-0.5595611719990605,-0.7263092112665785,
Robert Bryant,28,,1,,,0,4,-0.5361089715262347,-0.3692422237170325,
Robert Bullock,28,,1,7.0,,1,1,0.9929544596305618,-1.1033026794431737,High Value Satisfied Customers
Robert Butler,35,1.0,1,7.0,8.0,1,1,0.8794493277925908,-0.14857537157259998,High Value Satisfied Customers
Robert Cabrera,65,,1,,,0,3,-0.5656032824835776,0.5793039754803129,
Robert Calhoun,63,5.0,1,6.0,14.0,0,6,-0.4590083820950649,-0.7882150216241665,
Robert Cardenas,28,,1,,,0,4,-0.5361089715262347,-0.3692422237170325,
Robert Carroll,50,5.0,1,1.0,15.0,0,6,-0.4096335944933026,-1.4977117755847789,
Robert Carter,25,5.0,1,8.0,7.0,0,2,-0.7198958075701121,-2.4761054489840055,Frequent Support Users
Robert Chang,22,,1,,,0,4,-0.5313261102899088,-0.523060526289575,
Robert Charles,60,,1,,,0,3,-0.5616175647866394,0.45112205666986077,
Robert Cobb,41,,1,0.0,,1,1,0.97875316931834,-1.4800575510942175,High Value Satisfied Customers
Robert Cole,52,3.0,1,10.0,17.0,0,3,-0.3054496255134059,0.896421539490937,
Robert Coleman,69,,1,1.0,,0,3,-0.5744581020366357,-0.36628685505726816,
Robert Collins,35,,1,,,0,4,-0.5416889763019482,-0.18978753738239967,
Robert Cunningham,65,,1,,,0,3,-0.5656032824835776,0.5793039754803129,
Robert Downs,42,,1,,,0,4,-0.5472689810776618,-0.010332851047766755,
Robert Duffy,62,1.0,1,16.0,13.0,0,7,-0.45980976323066525,2.4057143152095364,
Robert Edwards,57,,1,,,1,1,0.9722134644122427,0.0796935061934888,High Value Satisfied Customers
Robert Farley,64,2.0,2,13.0,21.0,1,5,4.023475460424601,2.3403322379044553,
Robert Fisher,68,4.0,1,12.0,21.0,1,6,1.3726790657072105,1.154660553963317,
Robert Flores,25,,1,,,0,4,-0.5337175409080718,-0.4461513750033039,
Robert Frank,40,4.0,1,5.0,6.0,0,2,-0.7665837365614928,-1.9427515400655555,Frequent Support Users
Robert Fuller,40,,1,11.0,,0,4,-0.545857476108419,-0.09541646907472,
Robert Garrett,28,1.0,1,3.0,2.0,1,1,0.6323140278576519,-1.51939421886939,High Value Satisfied Customers
Robert Gilbert IV,42,,1,0.0,,0,4,-0.5534835728017667,-1.1599017681420263,
Robert Gonzalez,58,3.0,1,21.0,0.0,0,0,-1.0140127820912361,-0.0599649636435521,Low Engagement Customers
Robert Greer,66,,1,17.0,,0,3,-0.5632931301609128,1.1797248177895332,
Robert Gross,37,5.0,1,11.0,2.0,0,2,-0.9365847572205234,-2.51886615175471,Frequent Support Users
Robert Hanna DDS,67,5.0,1,22.0,14.0,0,6,-0.4534234149950555,0.9372513375572676,
Robert Harris,56,,2,,,0,5,2.0712946509662804,0.3672715901022968,
Robert Hart,54,5.0,1,7.0,18.0,0,6,-0.28427113098113693,-0.3937539540220706,
Robert Hernandez,35,,1,,,0,4,-0.5416889763019482,-0.18978753738239967,
Robert Johnson,24,1.0,1,5.0,8.0,0,4,-0.6443183845120591,-0.33892129678212796,
Robert Jones,54,,2,11.0,,0,5,2.0727061559355233,0.2821879720753436,
Robert Kirby,54,2.0,1,0.0,22.0,0,7,-0.09509119339666718,1.1721085538728813,
Robert Lamb,39,,1,,,1,1,0.9865620481212203,-0.38176140152413873,High Value Satisfied Customers
Robert Leblanc,61,,1,19.0,,1,1,0.9732288787739395,0.9598886028056144,High Value Satisfied Customers
Robert Lindsey,66,4.0,1,9.0,8.0,0,3,-0.7016087768057608,-0.6085973712416405,
Robert Luna,70,3.0,1,12.0,11.0,0,3,-0.5692234359614509,0.7751075952963095,
Robert Malone,70,,1,,,1,1,0.9618505984002033,0.41296649510066413,High Value Satisfied Customers
Robert Mann,31,4.0,1,3.0,1.0,0,2,-0.9692744035277511,-3.0310390593817442,Frequent Support Users
Robert Martinez,57,,1,16.0,,0,0,-0.5566671846350215,0.8475648124224023,Low Engagement Customers
Robert Matthews,36,,1,4.0,,0,4,-0.5465073262510509,-0.9079898646813008,
Robert Mcintosh,41,,1,,,0,4,-0.5464718375382741,-0.03596923480985717,
Robert Mcpherson,57,2.0,1,1.0,14.0,0,3,-0.43096350354791596,0.302938316762284,
Robert Meza,29,1.0,1,10.0,20.0,1,7,1.3869210668072338,1.5731718902375866,
Robert Miller,44,3.5,2,16.0,7.5,1,5,3.4643871770796513,-0.5118413806526911,
Robert Montgomery,52,,1,,,1,1,0.9761991821091809,-0.04848841261696332,High Value Satisfied Customers
Robert Moore,34,,3,22.0,,2,5,7.787283675094656,0.31487463352561873,
Robert Morgan,22,,1,1.0,,0,4,-0.5369923556854164,-1.5711968918755177,
Robert Morrow,35,,1,15.0,,0,4,-0.5396783730970908,0.18213181814809598,
Robert Oneal,52,5.0,1,13.0,5.0,0,2,-0.8221842579560119,-1.5386383148422753,Frequent Support Users
Robert Palmer,54,2.0,2,4.0,7.0,2,5,4.973400232183874,-0.9565898573154771,
Robert Phillips DDS,37,1.0,1,14.0,18.0,1,7,1.299229997341102,1.922115181391282,
Robert Rios,43,,1,4.0,,0,4,-0.5520873310267644,-0.7285351783466678,
Robert Rodriguez,42,3.0,1,19.0,10.0,0,0,-0.5848186457911246,0.6363777180278489,Low Engagement Customers
Robert Rogers,51,5.0,1,0.0,11.0,0,2,-0.5779936972921292,-2.097263913283598,Frequent Support Users
Robert Ross MD,63,,1,22.0,,0,0,-0.5581599678997624,1.6099784240448471,Low Engagement Customers
Robert Russell,28,,1,6.0,,1,1,0.9924061133019644,-1.204735230951491,High Value Satisfied Customers
Robert Simpson,33,3.0,1,15.0,16.0,1,1,1.2021237787259555,0.4910346138745553,High Value Satisfied Customers
Robert Singh,35,,1,,,0,4,-0.5416889763019482,-0.18978753738239967,
Robert Small,24,,1,,,0,4,-0.5329203973686841,-0.4717877587653943,
Robert Smith,27,1.5,3,6.0,17.0,1,5,6.516174333905258,0.4687196764271923,
Robert Spears,64,,1,,,0,3,-0.56480613894419,0.5536675917182224,
Robert Steele,54,2.0,1,1.0,1.0,0,3,-0.9713695649549882,-1.4761777368699134,
Robert Sullivan,62,5.0,1,16.0,20.0,0,6,-0.20220585587343984,0.9861080646258022,
Robert Sutton,20,,1,,,0,4,-0.5297318232111335,-0.5743332938137559,
Robert Taylor,53,,1,20.0,,1,1,0.9801543734176382,0.8562300842172081,High Value Satisfied Customers
Robert Torres,24,,1,,,0,4,-0.5329203973686841,-0.4717877587653943,
Robert Tran,55,2.0,1,17.0,15.0,0,7,-0.3788420219788703,2.005525365859324,
Robert Trevino,50,,1,11.0,,0,3,-0.5538289115022954,0.16094736854618416,
Robert Vasquez,54,5.0,1,21.0,2.0,0,2,-0.9446527341041384,-1.0687221127160031,Frequent Support Users
Robert Wallace,30,,1,,,0,4,-0.53770325860501,-0.3179694561928517,
Robert Walton,39,,1,11.0,,0,4,-0.5450603325690313,-0.1210528528368104,
Robert Washington,53,,1,14.0,,0,3,-0.5545753031346659,0.5421541743574066,
Robert White,49,,1,,,0,3,-0.5528489858533753,0.16912183528686617,
Robert Wilkins,57,1.0,2,12.5,16.0,0,5,2.297241343609682,2.334030512065217,
Robert Williams,57,1.5,3,10.0,12.0,1,5,6.285685146874467,0.9888464328824322,
Robert Wilson,60,3.0,3,6.333333333333333,7.0,1,5,6.059512972410989,-0.8369259330528225,
Robert Wise,32,,1,22.0,,0,0,-0.5334485181787453,0.815250527420044,Low Engagement Customers
Robert Wright,20,2.0,1,3.0,6.0,0,4,-0.7344017257950611,-1.4902547193236126,
Robert Yoder,25,,1,,,0,4,-0.5337175409080718,-0.4461513750033039,
Roberta Cunningham,61,,1,6.0,,0,3,-0.565339222078547,-0.06421516761240632,
Roberta Kennedy,61,1.0,1,7.0,1.0,1,1,0.5664480231395392,-0.39860234117528637,High Value Satisfied Customers
Roberta Robinson,26,,1,13.0,,0,4,-0.5336007738997969,-0.25146073872735175,
Roberto Harvey,39,,1,,,0,4,-0.5448775504594988,-0.08724200233403799,
Roberto Johnson,19,,1,,,0,4,-0.5289346796717459,-0.5999696775758463,
Roberto Mckinney,70,,1,,,0,3,-0.5695890001805158,0.7074858942907649,
Roberto Ortiz,36,,1,20.0,,0,0,-0.5377337849934909,0.7149309594517717,Low Engagement Customers
Roberto Rogers,21,,1,,,0,4,-0.5305289667505212,-0.5486969100516654,
Roberto Thornton,22,,1,,,1,1,1.00011348829081,-0.8175799254796757,High Value Satisfied Customers
Roberto Young,41,,1,9.0,,1,1,0.9836882862757175,-0.5671645875193644,High Value Satisfied Customers
Robin Calhoun,27,,1,12.0,,0,4,-0.5349462637677821,-0.3272569064735783,
Robin Castro,31,,1,,,0,4,-0.5385004021443976,-0.29233307243076134,
Robin Cline DVM,27,,1,22.0,,0,0,-0.529462800481807,0.687068608609592,Low Engagement Customers
Robin Daugherty,63,2.0,1,17.0,6.0,0,0,-0.761002049388365,1.0321655035627137,Low Engagement Customers
Robin Davis,21,,1,3.0,,0,4,-0.5350985194888337,-1.393968172620974,
Robin Flynn,59,,1,19.0,,1,1,0.9748231658527148,0.9086158352814335,High Value Satisfied Customers
Robin Henry,50,,1,,,0,3,-0.5536461293927629,0.19475821904895657,
Robin Hill,59,,1,6.0,,0,3,-0.5637449349997717,-0.11548793513658719,
Robin Huff,56,,1,2.0,,0,3,-0.5635468896959988,-0.5981272924561265,
Robin Johnson,24,,1,,,1,1,0.998519201212035,-0.766307157955495,High Value Satisfied Customers
Robin Lopez,38,,1,,,0,4,-0.5440804069201112,-0.11287838609612842,
Robin Mitchell,46,,1,,,0,3,-0.5504575552352123,0.09221268400059492,
Robin Phelps,62,4.0,1,6.0,19.0,1,6,1.2906645425065306,0.13036895736457588,
Robin Roth,43,,1,22.0,,1,1,0.9892225014687096,0.802731349612938,High Value Satisfied Customers
Robin Sanchez,52,,1,,,0,3,-0.5552404164715382,0.2460309865731374,
Robin Thomas,33,,1,,,0,4,-0.5400946892231729,-0.24106030490658048,
Robin Turner,50,,1,11.0,,0,3,-0.5538289115022954,0.16094736854618416,
Robin Vaughn,31,5.0,1,8.0,22.0,0,6,-0.09837387031578189,-0.3582022590892404,
Robin Webster,67,3.0,1,4.0,19.0,0,3,-0.23718955011038476,0.9342499718486875,
Robin Williams,57,,1,,,0,3,-0.5592261341684764,0.37421290538358953,
Robin Wilson,63,4.0,1,22.0,21.0,1,6,1.3821482466901238,2.0408041502360352,
Robin Winters,63,,1,,,0,3,-0.5640089954048023,0.5280312079561321,
Robyn Pratt,42,2.0,1,23.0,6.0,0,0,-0.7409719570896395,1.102396753608717,Low Engagement Customers
Rodney Butler,45,3.0,1,20.0,12.0,1,1,1.0282851749654496,0.7820780066086328,High Value Satisfied Customers
Rodney Carlson,18,,1,,,0,4,-0.5281375361323583,-0.6256060613379367,
Rodney Clay,68,5.0,1,6.0,0.0,0,2,-1.0475452450499487,-2.4931789976477887,Frequent Support Users
Rodney Davis,38,5.0,1,0.0,15.0,1,6,1.1308233802314707,-2.2013003314282815,
Rodney Goodman,63,,1,,,0,3,-0.5640089954048023,0.5280312079561321,
Rodney Jacobs,41,4.0,1,12.0,16.0,0,6,-0.34600592347359405,0.1023026291362355,
Rodney Johnson,22,,1,,,0,4,-0.5313261102899088,-0.523060526289575,
Rodney Jones MD,33,,1,,,0,4,-0.5400946892231729,-0.24106030490658048,
Rodney Lambert,24,,1,,,0,4,-0.5329203973686841,-0.4717877587653943,
Rodney Norton,21,,1,17.0,,1,1,1.0040179276922503,-0.26843185069463643,High Value Satisfied Customers
Rodney Rosales,59,,1,,,1,1,0.9706191773334674,0.1309662737176696,High Value Satisfied Customers
Rodney Shields,40,,1,19.0,,0,0,-0.5414707054796389,0.7160439429918162,Low Engagement Customers
Rodney Tate,43,,1,,,0,4,-0.5480661246170494,0.015303532714323676,
Rodney Thompson,32,,1,7.0,,0,4,-0.5416737131077077,-0.7062377452047114,
Rodney Young,23,,1,,,0,4,-0.5321232538292965,-0.4974241425274846,
Roger Evans,21,,1,,,1,1,1.0009106318301977,-0.8432163092417662,High Value Satisfied Customers
Roger Lambert,43,1.0,1,11.0,2.0,0,4,-0.9066959531851019,-0.028868651181397007,
Roger Lopez,43,,1,11.0,,0,4,-0.5482489067265819,-0.018507317788448736,
Roger Mason,37,,1,20.0,,0,0,-0.5385309285328785,0.7405673432138621,Low Engagement Customers
Roger Myers,42,,1,,,0,4,-0.5472689810776618,-0.010332851047766755,
Roger Padilla,52,,1,1.0,,0,3,-0.5609066618670457,-0.8021053790128053,
Roger Pitts,52,3.0,2,8.0,14.0,0,5,2.1979163637266375,0.3194345274906562,
Roger Shelton,20,,1,14.0,,0,4,-0.5282695663348735,-0.3038464897915772,
Roger Simpson,50,3.0,1,7.0,4.0,1,1,0.6831417291350608,-1.455875184094222,High Value Satisfied Customers
Roger Smith,44,,1,21.0,,1,1,0.9878770116007245,0.7269351818667112,High Value Satisfied Customers
Roger Thomas,34,,1,20.0,,0,0,-0.5361394979147156,0.6636581919275908,Low Engagement Customers
Roger Watson,30,,1,,,0,4,-0.53770325860501,-0.3179694561928517,
Ronald Bell,62,,1,12.0,,0,3,-0.5628462876463497,0.5700165251995863,
Ronald Branch,31,1.0,1,15.0,10.0,1,1,0.9705319790443422,0.8222174904218709,High Value Satisfied Customers
Ronald Brown PhD,27,,1,9.0,,0,4,-0.5365913027535746,-0.6315545609985294,
Ronald Chase,18,2.0,1,5.0,12.0,0,4,-0.48118882666282853,-0.5530284289022704,
Ronald Davis,62,4.0,1,4.0,10.0,0,3,-0.617654627825777,-0.9564276788552908,
Ronald Delgado,21,,1,1.0,,1,1,0.9952443864346904,-1.8913526748277087,High Value Satisfied Customers
Ronald Goodman,44,,1,18.0,,0,0,-0.5452076259657871,0.7171569265318609,Low Engagement Customers
Ronald Guerrero,23,,1,8.0,,0,4,-0.5339510749246215,-0.8355326475552081,
Ronald Harper,57,5.0,1,15.0,9.0,1,2,0.8733809285158056,-0.9783547222526974,Frequent Support Users
Ronald Hernandez,42,5.0,1,12.0,0.0,0,2,-1.023529435054285,-2.5511296664122374,Frequent Support Users
Ronald Johnson,32,,1,,,0,4,-0.5392975456837853,-0.2666966886686709,
Ronald Joseph,65,,1,,,0,3,-0.5656032824835776,0.5793039754803129,
Ronald Lewis,31,,1,5.0,,0,4,-0.5419732622255151,-0.9347392319834358,
Ronald Miller,69,,1,11.0,,0,3,-0.5689746387506607,0.6480386600259022,
Ronald Moore,29,2.0,1,11.0,10.0,1,1,0.9612649644907907,-0.21883028263577073,High Value Satisfied Customers
Ronald Murray,58,,1,15.0,,0,3,-0.5580126745030066,0.7717686446761757,
Ronald Perry,65,2.0,1,19.0,19.0,0,7,-0.21870215178471014,2.9885102764494547,
Ronald Ramirez,41,,1,,,0,4,-0.5464718375382741,-0.03596923480985717,
Ronald Ramos,56,3.0,1,12.0,21.0,0,7,-0.14052689408291982,1.7255881475085255,
Ronald Rowe,42,,1,10.0,,0,4,-0.5480001095157917,-0.14557625305885621,
Ronald Shaw,24,,1,,,1,1,0.998519201212035,-0.766307157955495,High Value Satisfied Customers
Ronald Sloan,18,,1,11.0,,0,4,-0.5283203182418907,-0.6594169118407092,
Ronald Walsh,37,,1,,,0,4,-0.5432832633807235,-0.13851476985821884,
Ronald Weaver,63,,1,14.0,,0,3,-0.5625467385285423,0.7985180119783107,
Ronnie Berry,64,,1,,,1,1,0.9666334596365291,0.25914819252812166,High Value Satisfied Customers
Ronnie Kelley,21,,1,,,1,1,1.0009106318301977,-0.8432163092417662,High Value Satisfied Customers
Ronnie Rich,54,3.0,1,18.0,0.0,1,1,0.5189703516612411,-0.7613275524069656,High Value Satisfied Customers
Ronnie Stewart,64,1.0,1,22.0,22.0,1,7,1.4491085053372572,3.9495139249868516,
Rose Cruz,65,1.0,1,4.0,19.0,1,7,1.3131801681849833,1.7565474041347915,
Rose Watson,40,,1,23.0,,0,0,-0.539277320165249,1.1217741490250845,Low Engagement Customers
Roy Boyd,22,1.0,1,6.0,14.0,0,7,-0.391653831708424,0.4968724421308974,
Roy Chandler,48,,1,4.0,,0,3,-0.5560730487237027,-0.6003532595362158,
Roy Ford,25,,1,,,0,4,-0.5337175409080718,-0.4461513750033039,
Roy Holder,20,,1,23.0,,0,0,-0.5233344493774961,0.609046473783276,Low Engagement Customers
Roy King,45,,1,,,0,3,-0.5496604116958247,0.0665763002385045,
Roy Ochoa,58,2.0,1,12.0,23.0,0,7,-0.04994595837833751,2.6227836995091955,
Roy Williams,43,,1,17.0,,0,0,-0.5449588287549969,0.5900879912614534,Low Engagement Customers
Ruben Henry,65,,1,15.0,,0,3,-0.5635926792787201,0.9512233310108086,
Ruben Lopez,23,,1,,,0,4,-0.5321232538292965,-0.4974241425274846,
Ruben Oliver,31,,1,,,0,4,-0.5385004021443976,-0.29233307243076134,
Russell Alexander DDS,31,4.0,1,17.0,10.0,0,0,-0.5858146758329924,-0.43253240587197256,Low Engagement Customers
Russell Brown,25,4.0,1,9.0,10.0,1,1,0.9460210133552726,-1.692330519701152,High Value Satisfied Customers
Russell Floyd,19,,1,,,0,4,-0.5289346796717459,-0.5999696775758463,
Russell Fowler,62,,1,,,0,3,-0.5632118518654147,0.5023948241940417,
Russell Harper,34,5.0,1,0.0,6.0,0,2,-0.7732105232860913,-3.187777399679876,Frequent Support Users
Russell Lopez,66,,1,11.0,,0,3,-0.5665832081324977,0.571129508739631,
Russell Martinez,69,3.0,1,1.0,23.0,0,7,-0.07341426324411089,1.2049810548005098,
Russell Peterson,37,,1,19.0,,0,0,-0.539079274861476,0.639134791705545,Low Engagement Customers
Russell Saunders,18,,1,,,0,4,-0.5281375361323583,-0.6256060613379367,
Russell Solis,31,1.0,1,18.0,18.0,0,7,-0.22523335468890116,2.468546484042108,
Russell Turner,59,3.0,1,17.0,6.0,0,0,-0.7664813915487513,0.3455751690141592,Low Engagement Customers
Russell Weber,55,,1,,,1,1,0.973807751491018,0.028420738669307916,High Value Satisfied Customers
Ruth Fritz,18,,1,5.0,,0,4,-0.5316103962134757,-1.2680122208906113,
Ruth Lewis,26,,1,,,0,4,-0.5345146844474594,-0.42051499124121344,
Ruth Sims,44,5.0,1,6.0,1.0,1,2,0.5447794517087843,-3.2720326146399117,Frequent Support Users
Ryan Adkins,59,,1,,,1,1,0.9706191773334674,0.1309662737176696,High Value Satisfied Customers
Ryan Austin,36,1.0,1,10.0,14.0,0,7,-0.40062045594546103,1.2615120208334314,
Ryan Baldwin,54,,1,,,1,1,0.9746048950304056,0.002784354907217513,High Value Satisfied Customers
Ryan Barnes,53,5.0,1,12.0,21.0,0,6,-0.15547129610063062,0.4805893972218685,
Ryan Bonilla,35,,1,10.0,,1,1,0.9890194938406408,-0.6195503385835898,High Value Satisfied Customers
Ryan Callahan,33,5.0,1,22.0,1.0,0,2,-0.9691180266811107,-1.6365926126997326,Frequent Support Users
Ryan Cardenas,59,,1,,,1,1,0.9706191773334674,0.1309662737176696,High Value Satisfied Customers
Ryan Casey,50,,1,,,0,3,-0.5536461293927629,0.19475821904895657,
Ryan Castillo,20,,1,,,0,4,-0.5297318232111335,-0.5743332938137559,
Ryan Chase,66,,1,2.0,,0,3,-0.5715183250898752,-0.34176345483522236,
Ryan Coleman,40,,1,,,1,1,0.9857649045818326,-0.3561250177620483,High Value Satisfied Customers
Ryan Contreras,28,,1,4.0,,1,1,0.9913094206447693,-1.4076003339681247,High Value Satisfied Customers
Ryan Craig,33,,1,11.0,,1,1,0.9911621272480137,-0.5693905545994535,High Value Satisfied Customers
Ryan Cruz,35,5.0,1,21.0,21.0,1,6,1.3952520031464435,0.6375080538889936,
Ryan Curtis,59,1.0,1,14.0,6.0,0,3,-0.7507905978986701,1.2093671134895936,
Ryan Diaz,56,,1,,,1,1,0.9730106079516303,0.054057122431398374,High Value Satisfied Customers
Ryan Edwards,64,,1,,,0,3,-0.56480613894419,0.5536675917182224,
Ryan Ewing,66,,1,,,1,1,0.9650391725577538,0.3104209600523025,High Value Satisfied Customers
Ryan Franklin,62,,1,21.0,,0,0,-0.5579111706889722,1.4829094887744396,Low Engagement Customers
Ryan Freeman,58,1.0,1,5.0,14.0,0,7,-0.42089934545497676,1.3183497060578353,
Ryan Gallagher,40,5.0,1,18.0,12.0,0,6,-0.5176012312113998,-0.4225392150287381,
Ryan Garcia,68,,1,8.0,,0,3,-0.5698225341970655,0.31810462173886067,
Ryan Gomez,36,,1,,,0,4,-0.5424861198413359,-0.16415115362030927,
Ryan Gonzalez,54,2.0,2,11.0,12.0,0,5,2.1231277254861705,0.9971717640636845,
Ryan Gordon,51,4.0,1,1.0,10.0,0,3,-0.6105310878783053,-1.5427255547632366,
Ryan Hayes,63,,1,,,0,3,-0.5640089954048023,0.5280312079561321,
Ryan Henderson,47,1.0,1,17.0,2.0,0,0,-0.9065944493710675,0.6822721929168669,Low Engagement Customers
Ryan Hicks,68,5.0,1,3.0,22.0,1,6,1.4008296856646067,-0.2113382166235809,
Ryan Johnson,33,5.0,1,5.0,11.0,0,2,-0.5609033819401641,-2.0515560634596404,Frequent Support Users
Ryan Jones,39,,1,,,0,4,-0.5448775504594988,-0.08724200233403799,
Ryan Kelly,56,3.0,1,15.0,23.0,0,7,-0.055374548631706516,2.291763787009773,
Ryan Lambert,38,3.0,1,9.0,8.0,0,4,-0.6706208413849699,-0.7423713170799794,
Ryan Malone,54,2.0,1,4.0,20.0,1,7,1.3550344840330208,1.0214413757397522,
Ryan Mccarty,49,,1,12.0,,0,3,-0.5524834216343103,0.2367435362924108,
Ryan Miller,63,2.0,1,14.0,18.0,0,7,-0.2616032495816327,2.299135758895541,
Ryan Moran,55,,1,7.0,,0,3,-0.5600080145136237,-0.11660091867663182,
Ryan Moyer,48,,1,15.0,,0,0,-0.5500412391091302,0.5154048070552716,Low Engagement Customers
Ryan Murillo,70,2.0,1,7.0,17.0,0,7,-0.31277533189023915,1.637623592183806,
Ryan Olson,33,,1,,,1,1,0.9913449093575462,-0.5355797040966812,High Value Satisfied Customers
Ryan Palmer,20,,1,21.0,,0,0,-0.524431142034691,0.40618137076664196,Low Engagement Customers
Ryan Patrick,59,5.0,1,1.0,12.0,0,6,-0.5420688460459225,-1.6598012991904096,
Ryan Peterson,26,,1,18.0,,0,0,-0.5308590422568095,0.2557020188142334,Low Engagement Customers
Ryan Reed,51,,1,1.0,,0,3,-0.5601095183276581,-0.8277417627748956,
Ryan Riggs,63,1.0,1,17.0,4.0,0,0,-0.835841439535849,1.35433231808661,Low Engagement Customers
Ryan Rivas,33,2.0,1,14.0,2.0,1,1,0.6256922034573493,-0.8594990329676433,High Value Satisfied Customers
Ryan Romero,58,5.0,1,10.0,4.0,0,2,-0.8703658114108407,-1.8200566592828322,Frequent Support Users
Ryan Sanders,52,1.0,1,20.0,20.0,1,7,1.374070228687293,3.1771342318488363,
Ryan Schwartz,46,1.0,1,8.0,9.0,0,3,-0.6184568501600844,0.6603157929969606,
Ryan Sharp,22,,1,20.0,,0,0,-0.5265737754420639,0.35602158678250584,Low Engagement Customers
Ryan Smith,58,2.0,1,1.0,3.0,1,1,0.6403887659336011,-1.4062736160353562,High Value Satisfied Customers
Ryan Stevens,26,,1,,,0,4,-0.5345146844474594,-0.42051499124121344,
Ryan Taylor,67,1.0,1,2.0,22.0,0,7,-0.09568945043357475,2.292291445296884,
Ryan Walker,29,,1,,,1,1,0.9945334835150967,-0.6381252391450428,High Value Satisfied Customers
Ryan Walker MD,21,,1,18.0,,0,4,-0.5268733245598712,0.12752010000378133,
Ryan Ward,55,,1,,,0,3,-0.5576318470897011,0.32294013785940867,
Sabrina Armstrong,23,2.0,1,15.0,0.0,1,1,0.5507046787144025,-1.2763083040565268,High Value Satisfied Customers
Sabrina Coleman,62,1.0,1,11.0,11.0,0,3,-0.5460588013390735,1.6366735726916548,
Sabrina Frank,45,,1,19.0,,0,0,-0.5454564231765773,0.8442258618022683,Low Engagement Customers
Sabrina Harris,31,,1,6.0,,0,4,-0.5414249158969177,-0.8333066804751189,
Sabrina Martinez,47,,1,20.0,,0,0,-0.546502363926755,0.9969311808347662,Low Engagement Customers
Sabrina Miller,23,,1,,,0,4,-0.5321232538292965,-0.4974241425274846,
Sabrina Weber,20,5.0,1,19.0,18.0,1,6,1.2808515038819321,-0.3427197830234413,
Sally Hartman,29,5.0,1,14.0,16.0,1,6,1.1874281739190349,-0.8810330716825088,
Sally Zuniga,30,,1,,,1,1,0.9937363399757091,-0.6124888553829524,High Value Satisfied Customers
Samantha Anderson,67,4.0,1,20.0,13.0,0,0,-0.48760584456702405,1.1874920415526782,Low Engagement Customers
Samantha Anthony,24,,1,19.0,,0,0,-0.5287164088494366,0.3058618027983695,Low Engagement Customers
Samantha Bates,54,,1,,,0,3,-0.5568347035503135,0.29730375409731824,
Samantha Bauer,66,3.0,1,22.0,6.0,0,0,-0.7693196646814773,1.0321926128903776,Low Engagement Customers
Samantha Bradshaw,38,5.0,1,12.0,7.0,0,2,-0.7280652882677615,-1.737102254043562,Frequent Support Users
Samantha Cobb,40,,1,5.0,,0,4,-0.5491475540800039,-0.7040117781246221,
Samantha Davis,50,5.0,1,5.0,13.0,0,6,-0.4909475156443334,-1.3538595545278072,
Samantha Fernandez,68,,2,17.0,,0,5,2.0648362243556813,1.2496926537945117,
Samantha Fowler,18,,1,21.0,,0,0,-0.5228368549559158,0.3549086032424611,Low Engagement Customers
Samantha Griffin,49,2.0,1,7.0,10.0,1,1,0.9431287083886477,-0.11183281342723053,High Value Satisfied Customers
Samantha Hall,66,1.0,1,20.0,9.0,0,0,-0.6278195650046674,2.3902340863385736,Low Engagement Customers
Samantha Hill,48,,1,3.0,,0,3,-0.5566213950523001,-0.7017858110445329,
Samantha Howard,31,2.0,1,20.0,3.0,1,1,0.67233022174042,-0.17123749895377388,High Value Satisfied Customers
Samantha Jackson,29,4.0,1,15.0,6.0,0,2,-0.7523316943422537,-1.21042624636538,Frequent Support Users
Samantha Jenkins,47,2.0,1,2.0,0.0,1,1,0.5244447314973315,-1.9796582633744781,High Value Satisfied Customers
Samantha Joseph,45,3.0,1,14.0,3.0,1,1,0.649212217899471,-1.004968234834603,High Value Satisfied Customers
Samantha Kennedy,64,4.0,1,9.0,10.0,0,3,-0.6165071832615647,-0.397992153789525,
Samantha Lewis,38,,1,,,0,4,-0.5440804069201112,-0.11287838609612842,
Samantha Martin,44,,1,,,0,3,-0.548863268156437,0.04093991647641409,
Samantha Miller,26,,2,,,0,5,2.09520895714791,-0.4018199227604157,
Samantha Olson,44,,1,18.0,,0,0,-0.5452076259657871,0.7171569265318609,Low Engagement Customers
Samantha Perez,51,,1,,,0,3,-0.5544432729321506,0.220394602811047,
Samantha Ryan,38,,1,2.0,,1,1,0.982241292593698,-1.3541015993638545,High Value Satisfied Customers
Samantha Schaefer,29,,1,,,0,4,-0.5369061150656224,-0.34360583995494215,
Samantha Sloan,37,4.0,1,9.0,19.0,0,6,-0.21920142860370473,0.08827641702736723,
Samantha Smith,68,,1,0.0,,0,3,-0.5742093048258455,-0.49335579032767557,
Samantha Swanson,35,,1,4.0,,0,4,-0.5457101827116633,-0.9336262484433913,
Samantha Taylor,29,,1,2.0,,1,1,0.9894155844481868,-1.5848290532226683,High Value Satisfied Customers
Samantha Tucker,65,3.0,1,1.0,3.0,0,3,-0.9052987537407684,-1.5163443300108153,
Samantha Vega,46,,1,,,0,3,-0.5504575552352123,0.09221268400059492,
Samantha Walton,57,4.0,1,14.0,16.0,1,6,1.1737760711341176,0.4208304731562155,
Samantha Wells,47,,1,,,0,3,-0.5512546987746,0.11784906776268533,
Samantha Williams,55,,1,10.0,,1,1,0.9730766230528879,-0.1068226633417815,High Value Satisfied Customers
Samuel Barnes,25,,1,,,0,4,-0.5337175409080718,-0.4461513750033039,
Samuel Beard,25,,1,,,1,1,0.9977220576726473,-0.7406707741934045,High Value Satisfied Customers
Samuel Brooks,66,,1,0.0,,1,1,0.9588245808336489,-0.8391479570419571,High Value Satisfied Customers
Samuel Chen,65,,1,6.0,,0,3,-0.5685277962360976,0.03833036743595529,
Samuel Clark,51,,1,,,0,3,-0.5544432729321506,0.220394602811047,
Samuel Davis,31,,1,,,0,4,-0.5385004021443976,-0.29233307243076134,
Samuel Delgado II,27,3.0,1,5.0,14.0,0,4,-0.4135237283698334,-0.6444677895673531,
Samuel Hines,25,,1,23.0,,0,0,-0.5273201670744343,0.7372283925937281,Low Engagement Customers
Samuel Hogan,59,,1,11.0,,0,3,-0.5610032033567842,0.39167482240499796,
Samuel Jenkins,37,,1,1.0,,0,4,-0.548949508776231,-1.1866511354441613,
Samuel Johns,25,1.0,1,12.0,3.0,0,4,-0.8500453699148163,-0.2579520149025592,
Samuel Lopez,60,,1,,,0,3,-0.5616175647866394,0.45112205666986077,
Samuel Miranda,52,3.0,1,13.0,13.0,1,1,1.060620399122264,0.38244382487319467,High Value Satisfied Customers
Samuel Morgan,19,,1,14.0,,0,4,-0.5274724227954859,-0.3294828735536676,
Samuel Morris,45,,1,16.0,,1,1,0.9843381364183493,0.24540880808721655,High Value Satisfied Customers
Samuel Munoz,65,,1,,,0,3,-0.5656032824835776,0.5793039754803129,
Samuel Owen,68,,1,16.0,,0,3,-0.5654357635682856,1.129565033805397,
Samuel Price,44,,1,,,0,3,-0.548863268156437,0.04093991647641409,
Samuel Rodriguez,62,3.0,1,11.0,1.0,1,1,0.5505084322786679,-1.1353253503803131,High Value Satisfied Customers
Samuel Schroeder,40,3.0,1,19.0,0.0,0,0,-1.0007608910394534,-0.7242849743778137,Low Engagement Customers
Samuel Walker,30,,1,,,0,4,-0.53770325860501,-0.3179694561928517,
Samuel Whitney,52,3.0,1,21.0,4.0,1,1,0.6892242906566505,0.015453304546397236,High Value Satisfied Customers
Samuel Williams,19,5.0,1,18.0,6.0,0,2,-0.7513831362805216,-1.7465372289615262,Frequent Support Users
Sandra Allen,30,1.0,1,8.0,10.0,0,4,-0.5639489002971717,0.3810726452916621,
Sandra Barnes,65,,1,20.0,,0,0,-0.5608509476357326,1.4583860885523938,Low Engagement Customers
Sandra Bass,57,,1,7.0,,1,1,0.9698372969883201,-0.3598475503425517,High Value Satisfied Customers
Sandra Buchanan,55,,1,7.0,,0,3,-0.5600080145136237,-0.11660091867663182,
Sandra Castaneda,20,,1,10.0,,1,1,1.0009766469314554,-1.004096095014946,High Value Satisfied Customers
Sandra Charles,23,2.0,1,3.0,14.0,0,4,-0.40276393055154097,-0.365833628132156,
Sandra Craig,52,1.0,1,5.0,23.0,0,7,-0.04033360512425724,2.3429823358786264,
Sandra Dalton,45,4.0,1,2.0,1.0,1,2,0.5504568391729435,-3.0680816374108963,Frequent Support Users
Sandra Fritz,42,,1,21.0,,0,0,-0.5419682999012193,0.9701818135326311,Low Engagement Customers
Sandra Green,62,,1,,,1,1,0.9682277467153044,0.20787542500394085,High Value Satisfied Customers
Sandra Greene,45,,1,,,0,3,-0.5496604116958247,0.0665763002385045,
Sandra Hahn MD,70,4.0,1,18.0,8.0,0,0,-0.699862234005934,0.4068411273815743,Low Engagement Customers
Sandra Hale,45,,1,,,0,3,-0.5496604116958247,0.0665763002385045,
Sandra Haley,55,,1,15.0,,0,3,-0.5556212438848437,0.6948594933899044,
Sandra Hamilton,18,,1,0.0,,0,4,-0.5343521278564632,-1.7751749784321964,
Sandra Harris,29,,1,22.0,,0,0,-0.5310570875605823,0.7383413761337728,Low Engagement Customers
Sandra Hopkins,64,,1,,,0,3,-0.56480613894419,0.5536675917182224,
Sandra Macdonald,35,,1,8.0,,1,1,0.9879228011834459,-0.8224154416002238,High Value Satisfied Customers
Sandra Maldonado,32,4.0,1,15.0,9.0,0,4,-0.6294621652622855,-0.7407001176146643,
Sandra Nelson,49,3.0,1,22.0,0.0,0,0,-1.0062901439081497,-0.1892598659940487,Low Engagement Customers
Sandra Nixon,54,,1,4.0,,0,3,-0.5608559099600285,-0.44653495696367335,
Sandra Olson,48,4.0,1,18.0,1.0,0,2,-0.9746006487683786,-1.0737322628014518,Frequent Support Users
Sandra Perez,55,,1,,,0,3,-0.5576318470897011,0.32294013785940867,
Sandra Rodriguez,38,2.0,1,20.0,2.0,1,1,0.6249965637319961,-0.12272180510728924,High Value Satisfied Customers
Sandra Sanchez,30,,1,,,0,4,-0.53770325860501,-0.3179694561928517,
Sandra Smith,54,,1,13.0,,0,3,-0.5559207930026511,0.46635800661117993,
Sandra Todd,44,,1,1.0,,0,3,-0.5545295135519446,-1.0071964491095284,
Sandra Woods,39,,1,2.0,,0,4,-0.5499954495264088,-1.0339458164116635,
Sandra Yang,52,,1,,,0,3,-0.5552404164715382,0.2460309865731374,
Sandy Jones,23,,1,1.0,,0,4,-0.537789499224804,-1.5455605081134272,
Sandy Rivas,61,,1,,,0,3,-0.562414708326027,0.4767584404319512,
Sara Acevedo,47,,1,,,0,3,-0.5512546987746,0.11784906776268533,
Sara Anderson,60,,1,18.0,,0,0,-0.5579619225959894,1.1273390667253076,Low Engagement Customers
Sara Baldwin,33,4.0,1,19.0,7.0,0,0,-0.711573229952704,-0.5712115127956021,Low Engagement Customers
Sara Ball,44,,1,14.0,,0,0,-0.547401011280177,0.31142672049859277,Low Engagement Customers
Sara Bell,70,,1,,,0,3,-0.5695890001805158,0.7074858942907649,
Sara Bonilla,21,2.0,1,2.0,18.0,1,7,1.2967362217101974,-0.28930237640216183,
Sara Bray,61,,1,,,0,3,-0.562414708326027,0.4767584404319512,
Sara Camacho,66,4.0,1,8.0,19.0,0,6,-0.24286693757454397,0.7302989946196724,
Sara Carroll,20,,1,,,0,4,-0.5297318232111335,-0.5743332938137559,
Sara Chapman,26,,1,,,0,4,-0.5345146844474594,-0.42051499124121344,
Sara Cortez,70,,1,0.0,,0,3,-0.5758035919046208,-0.4420830228034948,
Sara Cox,24,1.0,1,17.0,17.0,1,7,1.2694842491062235,1.7622008545209091,
Sara Hamilton,23,,1,,,0,4,-0.5321232538292965,-0.4974241425274846,
Sara Hanna,62,2.0,1,13.0,21.0,1,7,1.3953461059080077,2.2703644018994766,
Sara Harvey,25,2.0,1,4.0,2.0,0,4,-0.9048537100942435,-1.7843962189574363,
Sara Hayes,44,,1,,,0,3,-0.548863268156437,0.04093991647641409,
Sara Henry,27,,1,11.0,,0,4,-0.5354946100963796,-0.42868945798189534,
Sara Hess,62,4.0,1,11.0,0.0,0,2,-1.0313527358526986,-1.5557897431785535,Frequent Support Users
Sara Jones,30,1.5,2,11.0,8.0,0,5,1.9795785156596006,0.15016498357101818,
Sara Lee,51,,1,,,0,3,-0.5544432729321506,0.220394602811047,
Sara Lucero,48,,1,,,1,1,0.9793877562667315,-0.151033947665325,High Value Satisfied Customers
Sara Martinez,32,,1,,,1,1,0.9921420528969338,-0.5612160878587716,High Value Satisfied Customers
Sara Mckenzie,39,1.0,1,6.0,12.0,1,1,1.0427270202372843,0.3762935819200374,High Value Satisfied Customers
Sara Meza,48,,1,,,0,3,-0.5520518423139876,0.14348545152477576,
Sara Miles,67,,1,,,1,1,0.9642420290183662,0.33605734381439295,High Value Satisfied Customers
Sara Murray,51,,1,6.0,,0,3,-0.5573677866846706,-0.3205790052333105,
Sara Patterson,29,2.0,1,15.0,1.0,0,0,-0.943764127869932,-0.6970316098057353,Low Engagement Customers
Sara Peterson,61,5.0,1,13.0,0.0,0,2,-1.0381268159740529,-1.9626058234242023,Frequent Support Users
Sara Robinson,30,,1,5.0,,0,4,-0.5411761186861275,-0.9603756157455261,
Sara Romero,20,2.0,1,3.0,21.0,0,7,-0.10809692730440514,0.47383016799860994,
Sara Sullivan,55,,1,21.0,,0,0,-0.5523311659132587,1.3034548024398067,Low Engagement Customers
Sara Thomas,20,4.0,1,17.0,2.0,0,2,-0.9110753227614116,-1.7620445671601526,Frequent Support Users
Sara Torres,38,,1,11.0,,0,4,-0.5442631890296437,-0.14668923659890085,
Sara Vaughan,39,,1,7.0,,0,4,-0.5472537178834213,-0.5267830588700785,
Sara Williams,61,,1,2.0,,0,3,-0.567532607392937,-0.4699453736456744,
Sarah Anderson,48,,1,21.0,,0,0,-0.5467511611375452,1.1240001161051738,Low Engagement Customers
Sarah Bean,23,,1,2.0,,0,4,-0.5372411528962064,-1.4441279566051102,
Sarah Bell,65,,1,18.0,,0,0,-0.5619476402929277,1.2555209855357596,Low Engagement Customers
Sarah Buchanan,31,5.0,1,1.0,0.0,0,2,-1.0207926657355935,-3.948887954386719,Frequent Support Users
Sarah Cisneros,21,3.0,1,9.0,4.0,0,4,-0.8240840141462216,-1.7019458109881092,
Sarah Cole,50,,1,11.0,,0,3,-0.5538289115022954,0.16094736854618416,
Sarah Cox,33,,1,,,1,1,0.9913449093575462,-0.5355797040966812,High Value Satisfied Customers
Sarah Davenport,53,3.0,1,7.0,23.0,0,7,-0.05736988864232359,1.4033942236569654,
Sarah Davis,39,,1,16.0,,0,0,-0.5423186009260438,0.38610990470477474,Low Engagement Customers
Sarah Dougherty,30,1.0,1,21.0,10.0,0,0,-0.5568203980254042,1.6996958148997834,Low Engagement Customers
Sarah Farmer,35,4.0,1,17.0,21.0,0,6,-0.12971306443072864,1.110342046546019,
Sarah Finley,27,2.0,1,5.0,22.0,0,7,-0.07082658619021327,0.9870889498380252,
Sarah Flores,36,3.0,1,3.0,11.0,0,4,-0.5470556725796484,-1.0094224161896177,
Sarah Ford,42,2.0,1,4.0,13.0,1,1,1.0723246338766999,-0.20276817682236997,High Value Satisfied Customers
Sarah Freeman,58,,1,,,0,3,-0.5600232777078641,0.3998492891456799,
Sarah Garcia,42,,1,,,0,4,-0.5472689810776618,-0.010332851047766755,
Sarah Gardner,38,,1,18.0,,0,0,-0.5404247647294612,0.5633386239593184,Low Engagement Customers
Sarah Gonzalez,21,3.0,2,9.0,4.0,0,5,1.8056396274491473,-1.6832507425073113,
Sarah Harris,55,,1,20.0,,0,0,-0.5528795122418562,1.2020222509314897,Low Engagement Customers
Sarah Hart,61,,1,,,1,1,0.9690248902546921,0.18223904124185047,High Value Satisfied Customers
Sarah Hawkins,69,4.0,1,10.0,15.0,0,3,-0.4111762884663535,0.486317278969985,
Sarah Hernandez,46,,1,13.0,,0,3,-0.5495436446875499,0.2612669365144566,
Sarah Hill,35,,1,11.0,,0,4,-0.5418717584114807,-0.2235983878851721,
Sarah Hunter,38,,1,,,1,1,0.9873591916606079,-0.40739778528622916,High Value Satisfied Customers
Sarah Jarvis,29,,1,5.0,,0,4,-0.5403789751467398,-0.9860119995076166,
Sarah Jennings,41,5.0,1,23.0,4.0,0,2,-0.8496858689694832,-0.937252013630248,Frequent Support Users
Sarah Johnson,47,,1,,,0,3,-0.5512546987746,0.11784906776268533,
Sarah Johnston,62,,1,,,0,3,-0.5632118518654147,0.5023948241940417,
Sarah Jones,21,4.0,2,11.0,20.0,0,5,2.4661268555117726,0.030593440819500706,
Sarah King,24,,1,,,0,4,-0.5329203973686841,-0.4717877587653943,
Sarah Lee,50,,2,7.0,,1,5,3.6051409433594026,-0.5206071681963869,
Sarah Lester,58,1.0,1,14.0,3.0,1,1,0.6561851845233054,0.49639435307295804,High Value Satisfied Customers
Sarah Livingston,30,2.0,1,15.0,12.0,0,4,-0.48527108584950535,0.768933691325985,
Sarah Lopez,63,,1,,,0,3,-0.5640089954048023,0.5280312079561321,
Sarah Mcfarland,31,,1,,,1,1,0.9929391964363214,-0.5868524716208621,High Value Satisfied Customers
Sarah Mcmahon,22,2.0,1,19.0,17.0,0,7,-0.26793228605646213,1.6242677897032705,
Sarah Mills,38,,1,11.0,,0,4,-0.5442631890296437,-0.14668923659890085,
Sarah Mooney,34,,1,7.0,,1,1,0.988171598394236,-0.9494843768706313,High Value Satisfied Customers
Sarah Neal,23,,1,23.0,,0,0,-0.525725879995659,0.6859556250695473,Low Engagement Customers
Sarah Nguyen,41,,1,12.0,,1,1,0.98533332526151,-0.26286693299441327,High Value Satisfied Customers
Sarah Nunez,62,4.0,1,13.0,8.0,1,1,0.8352127812468988,-0.5999320994468348,High Value Satisfied Customers
Sarah Odonnell,69,3.0,1,6.0,17.0,1,1,1.2102451475833331,0.6319904582231053,High Value Satisfied Customers
Sarah Olson,32,,1,13.0,,0,4,-0.5383836351361228,-0.09764243615480923,
Sarah Parks,67,,1,,,1,1,0.9642420290183662,0.33605734381439295,High Value Satisfied Customers
Sarah Perez,23,,1,,,1,1,0.9993163447514226,-0.7919435417175853,High Value Satisfied Customers
Sarah Ramirez,49,2.0,1,14.0,12.0,0,0,-0.500965159426468,1.1545924312973856,Low Engagement Customers
Sarah Ramsey,40,,1,,,0,4,-0.5456746939988865,-0.06160561857194756,
Sarah Reed,51,,1,23.0,,0,0,-0.5480458990985131,1.403774370408079,Low Engagement Customers
Sarah Roberts,29,,1,5.0,,0,4,-0.5403789751467398,-0.9860119995076166,
Sarah Robinson,54,5.0,1,19.0,3.0,1,2,0.6274438250520961,-1.4351676224345897,Frequent Support Users
Sarah Robles,34,,1,22.0,,0,0,-0.5350428052575206,0.8665232949442249,Low Engagement Customers
Sarah Roman,46,,1,,,0,3,-0.5504575552352123,0.09221268400059492,
Sarah Romero,69,,1,12.0,,0,3,-0.5684262924220632,0.7494712115342191,
Sarah Shaw,21,,1,8.0,,0,4,-0.5323567878458462,-0.8868054150793889,
Sarah Shields,48,4.0,1,23.0,4.0,1,1,0.6848416411534592,-0.46827192698552306,High Value Satisfied Customers
Sarah Silva,45,,1,8.0,,0,3,-0.5514882327911497,-0.27153220478921897,
Sarah Stewart,41,2.0,1,4.0,14.0,0,4,-0.41656416793192114,0.1970538310937885,
Sarah Thompson,40,,1,,,0,4,-0.5456746939988865,-0.06160561857194756,
Sarah Walters,34,,1,22.0,,0,0,-0.5350428052575206,0.8665232949442249,Low Engagement Customers
Sarah Watkins,52,,1,1.0,,1,1,0.9705329367136734,-1.0966247782029062,High Value Satisfied Customers
Sarah Watson,26,,1,2.0,,0,4,-0.5396325835143694,-1.367218805318839,
Sarah Weaver,32,,1,1.0,,1,1,0.9864758075014263,-1.6093524534447141,High Value Satisfied Customers
Sarah Whitaker,57,4.0,1,1.0,14.0,1,1,1.0831402623969293,-1.1596706814282023,High Value Satisfied Customers
Sarah Williams,41,,2,1.0,,0,5,2.0775855586615872,-1.065410531915002,
Sarah Williamson,31,,1,,,0,4,-0.5385004021443976,-0.29233307243076134,
Sarah Wright,19,,1,2.0,,0,4,-0.5340525787386559,-1.546673491653472,
Savannah Ayala,19,,1,16.0,,1,1,1.005063868442428,-0.4211371697271344,High Value Satisfied Customers
Savannah Castaneda,36,,1,23.0,,0,0,-0.5360887460076984,1.0192286139767226,Low Engagement Customers
Savannah Collins,56,,1,,,0,3,-0.5584289906290888,0.3485765216214991,
Savannah Gonzales MD,32,4.0,1,2.0,16.0,0,6,-0.34431509490508017,-1.1427503398057484,
Savannah Haley,32,,1,23.0,,1,1,0.9985394267305713,0.6221636797382603,High Value Satisfied Customers
Savannah Mcneil,20,4.0,1,2.0,7.0,0,4,-0.710532251526822,-2.628837877344167,
Savannah Torres,53,,1,,,0,3,-0.5560375600109259,0.2716673703352278,
Savannah Williams,20,,1,12.0,,0,4,-0.5293662589920686,-0.5067115928082113,
Savannah Willis,66,,1,23.0,,0,0,-0.5600030521893278,1.7883201268394353,Low Engagement Customers
Scott Adams,61,3.0,1,5.0,9.0,0,3,-0.6493948748725653,-0.4275257040970197,
Scott Armstrong,18,,1,23.0,,0,0,-0.5217401622987208,0.5577737062590953,Low Engagement Customers
Scott Bennett,58,,1,10.0,,1,1,0.970685192434725,-0.029913512055510266,High Value Satisfied Customers
Scott Black,70,5.0,1,2.0,22.0,0,6,-0.13275254632348513,0.033021398582383725,
Scott Bowers,67,,1,,,0,3,-0.5671975695623529,0.6305767430044937,
Scott Boyd,62,,1,15.0,,0,3,-0.5612012486605572,0.8743141797245373,
Scott Brown,20,,1,22.0,,0,0,-0.5238827957060935,0.5076139222749592,Low Engagement Customers
Scott Cain DVM,49,3.0,1,19.0,18.0,1,1,1.2750701738755639,1.5688249450775664,High Value Satisfied Customers
Scott Colon,51,,1,22.0,,0,0,-0.5485942454271107,1.302341818899762,Low Engagement Customers
Scott Davis,59,,1,,,1,1,0.9706191773334674,0.1309662737176696,High Value Satisfied Customers
Scott Day,50,,1,,,0,3,-0.5536461293927629,0.19475821904895657,
Scott Dennis,41,,1,14.0,,1,1,0.986430017918705,-0.060001829977779225,High Value Satisfied Customers
Scott Erickson,52,3.0,1,10.0,17.0,0,3,-0.3054496255134059,0.896421539490937,
Scott Estrada,65,,1,,,0,3,-0.5656032824835776,0.5793039754803129,
Scott Farley,67,2.0,1,22.0,20.0,0,7,-0.17689774664498253,3.475019690986735,
Scott Foster,25,2.0,1,16.0,20.0,0,7,-0.14670779596228636,1.7896962639290352,
Scott Hahn,65,5.0,1,15.0,11.0,0,6,-0.5809285119145938,-0.21686626798957703,
Scott Harper,58,,1,14.0,,0,3,-0.5585610208316041,0.6703360931678586,
Scott Johnson,46,,1,,,0,3,-0.5504575552352123,0.09221268400059492,
Scott Mooney,69,2.0,1,21.0,12.0,1,1,1.0183699926666805,2.0828285679073124,High Value Satisfied Customers
Scott Pacheco,43,,1,,,0,4,-0.5480661246170494,0.015303532714323676,
Scott Peters,67,3.0,1,0.0,22.0,0,7,-0.11412197572664347,0.921336743279864,
Scott Phillips,56,,1,,,0,3,-0.5584289906290888,0.3485765216214991,
Scott Reeves,42,,1,1.0,,0,4,-0.5529352264731693,-1.0584692166337093,
Scott Rhodes,50,,1,13.0,,0,3,-0.5527322188451005,0.36381247156281826,
Scott Riddle,20,1.0,2,13.5,20.0,0,5,2.4942986138264645,2.010672834328781,
Scott Smith,64,,1,,,0,3,-0.56480613894419,0.5536675917182224,
Scott Stevenson,27,,1,,,0,4,-0.5353118279868471,-0.39487860747912296,
Scott Trevino,53,,1,8.0,,0,3,-0.5578653811062508,-0.06644113469249564,
Scott Turner,66,5.0,1,7.0,16.0,1,6,1.1540954386615094,-0.6425147330433827,
Scott Ward,23,,1,,,0,4,-0.5321232538292965,-0.4974241425274846,
Scott Warner,44,,1,,,1,1,0.982576330424282,-0.25357948271368663,High Value Satisfied Customers
Scott Wiggins,69,,1,22.0,,1,1,0.9684967694446308,1.4692773274272888,High Value Satisfied Customers
Scott Williams,34,,1,,,0,4,-0.5408918327625606,-0.21542392114449005,
Scott Wilson,36,5.0,1,23.0,16.0,0,6,-0.34465631248002015,0.505833977417078,
Scott Zimmerman,57,2.0,1,0.0,15.0,1,1,1.141681401936916,0.03792535855201451,High Value Satisfied Customers
Sean Allen,49,,1,,,0,3,-0.5528489858533753,0.16912183528686617,
Sean Alvarado,56,,1,,,1,1,0.9730106079516303,0.054057122431398374,High Value Satisfied Customers
Sean Anderson,65,,2,17.0,,1,5,3.598667253554563,0.8782641033181398,
Sean Blackburn,28,3.0,1,22.0,3.0,0,0,-0.864289169882878,-0.334806947533503,Low Engagement Customers
Sean Clark,27,,1,13.0,,0,4,-0.5343979174391845,-0.22582435496526126,
Sean Dillon,69,,1,,,0,3,-0.5687918566411282,0.6818495105286746,
Sean Espinoza,48,3.0,1,11.0,18.0,1,1,1.2714805467861716,0.7317281492489399,High Value Satisfied Customers
Sean Flynn,42,,1,14.0,,0,0,-0.5458067242014017,0.26015395297441196,Low Engagement Customers
Sean Garcia,41,,1,,,1,1,0.984967761042445,-0.3304886339999579,High Value Satisfied Customers
Sean Irwin,59,,1,5.0,,0,3,-0.5642932813283692,-0.2169204866449042,
Sean Jones,21,,1,,,0,4,-0.5305289667505212,-0.5486969100516654,
Sean Lee,31,,1,10.0,,0,4,-0.5392315305825276,-0.4275764744418508,
Sean Lyons,63,1.0,1,3.0,13.0,0,7,-0.46773540904182037,1.1127275293635053,
Sean Moore,37,,1,,,0,4,-0.5432832633807235,-0.13851476985821884,
Sean Ortega,70,,1,15.0,,0,3,-0.5675783969756584,1.0794052498212607,
Sean Perry,39,,1,,,0,4,-0.5448775504594988,-0.08724200233403799,
Sean Richards DVM,53,1.0,1,18.0,3.0,0,0,-0.8690753110460854,1.068462039485875,Low Engagement Customers
Sean Roth,23,4.0,1,0.0,13.0,0,4,-0.46349845540591755,-1.9691598741456409,
Sean Sherman,62,4.0,1,18.0,1.0,0,2,-0.9857606583198056,-0.714822890132186,Frequent Support Users
Sean Silva,55,,1,4.0,,0,3,-0.5616530534994162,-0.42089857320158286,
Sean Tucker,40,5.0,1,9.0,16.0,1,6,1.1759178633427834,-1.1061956078410993,
Sean Turner,35,,1,17.0,,0,0,-0.5385816804398957,0.38499692116473005,Low Engagement Customers
Selena Baldwin,18,5.0,1,11.0,4.0,0,2,-0.8379317235067373,-2.7440794582581316,Frequent Support Users
Selena Bauer,45,,1,,,0,3,-0.5496604116958247,0.0665763002385045,
Seth Allen,22,,1,,,1,1,1.00011348829081,-0.8175799254796757,High Value Satisfied Customers
Seth Brennan,50,,1,12.0,,0,3,-0.553280565173698,0.2623799200545012,
Seth Brown,36,,1,,,0,4,-0.5424861198413359,-0.16415115362030927,
Seth Edwards,57,1.0,1,16.0,1.0,0,0,-0.9568678843262518,0.7062644865413061,Low Engagement Customers
Seth Foster,50,,1,23.0,,0,0,-0.5472487555591254,1.3781379866459886,Low Engagement Customers
Seth Giles,43,,1,9.0,,0,4,-0.5493455993837769,-0.2213724208050828,
Seth Hale,68,,1,,,1,1,0.9634448854789786,0.3616937275764834,High Value Satisfied Customers
Seth Harris,48,1.0,1,21.0,4.0,0,0,-0.8216909011306442,1.375516767688522,Low Engagement Customers
Seth Johnson,39,,1,3.0,,1,1,0.9819924953829078,-1.2270326640934472,High Value Satisfied Customers
Seth Key,49,,1,9.0,,0,3,-0.5541284606201028,-0.0675541182325403,
Seth Mclaughlin,65,2.0,1,15.0,11.0,0,3,-0.5549247629607833,1.5352681305110014,
Shane Ayala,40,,1,17.0,,1,1,0.9888722004438851,0.21865944078508148,High Value Satisfied Customers
Shane Ball,54,,1,,,1,1,0.9746048950304056,0.002784354907217513,High Value Satisfied Customers
Shane Bean,28,,1,1.0,,0,4,-0.5417752169217422,-1.4173785893029751,
Shane Brown,56,,1,19.0,,0,0,-0.5542250021098414,1.126226083185263,Low Engagement Customers
Shane Davila,47,,1,10.0,,0,3,-0.55198582721273,-0.017394334248404118,
Shane Gomez,33,3.0,2,0.0,21.0,0,5,2.500950892975195,-0.06254422863856061,
Shane James,31,2.0,1,0.0,1.0,0,4,-0.9535836098776699,-2.1672471149063095,
Shane Mata,69,5.0,1,18.0,16.0,0,6,-0.3737037809228,0.8446718840244767,
Shane Merritt,37,,1,6.0,,1,1,0.9852318214474756,-0.974007777092677,High Value Satisfied Customers
Shane Perez,18,1.0,1,12.0,11.0,0,4,-0.5104361392774196,0.6101052386679933,
Shane Reed,19,3.0,1,11.0,23.0,0,7,-0.028073622988753627,0.9374873817791592,
Shane Rodriguez,35,4.0,1,18.0,14.0,0,6,-0.42144029073110395,0.2952016506372988,
Shane Taylor,50,,1,,,0,3,-0.5536461293927629,0.19475821904895657,
Shane Walker,67,,1,,,0,3,-0.5671975695623529,0.6305767430044937,
Shannon Bishop,58,1.0,2,13.5,11.0,0,5,2.08822428023534,1.8064044848948835,
Shannon Brooks,52,4.0,1,19.0,4.0,0,2,-0.8519799168992004,-0.47693719878032875,Frequent Support Users
Shannon Cameron,57,1.0,1,8.0,7.0,1,1,0.8207068630219496,0.38591863021355804,High Value Satisfied Customers
Shannon Chase,47,,1,12.0,,0,3,-0.550889134555535,0.18547076876822993,
Shannon Collins,66,5.0,1,22.0,23.0,0,6,-0.0768433923612742,2.090065886188511,
Shannon Cook,60,1.0,1,16.0,23.0,0,7,-0.0406789438247859,3.6638314725668373,
Shannon Delgado,34,,1,19.0,,1,1,0.9947517543374059,0.26770624122917297,High Value Satisfied Customers
Shannon Freeman,70,2.0,1,13.0,22.0,0,7,-0.10071698775510209,2.9009138636744494,
Shannon Garcia,58,,1,,,1,1,0.971416320872855,0.10532988995557918,High Value Satisfied Customers
Shannon Hardy,19,,1,17.0,,0,4,-0.5258273838096934,-0.025185219028716583,
Shannon Hayes,63,1.0,1,4.0,3.0,0,3,-0.8847235950403268,-0.09522984400965943,
Shannon Hill,41,2.0,1,10.0,23.0,0,7,-0.037491210865942454,1.9841000725370241,
Shannon Johnson,31,,1,21.0,,0,0,-0.5331997209679552,0.6881815921496365,Low Engagement Customers
Shannon Lee,58,2.0,1,1.0,13.0,0,3,-0.473514300320014,0.1976357080362263,
Shannon Mcclain,55,,1,,,1,1,0.973807751491018,0.028420738669307916,High Value Satisfied Customers
Shannon Mccormick,65,,1,11.0,,0,3,-0.5657860645931101,0.5454931249775405,
Shannon Mcdonald,59,,1,15.0,,1,1,0.9726297805383248,0.5028856292481654,High Value Satisfied Customers
Shannon Mitchell,65,,1,,,0,3,-0.5656032824835776,0.5793039754803129,
Shannon Morris,23,,1,5.0,,0,4,-0.535596113910414,-1.139830302080159,
Shannon Murray,59,,1,,,0,3,-0.5608204212472517,0.42548567290777034,
Shannon Perez,21,3.0,1,22.0,9.0,0,0,-0.608187245710902,0.27137232106075315,Low Engagement Customers
Shannon Perkins,57,3.0,1,13.0,0.0,0,2,-1.0176024091806284,-0.8970617594721786,Frequent Support Users
Shannon Petty,21,,1,18.0,,0,4,-0.5268733245598712,0.12752010000378133,
Shannon Price,23,,1,4.0,,1,1,0.9952951383417076,-1.5357822527785767,High Value Satisfied Customers
Shannon Rivera,68,,1,,,1,1,0.9634448854789786,0.3616937275764834,High Value Satisfied Customers
Shannon Sanchez,46,,1,9.0,,0,3,-0.5517370300019399,-0.14446326951881155,
Shannon Smith,22,5.0,2,12.5,6.0,1,5,3.4043727684701177,-2.5033314416803014,
Shannon Stokes,43,5.0,1,0.0,4.0,1,2,0.6675474769747182,-3.51344732998746,Frequent Support Users
Shannon Wade,70,4.0,1,9.0,4.0,0,2,-0.871811963894153,-1.0298078061458715,Frequent Support Users
Shannon Walsh,63,1.0,1,10.0,5.0,0,3,-0.797926210603321,0.775243450016539,
Shannon White,50,,1,8.0,,0,3,-0.5554739504880879,-0.1433502859787669,
Shannon Young,38,2.0,1,22.0,13.0,0,0,-0.4460561566317136,1.8149916144690756,Low Engagement Customers
Shari Chapman,20,,1,6.0,,0,4,-0.5326563369636536,-1.1153069018581134,
Shari Riley,30,,1,1.0,,0,4,-0.5433695040005175,-1.3661058217787942,
Sharon Bailey,21,,1,,,0,4,-0.5305289667505212,-0.5486969100516654,
Sharon Butler,66,,1,15.0,,0,3,-0.5643898228181078,0.976859714772899,
Sharon Callahan,60,,1,23.0,,0,0,-0.5552201909530019,1.6345018242668927,Low Engagement Customers
Sharon Clarke,41,,1,,,0,4,-0.5464718375382741,-0.03596923480985717,
Sharon Collins,38,1.0,1,8.0,13.0,1,1,1.0863745096665773,0.6844612936627291,High Value Satisfied Customers
Sharon Dyer,68,,1,,,0,3,-0.5679947131017405,0.6562131267665842,
Sharon Frederick,67,,1,,,0,3,-0.5671975695623529,0.6305767430044937,
Sharon Fuller,48,5.0,1,7.0,2.0,0,2,-0.9475467214681775,-2.642596136404984,Frequent Support Users
Sharon Humphrey,56,,1,,,1,1,0.9730106079516303,0.054057122431398374,High Value Satisfied Customers
Sharon Johnson,44,,1,,,0,3,-0.548863268156437,0.04093991647641409,
Sharon Jordan,35,,1,15.0,,1,1,0.9917612254836283,-0.11238758104200475,High Value Satisfied Customers
Sharon Kirk,68,,1,,,0,3,-0.5679947131017405,0.6562131267665842,
Sharon Long,58,,1,,,0,3,-0.5600232777078641,0.3998492891456799,
Sharon Lowery,60,1.0,1,3.0,22.0,0,7,-0.08956109932926372,2.2142693104705677,
Sharon Marsh,33,5.0,1,11.0,0.0,0,2,-1.0169034895283937,-2.883289671779368,Frequent Support Users
Sharon Rodriguez,28,2.0,2,7.5,0.0,0,5,1.6408904065676329,-1.595656053887554,
Sharon Ruiz,61,2.0,1,8.0,5.0,1,1,0.7253430660810414,-0.35745861921456934,High Value Satisfied Customers
Sharon Russell,30,,1,10.0,,1,1,0.993005211537579,-0.7477322573940418,High Value Satisfied Customers
Sharon Ryan,38,3.0,1,23.0,3.0,1,1,0.6597273396325621,-0.27152995759438253,High Value Satisfied Customers
Sharon Simpson,48,3.0,1,21.0,23.0,0,7,-0.04570732234502037,2.695268025962952,
Sharon Smith,27,,1,,,0,4,-0.5353118279868471,-0.39487860747912296,
Sharon Snyder,48,2.0,1,3.0,7.0,1,1,0.8164715069155142,-0.9360163806870335,High Value Satisfied Customers
Sharon Thomas,19,,1,22.0,,0,0,-0.5230856521667059,0.4819775385128686,Low Engagement Customers
Sharon Vaughn,60,,1,,,0,3,-0.5616175647866394,0.45112205666986077,
Sharon Ward,39,,1,20.0,,0,0,-0.5401252156116538,0.7918401107380428,Low Engagement Customers
Sharon Warren,21,,1,17.0,,0,4,-0.5274216708884687,0.026087548495464286,
Shaun Jackson,59,,1,,,1,1,0.9706191773334674,0.1309662737176696,High Value Satisfied Customers
Shaun Kelley,19,,1,,,1,1,1.002504918908973,-0.894489076765947,High Value Satisfied Customers
Shaun Meza,27,,1,23.0,,1,1,1.0025251444275094,0.49398176092780816,High Value Satisfied Customers
Shaun Palmer,28,4.0,1,12.0,23.0,0,6,-0.043367484832581765,0.6856025876460973,
Shaun Williams,49,,1,17.0,,0,0,-0.5497416899913228,0.743906293833996,Low Engagement Customers
Shaun Wilson,61,,1,21.0,,0,0,-0.5571140271495846,1.457273105012349,Low Engagement Customers
Shawn Brown DDS,54,,1,,,0,3,-0.5568347035503135,0.29730375409731824,
Shawn Daniels,69,,1,10.0,,0,3,-0.5695229850792582,0.5466061085175852,
Shawn Kim,48,,1,,,0,3,-0.5520518423139876,0.14348545152477576,
Shawn Knight,25,2.0,1,21.0,0.0,0,0,-0.9790391289735069,-0.3219208282923431,Low Engagement Customers
Shawn Mann,42,,1,,,1,1,0.9841706175030573,-0.3048522502378675,High Value Satisfied Customers
Shawn Monroe,46,,1,14.0,,0,0,-0.5489952983589523,0.36269948802277363,Low Engagement Customers
Shawn Phillips,56,5.0,1,9.0,12.0,0,6,-0.5352906447989797,-0.9252500384101447,
Shawn Rios,29,,1,,,0,4,-0.5369061150656224,-0.34360583995494215,
Shawn Silva,24,,1,4.0,,0,4,-0.5369416037783992,-1.2156264698263857,
Shawn Stewart,26,4.0,1,0.0,15.0,1,1,1.1490570190220593,-1.924892137073174,High Value Satisfied Customers
Shawn Thomas,53,,1,,,0,3,-0.5560375600109259,0.2716673703352278,
Shawn Vasquez,18,,1,21.0,,0,0,-0.5228368549559158,0.3549086032424611,Low Engagement Customers
Shawn Ward,55,4.0,1,16.0,18.0,0,6,-0.27146524124521026,1.1288201928150658,
Shawn Williams,65,,1,0.0,,0,3,-0.5718178742076826,-0.5702649416139468,
Shawna Payne,35,,1,9.0,,0,4,-0.5429684510686758,-0.4264634909018062,
Shawna Shepherd,62,,1,8.0,,0,3,-0.5650396729607396,0.1642863191663181,
Shawna Webb MD,21,3.0,1,10.0,1.0,0,4,-0.9487966275157552,-1.9933302369442363,
Sheena Cox,58,,1,,,0,3,-0.5600232777078641,0.3998492891456799,
Sheena Guzman,47,,1,23.0,,0,0,-0.5448573249409625,1.3012288353597175,Low Engagement Customers
Sheila Buckley,23,2.0,1,19.0,5.0,0,0,-0.7697732683883746,0.07863626360758291,Low Engagement Customers
Sheila Farrell,51,,1,18.0,,0,0,-0.5507876307415006,0.8966116128664938,Low Engagement Customers
Sheila Guerra,24,,1,,,0,4,-0.5329203973686841,-0.4717877587653943,
Sheila Ho,68,,1,22.0,,1,1,0.9692939129840185,1.4436409436651985,High Value Satisfied Customers
Sheila Hunt,29,,1,5.0,,0,4,-0.5403789751467398,-0.9860119995076166,
Sheila Leon,32,4.0,1,12.0,20.0,0,6,-0.17181701868826357,0.3953311452300144,
Sheila Lewis,49,,1,,,0,3,-0.5528489858533753,0.16912183528686617,
Sheila Michael,19,1.0,1,1.0,8.0,0,4,-0.6425260521295109,-0.872833421625848,
Sheila Morgan,26,,1,15.0,,1,1,0.9989355173381171,-0.34311503490081846,High Value Satisfied Customers
Sheila Pacheco,24,5.0,1,0.0,13.0,0,6,-0.4729635152632421,-2.5275682898837433,
Sheila Wilson,34,3.0,1,21.0,19.0,0,7,-0.20156192572443493,1.812602683341093,
Shelby Douglas,49,,1,0.0,,0,3,-0.5590635775774803,-0.9804470818073934,
Shelby James,46,,1,,,0,3,-0.5504575552352123,0.09221268400059492,
Shelby Macdonald,35,,1,,,0,4,-0.5416889763019482,-0.18978753738239967,
Shelby Robinson,41,,1,,,1,1,0.984967761042445,-0.3304886339999579,High Value Satisfied Customers
Shelby Sanders,66,4.0,1,4.0,1.0,0,2,-0.9966260810777212,-2.0323330762002625,Frequent Support Users
Shelby Taylor,41,1.0,1,18.0,6.0,0,0,-0.7342486288753024,1.1536424118052342,Low Engagement Customers
Shelia Carr,69,,1,11.0,,1,1,0.9624649598300583,0.3535192608358014,High Value Satisfied Customers
Shelia Larsen,63,2.0,1,9.0,10.0,0,3,-0.5983742070863034,0.7444610614487701,
Shelley Murphy,27,,1,,,0,4,-0.5353118279868471,-0.39487860747912296,
Shelly Campos,40,,1,15.0,,0,0,-0.543664090794029,0.31031373695854814,Low Engagement Customers
Shelly Estrada,61,,1,,,1,1,0.9690248902546921,0.18223904124185047,High Value Satisfied Customers
Sheri Larson,51,,1,15.0,,0,0,-0.5524326697272931,0.5923139583415428,Low Engagement Customers
Sherri Farley,38,,1,,,0,4,-0.5440804069201112,-0.11287838609612842,
Sherri Hunt,42,4.0,1,0.0,2.0,1,2,0.5935052303666218,-3.216916899225654,Frequent Support Users
Sherri Miles,45,,1,,,0,3,-0.5496604116958247,0.0665763002385045,
Sherri Murphy,65,,1,15.0,,0,3,-0.5635926792787201,0.9512233310108086,
Sherri Thompson,45,,1,16.0,,0,0,-0.5471014621623698,0.5399282072773174,Low Engagement Customers
Sherry Bass,35,,1,23.0,,1,1,0.9961479961124083,0.6990728310245314,High Value Satisfied Customers
Sherry Douglas,42,1.0,1,6.0,4.0,0,4,-0.8251332348232809,-0.2997898075087761,
Sherry Garcia,53,,1,17.0,,0,0,-0.5529302641488734,0.8464518288823576,Low Engagement Customers
Sherry Griffin,45,,1,8.0,,0,3,-0.5514882327911497,-0.27153220478921897,
Sherry Khan,19,,1,22.0,,0,0,-0.5230856521667059,0.4819775385128686,Low Engagement Customers
Sherry Lewis,38,4.0,1,3.0,6.0,0,2,-0.7660861421399126,-2.1968894106063703,Frequent Support Users
Sherry Mills,69,4.0,1,3.0,14.0,0,3,-0.4567683659992464,-0.35464957407638237,
Sherry Olsen,54,,1,22.0,,1,1,0.9804539225354455,1.0847315709959326,High Value Satisfied Customers
Sherry Richardson,46,,1,6.0,,0,3,-0.5533820689877323,-0.4487609240437626,
Sherry Rodriguez,54,,1,,,0,3,-0.5568347035503135,0.29730375409731824,
Sherry Young,37,5.0,1,15.0,3.0,0,2,-0.892637718673423,-1.982196953233294,Frequent Support Users
Sheryl Smith,35,,1,10.0,,0,4,-0.5424201047400782,-0.3250309393934891,
Shirley Howard,52,,1,15.0,,0,0,-0.5532298132666807,0.6179503421036331,Low Engagement Customers
Shirley Murphy,52,,1,7.0,,0,3,-0.5576165838954608,-0.1935100699629031,
Sierra Cole,66,5.0,1,12.0,20.0,0,6,-0.20758781534538043,0.6829233936408958,
Sierra French,49,,1,2.0,,0,3,-0.5579668849202852,-0.7775819787907594,
Sierra Kelly,23,,1,,,0,4,-0.5321232538292965,-0.4974241425274846,
Sierra Murray,50,,1,,,1,1,0.9777934691879562,-0.09976118014114416,High Value Satisfied Customers
Sierra Stone,58,,1,2.0,,1,1,0.9662984218059449,-0.8413739241220464,High Value Satisfied Customers
Sonya Price,57,,1,,,0,3,-0.5592261341684764,0.37421290538358953,
Sonya Stafford,48,,1,9.0,,0,3,-0.5533313170807151,-0.0931905019946307,
Sonya Watson,51,,1,8.0,,0,3,-0.5562710940274755,-0.11771390221667645,
Sophia Mejia DDS,47,,1,13.0,,0,3,-0.5503407882269375,0.28690332027654697,
Sophia Morgan,53,,1,22.0,,0,0,-0.550188532505886,1.3536145864239428,Low Engagement Customers
Sophia Trevino,62,,1,,,0,3,-0.5632118518654147,0.5023948241940417,
Spencer Fischer,68,,1,11.0,,0,3,-0.568177495211273,0.6224022762638117,
Spencer Harris,70,,1,,,0,3,-0.5695890001805158,0.7074858942907649,
Spencer Mullen,40,,1,6.0,,1,1,0.9828403908293126,-0.8970986258064059,High Value Satisfied Customers
Stacey Barron,23,4.0,1,19.0,11.0,1,1,0.9948524169527332,-0.5983387796540143,High Value Satisfied Customers
Stacey Blackburn,69,4.0,1,19.0,19.0,0,6,-0.23922655857813444,1.922966212497431,
Stacey Brown,35,,1,,,0,4,-0.5416889763019482,-0.18978753738239967,
Stacey Burns,66,,1,2.0,,1,1,0.9599212734908438,-0.636282854025323,High Value Satisfied Customers
Stacey Dixon,24,,1,,,0,4,-0.5329203973686841,-0.4717877587653943,
Stacey Franklin,51,5.0,1,21.0,5.0,0,2,-0.8170003437878443,-0.7528142865378297,Frequent Support Users
Stacey Gonzalez,37,5.0,1,11.0,0.0,0,2,-1.0200920636859443,-2.7807441367310064,Frequent Support Users
Stacey Harrison,52,5.0,1,11.0,10.0,0,2,-0.6145126844496549,-1.0868084554181687,Frequent Support Users
Stacey Harvey,69,,1,,,0,3,-0.5687918566411282,0.6818495105286746,
Stacey Johnson,48,3.0,1,7.0,8.0,0,3,-0.6796889694360414,-0.6888725824757091,
Stacey Mason,21,5.0,1,5.0,21.0,0,6,-0.1338011271404084,-1.049802743723244,
Stacey Mitchell,45,5.0,1,18.0,3.0,1,2,0.6340697705779874,-1.7673276278017203,Frequent Support Users
Stacey Santos,27,,1,,,0,4,-0.5353118279868471,-0.39487860747912296,
Stacey Simpson,55,5.0,1,23.0,12.0,0,6,-0.5268166526592271,0.4691692989442031,
Stacey Wilcox,24,3.0,1,17.0,11.0,0,4,-0.5298131015066316,0.10299669978173547,
Stacy Harper,18,2.0,1,9.0,14.0,0,4,-0.39548813488301776,0.11457976210729398,
Stacy Jones,27,,1,20.0,,0,0,-0.5305594931390021,0.48420350559295794,Low Engagement Customers
Stacy King,61,3.0,1,2.0,23.0,0,7,-0.06648876860041221,1.1013225362121037,
Stacy Lynch,64,4.0,2,21.0,17.0,0,5,2.3120721869059473,1.7544664802081142,
Stacy Martin,51,1.0,1,10.0,11.0,1,1,0.9936010298463122,0.9587214006102425,High Value Satisfied Customers
Stacy Robinson,28,,1,2.0,,0,4,-0.5412268705931447,-1.315946037794658,
Stacy Rogers,65,,1,10.0,,0,3,-0.5663344109217077,0.4440605734692234,
Stacy Thomas,51,,1,20.0,,0,0,-0.5496909380843056,1.099476715883128,Low Engagement Customers
Stanley Smith,33,,1,17.0,,0,0,-0.5369873933611204,0.3337241536405493,Low Engagement Customers
Stefanie Guzman,39,,1,6.0,,0,4,-0.5478020642120188,-0.6282156103783956,
Stephanie Anderson,66,,1,,,1,1,0.9650391725577538,0.3104209600523025,High Value Satisfied Customers
Stephanie Austin,41,,1,2.0,,0,4,-0.5515897366051841,-0.9826730488874826,
Stephanie Bailey,40,,1,,,1,1,0.9857649045818326,-0.3561250177620483,High Value Satisfied Customers
Stephanie Bowman,62,,2,8.5,,1,5,3.5963977403796474,-0.060821735788826436,
Stephanie Boyer,69,,1,6.0,,0,3,-0.5717163703936482,0.140875902484317,
Stephanie Brennan,53,4.0,1,7.0,9.0,0,3,-0.650588950218206,-1.0137964706773017,
Stephanie Brown,29,,1,21.0,,0,0,-0.5316054338891799,0.6369088246254557,Low Engagement Customers
Stephanie Buckley,70,4.0,1,18.0,8.0,0,0,-0.699862234005934,0.4068411273815743,Low Engagement Customers
Stephanie Carroll,65,4.0,1,19.0,17.0,1,6,1.2118943076947144,1.264023293282672,
Stephanie Chavez,49,4.0,1,7.0,23.0,1,6,1.4685903677780092,0.4222844899183101,
Stephanie Chen,35,1.0,1,1.0,20.0,1,7,1.3772030886135305,0.8140972292352759,
Stephanie Contreras,37,,1,12.0,,1,1,0.9885218994190605,-0.36541246804277494,High Value Satisfied Customers
Stephanie Cook,22,5.0,1,0.0,0.0,0,2,-1.014166720209702,-4.281047959753851,Frequent Support Users
Stephanie Douglas,29,,1,,,0,4,-0.5369061150656224,-0.34360583995494215,
Stephanie Dunn,19,,1,,,0,4,-0.5289346796717459,-0.5999696775758463,
Stephanie Elliott,29,,1,,,0,4,-0.5369061150656224,-0.34360583995494215,
Stephanie Fleming,55,,1,,,1,1,0.973807751491018,0.028420738669307916,High Value Satisfied Customers
Stephanie Flores,34,,1,,,0,4,-0.5408918327625606,-0.21542392114449005,
Stephanie Foster,51,,1,1.0,,0,3,-0.5601095183276581,-0.8277417627748956,
Stephanie Gilbert,21,,1,,,0,4,-0.5305289667505212,-0.5486969100516654,
Stephanie Gutierrez,55,,1,19.0,,0,0,-0.5534278585704537,1.1005896994231725,Low Engagement Customers
Stephanie Harris,38,,1,2.0,,1,1,0.982241292593698,-1.3541015993638545,High Value Satisfied Customers
Stephanie Hernandez,42,4.0,1,0.0,17.0,1,6,1.2198100288572777,-1.2528320119034309,
Stephanie Herrera,26,,1,,,1,1,0.9969249141332597,-0.7150343904313141,High Value Satisfied Customers
Stephanie Huber,47,,1,7.0,,0,3,-0.5536308661985225,-0.32169198877335514,
Stephanie Hughes,41,1.0,1,4.0,8.0,1,1,0.8730214275704724,-0.29905472352500845,High Value Satisfied Customers
Stephanie Lane,67,,1,9.0,,0,3,-0.5684770443290804,0.3939007894850872,
Stephanie Lee,44,,2,7.0,,0,5,2.0784842060150095,-0.37990607157882866,
Stephanie Marshall,26,,1,1.0,,0,4,-0.540180929842967,-1.468651356827156,
Stephanie Mcgrath,60,3.0,1,13.0,23.0,0,7,-0.05965981544645213,2.1914442190415007,
Stephanie Miller,57,2.0,3,16.666666666666668,15.0,0,5,4.878828192023561,2.060377419842328,
Stephanie Moore,29,,1,13.0,,1,1,0.9954473940627592,-0.4690709866311812,High Value Satisfied Customers
Stephanie Nelson DVM,54,,1,,,0,3,-0.5568347035503135,0.29730375409731824,
Stephanie Ortega,70,1.0,1,22.0,15.0,0,7,-0.37938952710876067,3.481278679332458,
Stephanie Padilla,53,,1,2.0,,1,1,0.9702841395028832,-0.9695558429324985,High Value Satisfied Customers
Stephanie Price,20,,1,,,1,1,1.0017077753695856,-0.8688526930038566,High Value Satisfied Customers
Stephanie Ramirez,23,,1,,,0,4,-0.5321232538292965,-0.4974241425274846,
Stephanie Rios,28,,1,,,1,1,0.9953306270544844,-0.6637616229071333,High Value Satisfied Customers
Stephanie Roach,40,,1,,,0,4,-0.5456746939988865,-0.06160561857194756,
Stephanie Roberts,57,5.0,1,11.0,22.0,0,6,-0.11745456335406824,0.6126413732500615,
Stephanie Robertson,22,1.0,1,7.0,9.0,0,4,-0.5998737515433784,-0.05638996880152643,
Stephanie Rodriguez,52,,1,12.0,,0,3,-0.5548748522524732,0.31365268757868203,
Stephanie Rollins,57,,1,,,1,1,0.9722134644122427,0.0796935061934888,High Value Satisfied Customers
Stephanie Schultz,52,,1,22.0,,0,0,-0.5493913889664983,1.3279782026618525,Low Engagement Customers
Stephanie Shaw,45,,1,,,1,1,0.9817791868848944,-0.22794309895159623,High Value Satisfied Customers
Stephanie Shea,27,1.0,1,3.0,22.0,1,7,1.4681842360512476,1.0737492471314831,
Stephanie Smith,41,3.0,1,6.0,20.0,0,7,-0.17361347219640053,0.6015080895391188,
Stephanie Taylor,66,,1,,,1,1,0.9650391725577538,0.3104209600523025,High Value Satisfied Customers
Stephanie Thomas,69,,1,,,0,3,-0.5687918566411282,0.6818495105286746,
Stephanie Valdez,26,4.0,1,21.0,10.0,1,1,0.9518040257590549,-0.44950351783925724,High Value Satisfied Customers
Stephanie Velasquez,50,2.0,1,22.0,14.0,1,1,1.1175713727090641,1.959047812912208,High Value Satisfied Customers
Stephanie Webb,31,,1,22.0,,0,0,-0.5326513746393576,0.7896141436579536,Low Engagement Customers
Stephanie Wright,28,5.0,1,10.0,21.0,0,6,-0.1366394002731344,-0.3631852998470257,
Stephanie Zamora,53,4.0,1,15.0,15.0,1,1,1.1357593383875553,0.28877849712802267,High Value Satisfied Customers
Stephen Baker,33,,1,10.0,,0,4,-0.5408258176613029,-0.3763037069176699,
Stephen Benitez,25,,1,6.0,,0,4,-0.5366420546605918,-0.9871249830476612,
Stephen Byrd,20,,1,,,0,4,-0.5297318232111335,-0.5743332938137559,
Stephen Carter,40,3.0,1,19.0,22.0,0,7,-0.08218051991982452,2.1563728603614463,
Stephen Chambers,49,1.0,1,12.0,8.0,0,3,-0.6604085486965678,1.0120161578283517,
Stephen Clark,56,,1,,,0,3,-0.5584289906290888,0.3485765216214991,
Stephen Franklin,53,,1,10.0,,0,3,-0.5567686884490559,0.1364239683241384,
Stephen Gonzalez,46,5.0,1,8.0,17.0,0,6,-0.3190992895701487,-0.6283514650986253,
Stephen Green,65,5.0,1,20.0,16.0,0,6,-0.36941851410805443,0.944991451992749,
Stephen Hickman,56,,1,19.0,,0,0,-0.5542250021098414,1.126226083185263,Low Engagement Customers
Stephen Hicks,29,4.0,1,1.0,5.0,0,2,-0.8017621961753291,-2.7614209599699664,Frequent Support Users
Stephen Jenkins,48,4.0,1,20.0,21.0,0,6,-0.13843089145697549,1.7479126899781456,
Stephen Johnson,33,3.0,3,1.0,9.0,1,5,6.161618640687356,-1.8082039176973248,
Stephen Lam,38,,1,,,0,4,-0.5440804069201112,-0.11287838609612842,
Stephen Lambert,22,,1,,,0,4,-0.5313261102899088,-0.523060526289575,
Stephen Lee,34,5.0,1,11.0,16.0,0,6,-0.3496421813444149,-0.7626294082069072,
Stephen Lopez,62,5.0,1,0.0,16.0,1,6,1.1534455885188775,-1.4550881286499635,
Stephen Mason,48,,1,,,0,3,-0.5520518423139876,0.14348545152477576,
Stephen Padilla,35,,1,4.0,,0,4,-0.5457101827116633,-0.9336262484433913,
Stephen Rivera,58,,1,5.0,,0,3,-0.5634961377889816,-0.24255687040699464,
Stephen Robles,46,,1,22.0,,0,0,-0.5446085277301724,1.17415990008931,Low Engagement Customers
Stephen Thompson,51,,1,,,0,3,-0.5544432729321506,0.220394602811047,
Stephen White MD,33,,1,12.0,,0,4,-0.539729125004108,-0.17343860390103585,
Stephen Williams,19,3.0,1,9.0,17.0,0,4,-0.279692235042211,-0.05101167616636386,
Stephen Zhang,62,4.0,2,21.5,11.0,0,5,2.0634187277527585,0.968276033509203,
Steve Fleming,55,,1,13.0,,0,3,-0.5567179365420387,0.49199439037327036,
Steve Moore,68,3.0,1,19.0,12.0,1,1,1.0094025272309362,1.2702822816283954,High Value Satisfied Customers
Steve Park,22,,1,14.0,,0,4,-0.5298638534136488,-0.25257372226739633,
Steve Smith,21,,1,15.0,,1,1,1.0029212350350551,-0.4712969537112705,High Value Satisfied Customers
Steve Williams,50,,1,,,0,3,-0.5536461293927629,0.19475821904895657,
Steven Alvarado,27,,1,,,0,4,-0.5353118279868471,-0.39487860747912296,
Steven Atkins,32,4.0,1,13.0,7.0,0,2,-0.7140661643849012,-1.2054432056075948,Frequent Support Users
Steven Banks,44,,1,0.0,,0,3,-0.555077859880542,-1.1086290006178454,
Steven Brown,19,,1,9.0,,0,4,-0.5302141544384734,-0.8366456310952528,
Steven Bullock,58,,1,,,0,3,-0.5600232777078641,0.3998492891456799,
Steven Cardenas,42,5.0,1,0.0,16.0,1,6,1.1693884593066306,-1.9678158038917721,
Steven Cole,45,,1,,,1,1,0.9817791868848944,-0.22794309895159623,High Value Satisfied Customers
Steven Cooper,57,,1,4.0,,0,3,-0.5632473405781915,-0.369625805677402,
Steven Cross,69,,1,10.0,,0,3,-0.5695229850792582,0.5466061085175852,
Steven Davis MD,53,,1,,,1,1,0.9754020385697932,-0.02285202885487292,High Value Satisfied Customers
Steven Doyle,52,4.0,1,20.0,14.0,1,1,1.09754456033722,0.6393658784193693,High Value Satisfied Customers
Steven Edwards,54,4.0,1,15.0,8.0,0,2,-0.6887529763615241,-0.3076386673368234,Frequent Support Users
Steven Foster,57,,1,,,0,3,-0.5592261341684764,0.37421290538358953,
Steven Fox,60,,1,5.0,,1,1,0.9663491737129621,-0.4858035020729145,High Value Satisfied Customers
Steven George,27,,1,10.0,,0,4,-0.536042956424977,-0.5301220094902124,
Steven Harvey,44,,1,1.0,,0,3,-0.5545295135519446,-1.0071964491095284,
Steven Henry,54,2.0,1,2.0,23.0,0,7,-0.05224084750676186,1.5059126493776633,
Steven Hernandez,56,5.0,1,2.0,2.0,0,2,-0.9566656014262662,-2.9446678238498456,Frequent Support Users
Steven Hodge,29,,1,,,1,1,0.9945334835150967,-0.6381252391450428,High Value Satisfied Customers
Steven Holloway,20,,1,,,0,4,-0.5297318232111335,-0.5743332938137559,
Steven Howard,67,,1,,,0,3,-0.5671975695623529,0.6305767430044937,
Steven Hurst,20,,1,,,0,4,-0.5297318232111335,-0.5743332938137559,
Steven Jensen,20,,1,,,1,1,1.0017077753695856,-0.8688526930038566,High Value Satisfied Customers
Steven Johnson,32,3.0,4,8.75,6.5,0,5,7.1605653782062495,-1.06187104081943,
Steven Jones,58,,1,2.0,,0,3,-0.565141176774774,-0.5468545249319456,
Steven Keller,34,2.0,1,0.0,8.0,0,4,-0.66369946786686,-1.1737650162030016,
Steven Kim,24,,1,,,0,4,-0.5329203973686841,-0.4717877587653943,
Steven Krause,33,,1,19.0,,0,0,-0.5358907007039254,0.5365892566571834,Low Engagement Customers
Steven Lara,23,,1,,,0,4,-0.5321232538292965,-0.4974241425274846,
Steven Martin,51,,1,17.0,,0,0,-0.5513359770700981,0.7951790613581767,Low Engagement Customers
Steven Miller,67,,1,,,0,3,-0.5671975695623529,0.6305767430044937,
Steven Montgomery,49,3.0,1,10.0,15.0,0,3,-0.38656550136066375,0.5576344032283695,
Steven Moore,62,,1,,,1,1,0.9682277467153044,0.20787542500394085,High Value Satisfied Customers
Steven Novak,47,,1,21.0,,0,0,-0.5459540175981575,1.0983637323430833,Low Engagement Customers
Steven Olson,36,,1,,,1,1,0.9889534787393832,-0.45867055281041,High Value Satisfied Customers
Steven Pham,43,2.0,1,3.0,8.0,0,4,-0.6692287207355563,-0.6387399078192367,
Steven Pruitt,67,,1,,,0,3,-0.5671975695623529,0.6305767430044937,
Steven Ramirez,26,1.0,1,6.0,22.0,1,7,1.4706264185764277,1.3524105178943437,
Steven Reynolds,53,,1,7.0,,0,3,-0.5584137274348484,-0.1678736862008127,
Steven Richardson,47,,1,,,1,1,0.9801848998061191,-0.17667033142741542,High Value Satisfied Customers
Steven Rodriguez,70,3.0,2,18.0,5.0,0,5,1.813268364209241,0.6167640178981204,
Steven Salazar,31,,1,,,0,4,-0.5385004021443976,-0.29233307243076134,
Steven Sampson,39,,1,,,0,4,-0.5448775504594988,-0.08724200233403799,
Steven Saunders,50,,1,0.0,,0,3,-0.5598607211168679,-0.954810698045303,
Steven Simon,26,2.0,2,8.0,0.0,1,5,3.174198465391426,-1.890731944847677,
Steven Smith,51,,1,20.0,,0,0,-0.5496909380843056,1.099476715883128,Low Engagement Customers
Steven Stark,63,,1,2.0,,0,3,-0.5691268944717123,-0.41867260612149354,
Steven Thompson,55,,1,19.0,,1,1,0.9780117400102654,0.8060703002330718,High Value Satisfied Customers
Steven Vega,28,,1,5.0,,1,1,0.9918577669733669,-1.3061677824598077,High Value Satisfied Customers
Steven Weeks,28,,1,,,0,4,-0.5361089715262347,-0.3692422237170325,
Steven Whitaker,66,,1,,,0,3,-0.5664004260229653,0.6049403592424033,
Steven Wilkins,64,,1,,,0,3,-0.56480613894419,0.5536675917182224,
Steven Wilson,51,,1,5.0,,0,3,-0.557916133013268,-0.42201155674162755,
Steven Wright,62,,1,,,1,1,0.9682277467153044,0.20787542500394085,High Value Satisfied Customers
Stuart Macdonald,61,,1,,,0,3,-0.562414708326027,0.4767584404319512,
Stuart Spears,21,3.0,1,6.0,19.0,0,4,-0.19942425464135802,-0.04215857819083765,
Stuart White,70,,1,0.0,,0,3,-0.5758035919046208,-0.4420830228034948,
Sue Kelly,59,,1,,,0,3,-0.5608204212472517,0.42548567290777034,
Sue Marshall,21,1.0,1,3.0,6.0,1,1,0.804908645564207,-1.1750929352514303,High Value Satisfied Customers
Summer Bentley,29,1.0,1,14.0,18.0,0,7,-0.22583245292451587,2.0115435104846595,
Summer Robinson,68,,1,4.0,,0,3,-0.5720159195114556,-0.08762558429440744,
Summer Vaughn,36,,1,23.0,,0,0,-0.5360887460076984,1.0192286139767226,Low Engagement Customers
Summer Wallace,27,,1,9.0,,0,4,-0.5365913027535746,-0.6315545609985294,
Summer Willis DDS,37,,1,,,0,4,-0.5432832633807235,-0.13851476985821884,
Susan Adkins,26,4.0,1,20.0,3.0,0,2,-0.8724594917792345,-1.1729896175745107,Frequent Support Users
Susan Anthony,29,,1,,,0,4,-0.5369061150656224,-0.34360583995494215,
Susan Bailey,33,,1,,,0,4,-0.5400946892231729,-0.24106030490658048,
Susan Bennett,43,5.0,1,9.0,1.0,0,2,-0.9842179643467547,-2.6988519446869494,Frequent Support Users
Susan Brown,48,1.0,1,12.0,7.0,0,3,-0.7013650583898906,0.8554407815781132,
Susan Carter,19,,1,19.0,,1,1,1.0067089074282205,-0.11683951520218332,High Value Satisfied Customers
Susan Chapman,51,4.0,1,1.0,12.0,0,3,-0.5270237814128845,-1.2808475697869401,
Susan Christensen,57,,1,,,0,3,-0.5592261341684764,0.37421290538358953,
Susan Collins,19,,1,,,1,1,1.002504918908973,-0.894489076765947,High Value Satisfied Customers
Susan Duncan,58,5.0,1,3.0,9.0,1,2,0.8660036290332479,-2.1699089565904113,Frequent Support Users
Susan Edwards,50,,1,,,1,1,0.9777934691879562,-0.09976118014114416,High Value Satisfied Customers
Susan Ford,42,,1,,,0,4,-0.5472689810776618,-0.010332851047766755,
Susan Gates,54,,1,9.0,,1,1,0.9733254202636781,-0.23389159861218897,High Value Satisfied Customers
Susan Gray,33,,1,,,0,4,-0.5400946892231729,-0.24106030490658048,
Susan Green MD,66,4.0,1,16.0,6.0,0,2,-0.7812776589709992,-0.16044749565971766,Frequent Support Users
Susan Griffith,58,,1,8.0,,0,3,-0.5618510988031891,0.06174078411795645,
Susan Herring,44,,1,,,0,3,-0.548863268156437,0.04093991647641409,
Susan Ingram,51,4.0,1,9.0,11.0,0,3,-0.5643906640168149,-0.6003261502085522,
Susan Jackson,35,,1,,,0,4,-0.5416889763019482,-0.18978753738239967,
Susan Kennedy,45,,1,23.0,,0,0,-0.5432630378621872,1.2499560678355366,Low Engagement Customers
Susan Lang,56,4.0,1,4.0,2.0,0,2,-0.9469009924511343,-2.1577579213330185,Frequent Support Users
Susan Lee,56,,1,0.0,,1,1,0.9667960162275253,-1.0955117946628614,High Value Satisfied Customers
Susan Maddox,27,,1,7.0,,1,1,0.9937516031699495,-1.1289390632052643,High Value Satisfied Customers
Susan Martin,19,4.0,1,17.0,21.0,0,6,-0.11695876780052623,0.7001599063525724,
Susan Medina,25,3.0,1,18.0,21.0,1,7,1.4189142321904011,1.244936160743524,
Susan Morrison,20,2.0,1,1.0,1.0,0,4,-0.9442666846158082,-2.3478147847809874,
Susan Morrow,25,,1,22.0,,0,0,-0.5278685134030318,0.6357958410854111,Low Engagement Customers
Susan Rowe PhD,53,,1,20.0,,0,0,-0.5512852251630809,1.1507494834073089,Low Engagement Customers
Susan Scott,43,,1,18.0,,0,0,-0.5444104824263994,0.6915205427697705,Low Engagement Customers
Susan Smith,59,,2,18.0,,1,5,3.6039984611194864,0.8258783522539141,
Susan Sparks,22,,1,3.0,,0,4,-0.5358956630282213,-1.3683317888588835,
Susan Stewart,29,,1,8.0,,1,1,0.9927056624197718,-0.9762337441727663,High Value Satisfied Customers
Susan Walters,30,,1,,,1,1,0.9937363399757091,-0.6124888553829524,High Value Satisfied Customers
Susan Warner,35,4.0,1,16.0,2.0,0,2,-0.9235808221808238,-1.4789313622371134,Frequent Support Users
Susan Washington,26,2.0,1,15.0,19.0,0,7,-0.1898069390629819,1.5829611036946605,
Susan Webster,39,,1,,,0,4,-0.5448775504594988,-0.08724200233403799,
Suzanne Brown,64,,1,22.0,,0,0,-0.5589571114391501,1.6356148078069375,Low Engagement Customers
Suzanne Gonzalez,51,,1,,,1,1,0.9769963256485685,-0.07412479637905373,High Value Satisfied Customers
Suzanne Harris,46,,1,16.0,,0,0,-0.5478986057017574,0.5655645910394078,Low Engagement Customers
Suzanne Hart,47,,1,14.0,,1,1,0.981647156682379,0.09381647259476333,High Value Satisfied Customers
Suzanne Holmes,28,,1,5.0,,1,1,0.9918577669733669,-1.3061677824598077,High Value Satisfied Customers
Suzanne Johnson,68,1.0,1,4.0,18.0,0,7,-0.2624045142466091,1.9970369621230153,
Suzanne Miller,39,2.0,1,17.0,4.0,0,0,-0.8253779109084823,0.15501430829624727,Low Engagement Customers
Suzanne Patton,44,3.0,1,23.0,16.0,0,0,-0.33369762815924764,1.8790146465141868,Low Engagement Customers
Suzanne Peters,42,5.0,1,22.0,21.0,1,6,1.3902203446993275,0.9183952917319436,
Suzanne Potter,62,,1,17.0,,0,0,-0.5601045560033622,1.0771792827411715,Low Engagement Customers
Sydney Chavez,18,,1,,,0,4,-0.5281375361323583,-0.6256060613379367,
Sydney Hawkins,67,,1,,,1,1,0.9642420290183662,0.33605734381439295,High Value Satisfied Customers
Sydney Rogers,44,,1,,,0,3,-0.548863268156437,0.04093991647641409,
Sydney Wagner,44,,1,15.0,,0,0,-0.5468526649515796,0.4128592720069098,Low Engagement Customers
Sylvia Russell,53,,1,0.0,,0,3,-0.5622521517350308,-0.8779015467590319,
Tabitha Potter,69,,1,,,0,3,-0.5687918566411282,0.6818495105286746,
Tamara Brooks,63,,1,6.0,,0,3,-0.5669335091573223,-0.012942400088225463,
Tamara Davis,45,3.0,1,12.0,18.0,0,7,-0.25701927484778697,1.0507709486610863,
Tamara Ferguson DVM,21,1.0,1,15.0,23.0,1,7,1.5213009064634537,2.2680605551468926,
Tamara Fowler,49,,1,,,0,3,-0.5528489858533753,0.16912183528686617,
Tamara Hahn,27,,1,19.0,,0,0,-0.5311078394675995,0.38277095408464085,Low Engagement Customers
Tamara Jacobson,41,1.0,1,2.0,2.0,1,1,0.621402815517015,-1.2875537814705316,High Value Satisfied Customers
Tamara Mason,64,,1,21.0,,0,0,-0.5595054577677475,1.5341822562986203,Low Engagement Customers
Tamara Nelson,45,,1,22.0,,0,0,-0.5438113841907848,1.1485235163272196,Low Engagement Customers
Tamara Olson,18,4.0,1,7.0,23.0,0,6,-0.03813778108169277,-0.07792400751639215,
Tami Armstrong,56,5.0,1,1.0,14.0,0,6,-0.4561701089623389,-1.4748324655003848,
Tami Elliott,48,4.0,1,11.0,13.0,0,6,-0.47739523427603625,-0.21249221350189307,
Tami Henderson,50,1.0,1,23.0,13.0,0,0,-0.446405616457831,2.8081055706226703,Low Engagement Customers
Tami Young,65,3.0,1,9.0,13.0,0,3,-0.4833754507848844,0.6045060069372027,
Tammie Carter,58,,1,,,0,3,-0.5600232777078641,0.3998492891456799,
Tammie Oneill,65,1.0,1,21.0,23.0,1,7,1.4895166687019823,4.004656749728773,
Tammy Baker,44,,1,,,0,3,-0.548863268156437,0.04093991647641409,
Tammy Carroll,24,,1,12.0,,0,4,-0.5325548331496192,-0.40416605775984965,
Tammy Cobb,64,,1,,,0,3,-0.56480613894419,0.5536675917182224,
Tammy Cortez,63,,1,17.0,,0,0,-0.5609016995427498,1.102815666503262,Low Engagement Customers
Tammy Davis,58,,1,,,0,3,-0.5600232777078641,0.3998492891456799,
Tammy Dennis,53,,1,,,0,3,-0.5560375600109259,0.2716673703352278,
Tammy Estes,37,,1,9.0,,0,4,-0.544562738147451,-0.37519072337762527,
Tammy Garcia,37,,1,20.0,,0,0,-0.5385309285328785,0.7405673432138621,Low Engagement Customers
Tammy Gray,31,,1,,,1,1,0.9929391964363214,-0.5868524716208621,High Value Satisfied Customers
Tammy Henderson,27,,1,10.0,,1,1,0.995396642155742,-0.8246414086803131,High Value Satisfied Customers
Tammy Hernandez,70,,1,15.0,,0,3,-0.5675783969756584,1.0794052498212607,
Tammy Johnson,25,,1,10.0,,1,1,0.9969909292345173,-0.875914176204494,High Value Satisfied Customers
Tammy Kirby,67,,1,,,0,3,-0.5671975695623529,0.6305767430044937,
Tammy Lopez,23,,1,18.0,,0,0,-0.5284676116386465,0.17879286752796217,Low Engagement Customers
Tammy Orozco,28,2.0,1,12.0,23.0,0,7,-0.026031652196708083,1.8536921866464828,
Tammy Price,20,,1,,,0,4,-0.5297318232111335,-0.5743332938137559,
Tammy Pruitt,33,,1,,,0,4,-0.5400946892231729,-0.24106030490658048,
Tammy Reid,23,,1,17.0,,0,4,-0.529015957967244,0.07736031601964515,
Tammy Rivers MD,68,,1,,,0,3,-0.5679947131017405,0.6562131267665842,
Tammy Sanchez,28,4.0,1,12.0,5.0,0,2,-0.794933243021369,-1.6712992771405697,Frequent Support Users
Tammy Scott,44,3.0,1,23.0,18.0,0,0,-0.25019032169382677,2.1408926314904835,Low Engagement Customers
Tammy Stevenson,63,,1,18.0,,1,1,0.9710862453665667,0.9097288188214783,High Value Satisfied Customers
Tammy Williams,30,,1,11.0,,0,4,-0.5378860407145425,-0.3517803066956241,
Tammy Wolf,55,,1,19.0,,1,1,0.9780117400102654,0.8060703002330718,High Value Satisfied Customers
Tammy Wright,24,,1,,,0,4,-0.5329203973686841,-0.4717877587653943,
Tanner Conley,66,,1,23.0,,0,0,-0.5600030521893278,1.7883201268394353,Low Engagement Customers
Tanner Palmer,44,,1,15.0,,0,0,-0.5468526649515796,0.4128592720069098,Low Engagement Customers
Tanya Cohen,35,,1,,,1,1,0.9897506222787709,-0.4843069365725004,High Value Satisfied Customers
Tanya Grant,61,2.0,1,7.0,11.0,0,3,-0.5561229594320127,0.6212621833961033,
Tanya Gross,44,,1,10.0,,0,3,-0.549594396594567,-0.09430348553467537,
Tanya Hill,30,,1,,,0,4,-0.53770325860501,-0.3179694561928517,
Tanya Martinez,53,,1,,,0,3,-0.5560375600109259,0.2716673703352278,
Tanya Meyer,26,,1,15.0,,0,4,-0.532504081242602,-0.04859563571071772,
Tanya Murray,68,1.0,1,15.0,14.0,0,7,-0.42338731756287823,2.5890390587619097,
Tanya Powell,34,4.0,1,4.0,3.0,0,2,-0.8876101813518957,-2.5908193716108596,Frequent Support Users
Tanya Smith,48,,1,10.0,,1,1,0.9786566278286014,-0.28627734967641444,High Value Satisfied Customers
Tara Chavez,63,1.0,1,19.0,21.0,0,7,-0.12493264192257715,3.783160293401763,
Tara Foster,46,1.0,1,0.0,1.0,0,3,-0.9568728466505477,-1.1986565589747609,
Tara Franklin,20,,1,,,1,1,1.0017077753695856,-0.8688526930038566,High Value Satisfied Customers
Tara Guerra,27,,1,,,0,4,-0.5353118279868471,-0.39487860747912296,
Tara Guzman,37,5.0,1,1.0,7.0,1,2,0.7981396442377727,-3.173016103587241,Frequent Support Users
Tara Krueger,28,,1,,,0,4,-0.5361089715262347,-0.3692422237170325,
Tara Pratt,51,,1,13.0,,0,3,-0.5535293623844881,0.3894488553249087,
Tara Roberts,65,,1,5.0,,0,3,-0.5690761425646951,-0.06310218407236175,
Tara Santos,36,1.0,1,1.0,20.0,0,7,-0.15503365350657608,1.134253012187467,
Tara Stevenson,44,1.0,1,0.0,1.0,0,3,-0.9552785595717724,-1.2499293264989417,
Tara Torres,46,2.0,1,3.0,13.0,0,3,-0.46285188519016723,0.09286420590777539,
Tara Williams,24,2.0,1,1.0,17.0,1,1,1.2520427915307266,-0.444764769112356,High Value Satisfied Customers
Tasha Price,40,2.0,1,0.0,11.0,1,1,0.9882182291756645,-0.9216491353561153,High Value Satisfied Customers
Tasha Sparks,19,,1,,,0,4,-0.5289346796717459,-0.5999696775758463,
Taylor Alvarez,46,1.0,1,17.0,6.0,1,1,0.7926569056798809,0.8858723799172685,High Value Satisfied Customers
Taylor Blake,28,,1,12.0,,1,1,0.9956961912735494,-0.5961399219015886,High Value Satisfied Customers
Taylor Burnett,57,2.0,1,2.0,1.0,0,3,-0.9732126492445536,-1.297836034075325,
Taylor Cohen,43,,1,22.0,,1,1,0.9892225014687096,0.802731349612938,High Value Satisfied Customers
Taylor Griffin,55,,1,,,0,3,-0.5576318470897011,0.32294013785940867,
Taylor Johnson,62,,1,,,0,3,-0.5632118518654147,0.5023948241940417,
Taylor Koch,59,,1,7.0,,0,3,-0.5631965886711743,-0.014055383628270164,
Taylor Montoya,22,,1,12.0,,0,4,-0.5309605460708439,-0.4554388252840305,
Taylor Murray,44,5.0,1,18.0,14.0,0,6,-0.4372824989035296,-0.058115695004080245,
Taylor Powell,35,,1,,,0,4,-0.5416889763019482,-0.18978753738239967,
Taylor Ramirez,22,4.0,1,14.0,9.0,1,1,0.9094005223837126,-1.3930159059339862,High Value Satisfied Customers
Taylor Rollins,64,4.0,1,5.0,7.0,0,3,-0.743961528274086,-1.1965393372872377,
Taylor Sanchez,49,,1,,,0,3,-0.5528489858533753,0.16912183528686617,
Taylor Singleton,22,,1,5.0,,1,1,0.9966406282096928,-1.4599860850323503,High Value Satisfied Customers
Taylor Taylor,32,,1,16.0,,0,0,-0.5367385961503303,0.2066552183701418,Low Engagement Customers
Taylor Thompson,26,,1,6.0,,0,4,-0.5374391981999794,-0.9614885992855708,
Taylor Wilson,32,2.0,1,22.0,8.0,1,1,0.8813980370217793,0.7119589502656916,High Value Satisfied Customers
Taylor Zimmerman,21,,1,21.0,,0,0,-0.5252282855740787,0.4318177545287324,Low Engagement Customers
Teresa Aguirre,43,,1,10.0,,0,4,-0.5487972530551793,-0.11993986929676577,
Teresa Baker,69,5.0,1,14.0,18.0,0,6,-0.2923898597717692,0.700819662967505,
Teresa Barnes MD,66,4.0,1,4.0,8.0,1,1,0.8270890901319706,-1.4102795279733262,High Value Satisfied Customers
Teresa Carr,18,4.0,1,19.0,8.0,1,1,0.8735771749515402,-1.119337675928911,High Value Satisfied Customers
Teresa Castillo,37,,1,4.0,,0,4,-0.5473044697904386,-0.8823534809192104,
Teresa Contreras,69,,1,18.0,,0,0,-0.5651362144504782,1.3580665205841214,Low Engagement Customers
Teresa Davenport,32,,1,,,0,4,-0.5392975456837853,-0.2666966886686709,
Teresa Foley,30,,1,,,1,1,0.9937363399757091,-0.6124888553829524,High Value Satisfied Customers
Teresa Glover,37,,1,19.0,,0,0,-0.539079274861476,0.639134791705545,Low Engagement Customers
Teresa Guerrero,51,,1,,,0,3,-0.5544432729321506,0.220394602811047,
Teresa Hayes,31,,1,,,0,4,-0.5385004021443976,-0.29233307243076134,
Teresa Hill,37,3.0,1,13.0,15.0,0,4,-0.37535473990221946,0.5542954526082357,
Teresa Hines,23,,1,3.0,,1,1,0.9947467920131101,-1.637214804286894,High Value Satisfied Customers
Teresa Hughes,67,,1,,,0,3,-0.5671975695623529,0.6305767430044937,
Teresa Jimenez,25,4.0,2,5.0,17.0,0,5,2.334387243684506,-0.8682733106464844,
Teresa Jones,46,4.0,1,19.0,22.0,1,6,1.4358083011066316,1.4316269642436952,
Teresa Lambert,22,,1,,,0,4,-0.5313261102899088,-0.523060526289575,
Teresa Medina,49,5.0,1,17.0,20.0,0,6,-0.19129464353280295,0.754267627226944,
Teresa Moore,53,,1,,,0,3,-0.5560375600109259,0.2716673703352278,
Teresa Nguyen,52,,1,16.0,,1,1,0.9787581316426358,0.4248634944218494,High Value Satisfied Customers
Teresa Patton,46,,1,,,1,1,0.9809820433455068,-0.20230671518950583,High Value Satisfied Customers
Teresa Rivera,32,4.0,1,23.0,3.0,0,0,-0.8755973140297679,-0.7148736604770172,Low Engagement Customers
Teresa Ross,39,,1,6.0,,1,1,0.9836375343687003,-0.9227350095684963,High Value Satisfied Customers
Teresa Vasquez,57,4.0,1,3.0,11.0,0,3,-0.5724636032247258,-1.0551031566859117,
Teresa White,19,,1,,,0,4,-0.5289346796717459,-0.5999696775758463,
Teresa Woods,37,,1,,,0,4,-0.5432832633807235,-0.13851476985821884,
Terrance Turner,64,4.0,1,6.0,14.0,0,3,-0.4511376093165157,-0.17853383836188347,
Terrance Whitehead,32,,1,18.0,,0,0,-0.5356419034931353,0.4095203213867759,Low Engagement Customers
Terrence Garrett,46,,1,,,0,3,-0.5504575552352123,0.09221268400059492,
Terri Bartlett,70,5.0,1,16.0,6.0,1,2,0.7383054491342325,-0.9364661593016494,Frequent Support Users
Terri Garcia,50,4.0,1,21.0,14.0,0,0,-0.43175240483612615,0.9840450615936062,Low Engagement Customers
Terri Guzman,34,2.0,1,11.0,5.0,1,1,0.7485109806303004,-0.7453433262660594,High Value Satisfied Customers
Terri Hill,24,,1,,,1,1,0.998519201212035,-0.766307157955495,High Value Satisfied Customers
Terri Howard,48,3.0,1,15.0,13.0,1,1,1.0649056659370095,0.482763392841467,High Value Satisfied Customers
Terri Jackson,50,2.0,1,23.0,10.0,1,1,0.9511051061068201,1.5367243944679323,High Value Satisfied Customers
Terri Johnson,41,5.0,1,19.0,7.0,1,2,0.8048213039949771,-1.2446846413891723,Frequent Support Users
Terri Mcgrath,48,5.0,1,4.0,13.0,1,6,1.0415380236865635,-1.8010842727504057,
Terri Warren,54,,1,,,0,3,-0.5568347035503135,0.29730375409731824,
Terry Blackwell,69,,1,,,0,3,-0.5687918566411282,0.6818495105286746,
Terry Buchanan,66,,1,,,0,3,-0.5664004260229653,0.6049403592424033,
Terry Cook,41,,1,,,0,4,-0.5464718375382741,-0.03596923480985717,
Terry Cross,44,,1,,,1,1,0.982576330424282,-0.25357948271368663,High Value Satisfied Customers
Terry Flores,28,,1,1.0,,1,1,0.9896643816589769,-1.7118979884930758,High Value Satisfied Customers
Terry Haney,51,4.0,1,18.0,5.0,0,2,-0.8099774664556999,-0.47306714156258795,Frequent Support Users
Terry Johnson,46,,1,,,0,3,-0.5504575552352123,0.09221268400059492,
Terry Kelley,70,3.0,1,17.0,1.0,0,0,-0.9840182366455674,-0.02711957204358705,Low Engagement Customers
Terry Miller,32,,1,0.0,,1,1,0.9859274611728288,-1.710785004953031,High Value Satisfied Customers
Terry Morales,47,,1,19.0,,0,0,-0.5470507102553526,0.8954986293264491,Low Engagement Customers
Terry Ortega,45,1.0,1,12.0,17.0,0,7,-0.2814370954446237,2.087921555173324,
Terry Perez,23,,1,0.0,,0,4,-0.5383378455534015,-1.6469930596217441,
Terry Sims,70,5.0,1,23.0,7.0,0,2,-0.7475420719135937,0.19902009293481854,Frequent Support Users
Terry Wilson,40,,1,,,1,1,0.9857649045818326,-0.3561250177620483,High Value Satisfied Customers
Terry Wright,68,1.0,1,13.0,21.0,0,7,-0.13220843759110038,3.302746903162313,
Terry Young,40,,1,5.0,,0,4,-0.5491475540800039,-0.7040117781246221,
Theodore Banks MD,19,,1,8.0,,0,4,-0.5307625007670709,-0.9380781826035698,
Theodore Rojas,60,1.0,1,0.0,13.0,0,3,-0.4669890174094499,0.7315207235522829,
Theodore Sanford,48,,1,11.0,,0,3,-0.5522346244235201,0.10967460102200335,
Theresa Adams MD,43,,1,4.0,,1,1,0.9793522675539547,-1.0230545775367685,High Value Satisfied Customers
Theresa Bowen,41,,1,,,1,1,0.984967761042445,-0.3304886339999579,High Value Satisfied Customers
Theresa Cole MD,52,,1,,,1,1,0.9761991821091809,-0.04848841261696332,High Value Satisfied Customers
Theresa Duran,29,,1,8.0,,0,4,-0.5387339361609473,-0.6817143449826656,
Theresa Gordon,53,1.0,1,0.0,17.0,1,7,1.2370451988778242,0.781302607980142,
Theresa Holt,33,,1,,,0,4,-0.5400946892231729,-0.24106030490658048,
Theresa King,50,,1,3.0,,0,3,-0.5582156821310754,-0.650513043520352,
Theresa Lopez,52,,1,14.0,,0,3,-0.5537781595952782,0.5165177905953162,
Theresa Rivera,53,1.0,1,1.0,23.0,0,7,-0.04332413397803489,1.9628885136074485,
Theresa Stevenson,36,2.0,1,3.0,7.0,0,4,-0.7054023691925532,-0.9491335866420179,
Thomas Allen,23,,1,3.0,,0,4,-0.536692806567609,-1.3426954050967932,
Thomas Barnett,59,4.0,1,23.0,20.0,0,6,-0.18730808463715753,2.2032715733979433,
Thomas Barron,29,,1,22.0,,0,0,-0.5310570875605823,0.7383413761337728,Low Engagement Customers
Thomas Becker,52,,1,19.0,,0,0,-0.5510364279522908,1.0236805481369013,Low Engagement Customers
Thomas Bennett,53,1.0,1,3.0,18.0,0,7,-0.2509957074843919,1.511058654183342,
Thomas Brown,47,4.0,1,20.0,22.0,0,6,-0.09588009468487742,1.8532152987042034,
Thomas Buckley,23,,1,14.0,,0,4,-0.5306609969530365,-0.2269373385053059,
Thomas Carr,63,,1,23.0,,0,0,-0.5576116215711648,1.7114109755531641,Low Engagement Customers
Thomas Chang,37,2.0,1,18.0,7.0,1,1,0.8334652807777407,0.3034716705547272,High Value Satisfied Customers
Thomas Contreras,41,,1,1.0,,0,4,-0.5521380829337816,-1.0841056003957998,
Thomas Dougherty,36,,1,,,0,4,-0.5424861198413359,-0.16415115362030927,
Thomas Fields,32,,1,,,1,1,0.9921420528969338,-0.5612160878587716,High Value Satisfied Customers
Thomas Forbes,26,,1,,,0,4,-0.5345146844474594,-0.42051499124121344,
Thomas Ford,21,,1,,,0,4,-0.5305289667505212,-0.5486969100516654,
Thomas Frost,25,,1,19.0,,0,0,-0.5295135523888242,0.33149818656046,Low Engagement Customers
Thomas Garcia,42,4.0,1,18.0,22.0,0,6,-0.09299106964513416,1.5221682768771174,
Thomas Garner,34,,1,19.0,,0,0,-0.5366878442433131,0.5622256404192738,Low Engagement Customers
Thomas Garrison,39,,1,8.0,,0,4,-0.5467053715548238,-0.42535050736176144,
Thomas Gates,38,4.0,1,22.0,8.0,0,0,-0.6721602554311393,-0.00779294697205077,Low Engagement Customers
Thomas Gray,58,,2,,,0,5,2.069700363887505,0.4185443576264776,
Thomas Hall,55,3.0,1,0.0,15.0,0,3,-0.3968318258829646,-0.30287280928225835,
Thomas Harris,27,,1,12.0,,0,4,-0.5349462637677821,-0.3272569064735783,
Thomas Hebert,40,,1,,,0,4,-0.5456746939988865,-0.06160561857194756,
Thomas Kidd,67,2.0,1,1.0,20.0,1,7,1.343026579035189,1.0504167101219766,
Thomas King,35,2.0,1,12.0,1.0,1,1,0.5812475704886686,-1.1420303609482447,High Value Satisfied Customers
Thomas Martin,55,,1,22.0,,0,0,-0.5517828195846612,1.4048873539481237,Low Engagement Customers
Thomas Martinez,34,,1,,,0,4,-0.5408918327625606,-0.21542392114449005,
Thomas Mcfarland,48,,1,14.0,,0,3,-0.5505895854377276,0.4139722555469545,
Thomas Mitchell,68,,1,12.0,,1,1,0.9638104496980435,0.4293154285820279,High Value Satisfied Customers
Thomas Montes,45,,1,,,1,1,0.9817791868848944,-0.22794309895159623,High Value Satisfied Customers
Thomas Nunez,26,,1,8.0,,0,4,-0.5363425055427844,-0.7586234962689369,
Thomas Ortiz,47,,1,,,1,1,0.9801848998061191,-0.17667033142741542,High Value Satisfied Customers
Thomas Price,64,,1,4.0,,0,3,-0.568827345353905,-0.19017111934276915,
Thomas Prince,20,,1,,,0,4,-0.5297318232111335,-0.5743332938137559,
Thomas Ray,34,5.0,1,0.0,17.0,0,6,-0.3139203377262769,-1.7474484823102463,
Thomas Rios,56,5.0,1,1.0,14.0,1,6,1.07526948961838,-1.7693518646904856,
Thomas Robinson,68,,1,,,0,3,-0.5679947131017405,0.6562131267665842,
Thomas Smith,24,1.0,3,12.666666666666666,23.0,1,5,6.777077284269303,2.145683889875353,
Thomas Soto MD,69,2.0,1,5.0,21.0,0,7,-0.14606026807720487,1.9328780753576744,
Thomas Stanley,54,,1,17.0,,0,0,-0.553727407688261,0.872088212644448,Low Engagement Customers
Thomas Stevens,42,,1,5.0,,1,1,0.9806977574219399,-0.947258409790542,High Value Satisfied Customers
Thomas Stone,57,4.0,1,5.0,3.0,0,2,-0.905396136429214,-1.8997499935744633,Frequent Support Users
Thomas Thomas,49,5.0,1,11.0,12.0,0,6,-0.5286139473660711,-0.9018396217281435,
Thomas Torres,61,3.0,1,13.0,17.0,0,3,-0.3109788783821022,1.4314466478747019,
Thomas Ward,59,1.0,1,8.0,12.0,0,7,-0.5035587564739926,1.3864057593685803,
Thomas Watson,55,,1,,,0,3,-0.5576318470897011,0.32294013785940867,
Thomas West,25,5.0,1,9.0,11.0,1,2,0.9791067502700461,-2.1454363267131966,Frequent Support Users
Thomas Wheeler,59,,1,22.0,,0,0,-0.5549713937422118,1.5074328889964854,Low Engagement Customers
Thomas Wolf,48,,1,8.0,,0,3,-0.5538796634093126,-0.19462305350294767,
Thomas Wright,18,,1,22.0,,1,1,1.0091510899534006,0.16182175556067746,High Value Satisfied Customers
Tiffany Chen,43,,1,21.0,,1,1,0.9886741551401121,0.7012987981046208,High Value Satisfied Customers
Tiffany Cortez,27,,1,2.0,,0,4,-0.540429727053757,-1.3415824215567485,
Tiffany Davis,36,,1,10.0,,0,4,-0.5432172482794658,-0.29939455563139866,
Tiffany Dyer,61,,1,,,0,3,-0.562414708326027,0.4767584404319512,
Tiffany Floyd,33,,1,9.0,,0,4,-0.5413741639899005,-0.47773625842598694,
Tiffany Gomez,55,,1,13.0,,1,1,0.9747216620386804,0.19747499118316963,High Value Satisfied Customers
Tiffany Gonzales,70,,1,19.0,,0,0,-0.5653850116612684,1.4851354558545287,Low Engagement Customers
Tiffany Harper,45,,1,,,0,3,-0.5496604116958247,0.0665763002385045,
Tiffany Hicks,18,,1,,,0,4,-0.5281375361323583,-0.6256060613379367,
Tiffany Johnson,56,,1,,,0,3,-0.5584289906290888,0.3485765216214991,
Tiffany Key,53,,1,,,0,3,-0.5560375600109259,0.2716673703352278,
Tiffany Mayo,61,5.0,1,10.0,16.0,0,6,-0.37171340323647883,-0.1718795981387829,
Tiffany Mcfarland,28,,1,,,0,4,-0.5361089715262347,-0.3692422237170325,
Tiffany Mitchell,20,,1,,,1,1,1.0017077753695856,-0.8688526930038566,High Value Satisfied Customers
Tiffany Moore,56,5.0,1,10.0,4.0,0,2,-0.8687715243320654,-1.871329426807013,Frequent Support Users
Tiffany Nicholson,44,4.0,1,2.0,13.0,0,3,-0.47914177707586314,-1.227930712125108,
Tiffany Oliver,36,,1,,,1,1,0.9889534787393832,-0.45867055281041,High Value Satisfied Customers
Tiffany Pena,68,,1,,,0,3,-0.5679947131017405,0.6562131267665842,
Tiffany Perkins,19,2.0,1,18.0,5.0,1,1,0.7643065580212975,-0.4198612221391965,High Value Satisfied Customers
Tiffany Reid,24,,1,7.0,,0,4,-0.5352965647926066,-0.9113288153014348,
Tiffany Rubio,67,,1,,,1,1,0.9642420290183662,0.33605734381439295,High Value Satisfied Customers
Tiffany Russo,49,,1,,,0,3,-0.5528489858533753,0.16912183528686617,
Tiffany Schmidt,65,3.0,1,19.0,10.0,1,1,0.9282866513836785,0.9314951453658276,High Value Satisfied Customers
Tiffany Stephenson,52,,1,,,0,3,-0.5552404164715382,0.2460309865731374,
Tiffany Williams,32,,1,20.0,,0,0,-0.5345452108359403,0.6123854244034099,Low Engagement Customers
Tiffany Wilson,18,,1,5.0,,0,4,-0.5316103962134757,-1.2680122208906113,
Tim Solis,64,,1,,,0,3,-0.56480613894419,0.5536675917182224,
Timothy Anderson,24,5.0,1,22.0,9.0,0,2,-0.6279145089649387,-0.8198081266533613,Frequent Support Users
Timothy Arellano,36,3.0,1,1.0,8.0,1,1,0.8580262736457445,-1.8996238958607972,High Value Satisfied Customers
Timothy Baker,42,4.0,2,7.5,16.0,0,5,2.280453016103699,-0.309812400408303,
Timothy Bell,22,,1,,,0,4,-0.5313261102899088,-0.523060526289575,
Timothy Benson,18,,1,6.0,,0,4,-0.5310620498848783,-1.1665796693822943,
Timothy Blanchard,30,5.0,1,5.0,2.0,0,2,-0.9342948304163948,-3.3069161471392454,Frequent Support Users
Timothy Brady,68,,1,18.0,,0,0,-0.5643390709110906,1.332430136822031,Low Engagement Customers
Timothy Brown,18,2.0,1,19.0,23.0,0,7,-0.014221792502649128,2.307356209583798,
Timothy Clark,64,,1,,,1,1,0.9666334596365291,0.25914819252812166,High Value Satisfied Customers
Timothy Curry,40,,1,,,1,1,0.9857649045818326,-0.3561250177620483,High Value Satisfied Customers
Timothy Davis,60,,1,,,0,3,-0.5616175647866394,0.45112205666986077,
Timothy Edwards,26,,1,,,0,4,-0.5345146844474594,-0.42051499124121344,
Timothy Ford,41,,1,15.0,,0,0,-0.5444612343334166,0.3359501207206385,Low Engagement Customers
Timothy Garcia,57,,1,2.0,,0,3,-0.5643440332353864,-0.5724909086940361,
Timothy Gomez,29,,1,20.0,,0,0,-0.5321537802177774,0.5354762731171389,Low Engagement Customers
Timothy Graves,44,,1,4.0,,0,3,-0.5528844745661521,-0.7028987945845775,
Timothy Hall,36,,1,,,0,4,-0.5424861198413359,-0.16415115362030927,
Timothy Hernandez,39,3.0,1,0.0,10.0,1,1,0.9385938031644049,-1.6622693111065465,High Value Satisfied Customers
Timothy Hogan,67,2.0,1,9.0,6.0,1,1,0.7628622044060235,0.028731227354438338,High Value Satisfied Customers
Timothy Holder,69,4.0,1,10.0,16.0,0,6,-0.36942263523364316,0.6172562714581332,
Timothy Jackson,67,5.0,1,18.0,7.0,0,2,-0.7478923729384183,-0.3850518158930378,Frequent Support Users
Timothy James,50,,1,23.0,,0,0,-0.5472487555591254,1.3781379866459886,Low Engagement Customers
Timothy Jones,35,,1,15.0,,0,4,-0.5396783730970908,0.18213181814809598,
Timothy Lyons,50,5.0,1,2.0,18.0,0,6,-0.28382428846657387,-1.0034622466120173,
Timothy Martinez,64,4.0,1,7.0,10.0,1,1,0.9138357226619593,-0.8953766559962597,High Value Satisfied Customers
Timothy Mcpherson,66,,1,,,0,3,-0.5664004260229653,0.6049403592424033,
Timothy Middleton,55,,1,,,0,3,-0.5576318470897011,0.32294013785940867,
Timothy Morgan,39,,1,,,0,4,-0.5448775504594988,-0.08724200233403799,
Timothy Newman,27,5.0,1,1.0,18.0,0,6,-0.2660383333892555,-1.6945316246484141,
Timothy Ortiz,54,,1,,,0,3,-0.5568347035503135,0.29730375409731824,
Timothy Richard,63,5.0,1,18.0,23.0,0,6,-0.07664534705750127,1.6074265288689713,
Timothy Robinson,61,,1,10.0,,1,1,0.968293761816562,0.046995639230761055,High Value Satisfied Customers
Timothy Ruiz,39,5.0,1,1.0,7.0,0,2,-0.7348942414217217,-2.827223936872959,Frequent Support Users
Timothy Schultz,24,5.0,1,4.0,2.0,0,2,-0.9300603155086665,-3.562167001220105,Frequent Support Users
Timothy Suarez,19,,1,,,0,4,-0.5289346796717459,-0.5999696775758463,
Timothy Sutton,65,,1,,,0,3,-0.5656032824835776,0.5793039754803129,
Timothy Terry,38,4.0,1,13.0,22.0,0,6,-0.0925442271305711,0.9124599842871705,
Timothy Ware,27,,1,14.0,,0,4,-0.5338495711105871,-0.12439180345694424,
Timothy Watson,46,4.0,1,19.0,21.0,1,6,1.3940546478739213,1.3006879717555468,
Timothy White,63,,1,,,0,3,-0.5640089954048023,0.5280312079561321,
Timothy Williams,43,,1,9.0,,0,4,-0.5493455993837769,-0.2213724208050828,
Timothy Wright,68,2.0,1,7.0,16.0,1,1,1.1785049005365447,1.1608924329813763,High Value Satisfied Customers
Tina Arnold,56,,1,9.0,,0,3,-0.5597084653958163,0.11190056810209265,
Tina Bond,19,,1,15.0,,0,4,-0.5269240764668884,-0.22805032204535064,
Tina Brown,18,4.0,1,23.0,21.0,0,6,-0.1128715462895536,1.283118831640384,
Tina Howard,68,,1,2.0,,0,3,-0.5731126121686505,-0.2904906873110415,
Tina Maldonado,19,,1,5.0,,1,1,0.9990320588278557,-1.5368952363186215,High Value Satisfied Customers
Tina Martin,54,,1,2.0,,0,3,-0.5619526026172235,-0.6494000599803074,
Tina Martinez,41,,1,22.0,,0,0,-0.5406228100332341,1.0459779812788579,Low Engagement Customers
Tina Mcguire,29,5.0,1,17.0,16.0,0,6,-0.34236638567589167,-0.28221601796745716,
Tina Montgomery,37,5.0,1,6.0,7.0,0,2,-0.7305582226999588,-2.3713339468555543,Frequent Support Users
Tina Moore,20,1.0,1,17.0,22.0,1,7,1.481441089427326,2.3143502819132884,
Tina Myers,50,,1,20.0,,0,0,-0.5488937945449179,1.0738403321210375,Low Engagement Customers
Tina Nelson,65,,1,,,0,3,-0.5656032824835776,0.5793039754803129,
Tina Nichols,59,,1,,,0,3,-0.5608204212472517,0.42548567290777034,
Tina Payne,64,3.0,1,22.0,12.0,0,0,-0.5172034582064396,1.7665538002950856,Low Engagement Customers
Tina Peters,68,1.0,1,8.0,3.0,0,3,-0.8865159274228751,0.4386822808340605,
Tina Rocha,25,,1,,,0,4,-0.5337175409080718,-0.4461513750033039,
Tina Thomas,20,2.0,1,4.0,15.0,0,4,-0.3580705003720701,-0.210371235421962,
Tina Washington,45,1.0,1,21.0,2.0,0,0,-0.9028067769779022,1.036729631425954,Low Engagement Customers
Tina Wells,53,,1,,,0,3,-0.5560375600109259,0.2716673703352278,
Todd Adkins,51,,1,0.0,,0,3,-0.5606578646562556,-0.9291743142832125,
Todd Bonilla,29,5.0,1,15.0,19.0,1,6,1.3132374799457636,-0.38678354270974735,
Todd Brown,47,,1,19.0,,0,0,-0.5470507102553526,0.8954986293264491,Low Engagement Customers
Todd Chen,53,1.0,1,8.0,11.0,0,3,-0.5405295484703772,1.1016484643078899,
Todd Edwards,19,,1,,,0,4,-0.5289346796717459,-0.5999696775758463,
Todd Estrada,50,,1,,,1,1,0.9777934691879562,-0.09976118014114416,High Value Satisfied Customers
Todd Garrett,20,,1,21.0,,0,0,-0.524431142034691,0.40618137076664196,Low Engagement Customers
Todd Hart,37,,1,,,0,4,-0.5432832633807235,-0.13851476985821884,
Todd Johnson,24,,1,,,0,4,-0.5329203973686841,-0.4717877587653943,
Todd Moore,30,,1,17.0,,0,0,-0.5345959627429575,0.25681500235427807,Low Engagement Customers
Todd Riddle,61,,1,17.0,,0,0,-0.5593074124639745,1.051542898979081,Low Engagement Customers
Todd Roberts,68,,1,19.0,,1,1,0.967648873998226,1.1393432891402473,High Value Satisfied Customers
Todd Snyder,27,,1,,,0,4,-0.5353118279868471,-0.39487860747912296,
Todd Vaughn,52,2.0,1,3.0,21.0,0,7,-0.13360552056480987,1.2941944483855032,
Todd Walsh,41,,1,3.0,,0,4,-0.5510413902765866,-0.8812404973791658,
Todd Watson,55,,1,,,0,3,-0.5576318470897011,0.32294013785940867,
Todd Zimmerman,30,,1,10.0,,0,4,-0.53843438704314,-0.45321285820394114,
Tom Fischer,46,,1,,,0,3,-0.5504575552352123,0.09221268400059492,
Tom Hunt,32,,1,,,0,4,-0.5392975456837853,-0.2666966886686709,
Tom Mitchell,24,,1,,,0,4,-0.5329203973686841,-0.4717877587653943,
Tommy White,27,,1,,,0,4,-0.5353118279868471,-0.39487860747912296,
Toni Brown,40,,1,,,0,4,-0.5456746939988865,-0.06160561857194756,
Toni Callahan,36,3.0,1,3.0,15.0,1,1,1.1513985389319121,-0.7801858454271258,High Value Satisfied Customers
Toni Eaton,70,,1,,,0,3,-0.5695890001805158,0.7074858942907649,
Toni Fernandez,62,2.0,1,3.0,12.0,0,3,-0.5173598350530799,0.3721073536130739,
Toni Gardner,21,,1,13.0,,0,4,-0.5296150562028586,-0.3796426575378038,
Toni Harris,62,3.0,1,15.0,13.0,0,3,-0.47769394219513645,1.1361921647008337,
Toni Martin,36,,1,12.0,,0,4,-0.5421205556222709,-0.09652945261476463,
Tony Atkinson,42,,1,,,0,4,-0.5472689810776618,-0.010332851047766755,
Tony Harper,52,,1,,,0,3,-0.5552404164715382,0.2460309865731374,
Tony Marsh,69,2.0,1,8.0,13.0,0,3,-0.4784444549530956,1.1896637899774403,
Tony Mitchell,22,4.0,1,17.0,8.0,1,1,0.8692919081367946,-1.2196572438971833,High Value Satisfied Customers
Tony Nash,36,,1,,,0,4,-0.5424861198413359,-0.16415115362030927,
Tony Smith,29,,2,,,0,5,2.0928175265297466,-0.32491077147414443,
Tony Watkins,67,5.0,1,21.0,9.0,0,2,-0.662740027487205,0.18112382360820964,Frequent Support Users
Tonya Brady,51,4.0,1,7.0,5.0,0,2,-0.8160092760702723,-1.5888252081540752,Frequent Support Users
Tonya Daniel,38,,1,11.0,,0,4,-0.5442631890296437,-0.14668923659890085,
Tonya Gonzales,56,,1,15.0,,1,1,0.9750212111564878,0.42597647796189403,High Value Satisfied Customers
Tonya Heath,65,4.0,1,19.0,7.0,0,0,-0.7370818232131087,0.24915276759129104,Low Engagement Customers
Tonya Howe,32,3.0,1,10.0,12.0,0,4,-0.49827502088920494,-0.27100109819161217,
Tonya Huber,29,,1,13.0,,0,4,-0.5359922045179598,-0.17455158744108046,
Tracey Banks,60,,1,3.0,,0,3,-0.5661871175249519,-0.39414920589944785,
Tracey Combs,46,,1,4.0,,1,1,0.9769608369357917,-0.9461454262504974,High Value Satisfied Customers
Tracey Holmes,26,,1,,,0,4,-0.5345146844474594,-0.42051499124121344,
Tracey Lee,61,,1,2.0,,0,3,-0.567532607392937,-0.4699453736456744,
Tracey Morrow,39,,1,,,0,4,-0.5448775504594988,-0.08724200233403799,
Tracey Parker,32,3.0,1,2.0,17.0,0,4,-0.2938935253544329,-0.4277665478174076,
Tracey Torres,52,,1,14.0,,1,1,0.9776614389854408,0.22199839140521538,High Value Satisfied Customers
Tracey Young,39,1.0,1,6.0,8.0,0,4,-0.6557271912742764,0.14705701115754546,
Traci Dominguez,36,,1,8.0,,1,1,0.9871256576440582,-0.7967790578381334,High Value Satisfied Customers
Traci Haynes,33,2.0,1,19.0,12.0,0,0,-0.4854691311532783,1.2515730486455243,Low Engagement Customers
Traci Montgomery,37,1.0,1,7.0,0.0,1,1,0.5438258148521323,-1.1448145439536046,High Value Satisfied Customers
Traci Williams,55,1.0,1,13.0,15.0,0,7,-0.3723674909753234,2.1838399593262485,
Tracie Powers,44,,1,4.0,,0,3,-0.5528844745661521,-0.7028987945845775,
Tracy Allison,68,3.0,1,1.0,15.0,1,1,1.1247932530143125,-0.16268666805686663,High Value Satisfied Customers
Tracy Baldwin,26,,1,8.0,,0,4,-0.5363425055427844,-0.7586234962689369,
Tracy Bartlett,61,,1,23.0,,0,0,-0.5560173344923895,1.6601382080289833,Low Engagement Customers
Tracy Bentley,51,,1,,,0,3,-0.5544432729321506,0.220394602811047,
Tracy Cunningham,29,,1,,,0,4,-0.5369061150656224,-0.34360583995494215,
Tracy Duncan,30,2.0,1,5.0,9.0,0,4,-0.6160155088336114,-0.6382088012216298,
Tracy Frye,48,,1,17.0,,0,0,-0.5489445464519351,0.7182699100719055,Low Engagement Customers
Tracy Gamble,18,,1,,,0,4,-0.5281375361323583,-0.6256060613379367,
Tracy Goodwin,53,5.0,1,16.0,23.0,0,6,-0.06977060432081979,1.148197588231433,
Tracy Griffith,66,,1,,,0,3,-0.5664004260229653,0.6049403592424033,
Tracy Guerrero,37,5.0,1,7.0,13.0,0,6,-0.479487956975099,-1.4842674404183487,
Tracy Hall,30,,1,,,0,4,-0.53770325860501,-0.3179694561928517,
Tracy Hughes,47,,1,7.0,,0,3,-0.5536308661985225,-0.32169198877335514,
Tracy Johnson,56,1.0,1,13.0,5.0,0,3,-0.790701166841815,0.9000864182068571,
Tracy Johnston,51,3.0,1,19.0,19.0,0,7,-0.21621005855121994,2.045556104279996,
Tracy Nguyen,69,,1,,,0,3,-0.5687918566411282,0.6818495105286746,
Tracy Stanton,65,2.0,1,19.0,19.0,0,7,-0.21870215178471014,2.9885102764494547,
Tracy White,64,3.0,1,16.0,10.0,0,3,-0.6040008426434454,0.896080506268887,
Tracy Young,52,,1,5.0,,0,3,-0.5587132765526557,-0.39637517297953717,
Travis Anderson,70,,1,,,0,3,-0.5695890001805158,0.7074858942907649,
Travis Calderon,68,4.0,1,5.0,9.0,0,3,-0.6636427959662157,-0.8321158172625795,
Travis Collins,61,3.0,1,9.0,16.0,0,3,-0.3549259169292026,0.8947774493532856,
Travis Ellis,35,2.0,1,1.0,17.0,0,7,-0.28816538598325653,0.13175485146073937,
Travis Guerra,36,3.0,1,2.0,7.0,0,4,-0.7146186318390875,-1.6346109376505276,
Travis Harris,32,5.0,1,14.0,21.0,0,6,-0.13763458911629503,0.14509044123460396,
Travis Hatfield,43,5.0,1,4.0,3.0,1,2,0.6279872090563977,-3.2386561164423395,Frequent Support Users
Travis Hernandez,68,,1,16.0,,1,1,0.9660038350124335,0.8350456346152964,High Value Satisfied Customers
Travis Ho,36,,1,,,0,4,-0.5424861198413359,-0.16415115362030927,
Travis Hodges,26,3.0,1,4.0,21.0,0,7,-0.12099935853007039,0.14503622257927679,
Travis Johnson,48,,1,,,0,3,-0.5520518423139876,0.14348545152477576,
Travis Kirk,57,,1,,,0,3,-0.5592261341684764,0.37421290538358953,
Travis Reyes,51,,1,23.0,,1,1,0.983393699482206,1.1092549712179782,High Value Satisfied Customers
Travis Robinson,33,,1,,,1,1,0.9913449093575462,-0.5355797040966812,High Value Satisfied Customers
Travis Smith,25,,1,,,1,1,0.9977220576726473,-0.7406707741934045,High Value Satisfied Customers
Travis Taylor,21,,1,,,0,4,-0.5305289667505212,-0.5486969100516654,
Travis Torres,66,,1,6.0,,0,3,-0.5693249397754853,0.06396675119804571,
Travis Wallace,37,,1,,,0,4,-0.5432832633807235,-0.13851476985821884,
Travis Wang,42,,1,,,0,4,-0.5472689810776618,-0.010332851047766755,
Trevor Arnold,20,,1,,,0,4,-0.5297318232111335,-0.5743332938137559,
Trevor Jackson,53,,1,,,0,3,-0.5560375600109259,0.2716673703352278,
Trevor Knox,42,,1,19.0,,1,1,0.9883746060223048,0.47279731132589625,High Value Satisfied Customers
Trevor Lee,64,,1,4.0,,0,3,-0.568827345353905,-0.19017111934276915,
Trevor Mendez,46,,1,15.0,,1,1,0.9829926465503642,0.16961264034098988,High Value Satisfied Customers
Trevor Miller,26,5.0,1,9.0,20.0,0,6,-0.17734711275566706,-0.6468296113676719,
Trevor Perry,25,,1,,,1,1,0.9977220576726473,-0.7406707741934045,High Value Satisfied Customers
Trevor Smith,37,,1,23.0,,0,0,-0.536885889547086,1.0448649977388131,Low Engagement Customers
Tricia Booker,22,,1,3.0,,1,1,0.9955439355524978,-1.6628511880489842,High Value Satisfied Customers
Tricia Garrett,26,,1,,,0,4,-0.5345146844474594,-0.42051499124121344,
Tristan Jacobs,56,,1,19.0,,1,1,0.9772145964708777,0.8317066839951623,High Value Satisfied Customers
Tristan Parker,23,,1,,,1,1,0.9993163447514226,-0.7919435417175853,High Value Satisfied Customers
Tristan Reed,55,,1,,,1,1,0.973807751491018,0.028420738669307916,High Value Satisfied Customers
Troy Drake,32,,1,,,0,4,-0.5392975456837853,-0.2666966886686709,
Troy Dunlap,48,3.0,1,15.0,18.0,0,7,-0.25776566648015736,1.4319777544723087,
Troy Elliott,25,,1,6.0,,0,4,-0.5366420546605918,-0.9871249830476612,
Troy Guzman,45,,1,,,0,3,-0.5496604116958247,0.0665763002385045,
Troy Hall,51,,1,11.0,,1,1,0.9768135435390359,-0.10793564688182614,High Value Satisfied Customers
Troy Horton,52,,1,,,0,3,-0.5552404164715382,0.2460309865731374,
Troy Lewis,46,,1,16.0,,0,0,-0.5478986057017574,0.5655645910394078,Low Engagement Customers
Troy Long,68,,1,,,0,3,-0.5679947131017405,0.6562131267665842,
Troy Mann,42,,1,,,1,1,0.9841706175030573,-0.3048522502378675,High Value Satisfied Customers
Troy Mathis,40,,1,,,0,4,-0.5456746939988865,-0.06160561857194756,
Troy Miller,34,3.0,1,23.0,9.0,1,1,0.9134378331863752,0.41155846228614473,High Value Satisfied Customers
Troy Molina,24,,1,,,1,1,0.998519201212035,-0.766307157955495,High Value Satisfied Customers
Troy Smith,56,5.0,1,19.0,1.0,0,2,-0.9890973670728191,-1.3512534406966044,Frequent Support Users
Tyler Acosta,23,,1,,,1,1,0.9993163447514226,-0.7919435417175853,High Value Satisfied Customers
Tyler Brown,24,1.0,1,11.0,23.0,0,7,-0.014723508049818118,2.233758899589997,
Tyler Chambers,47,,1,16.0,,1,1,0.982743849339574,0.29668157561139724,High Value Satisfied Customers
Tyler Chavez,43,,1,23.0,,0,0,-0.5416687507834119,1.1986833003113557,Low Engagement Customers
Tyler Collins,26,,1,4.0,,1,1,0.9929037077235446,-1.4588731014923055,High Value Satisfied Customers
Tyler Cortez,33,2.0,1,19.0,23.0,0,7,-0.026178945593463815,2.691901966015154,
Tyler Foster,44,1.0,1,1.0,19.0,0,7,-0.20316445505438768,1.2084050897960423,
Tyler Gilbert,31,,1,16.0,,1,1,0.9954981459697764,-0.11350056458204935,High Value Satisfied Customers
Tyler Gray,44,,1,4.0,,0,3,-0.5528844745661521,-0.7028987945845775,
Tyler Howell,34,5.0,1,6.0,9.0,0,2,-0.6446594856163751,-2.1863651131655293,Frequent Support Users
Tyler Jennings,45,3.0,1,15.0,3.0,1,1,0.6497605642280686,-0.9035356833262859,High Value Satisfied Customers
Tyler King,53,5.0,1,0.0,1.0,1,2,0.5343150818827105,-3.649900469831,Frequent Support Users
Tyler Lowery,63,2.0,1,21.0,15.0,0,0,-0.38302578497958145,2.616346641989315,Low Engagement Customers
Tyler Miller,43,,1,1.0,,0,4,-0.5537323700125569,-1.032832832871619,
Tyler Miller MD,22,3.0,1,13.0,23.0,0,7,-0.029368360949721534,1.2172616360820647,
Tyler Obrien,69,,1,,,0,3,-0.5687918566411282,0.6818495105286746,
Tyler Reed,69,2.0,1,19.0,23.0,0,7,-0.05487611301141912,3.6148117814504093,
Tyler Roberson,27,,1,,,0,4,-0.5353118279868471,-0.39487860747912296,
Tyler Stewart,66,,1,,,1,1,0.9650391725577538,0.3104209600523025,High Value Satisfied Customers
Tyler Vang,32,,1,19.0,,0,0,-0.5350935571645378,0.510952872895093,Low Engagement Customers
Tyler Weaver,62,,1,2.0,,0,3,-0.5683297509323246,-0.4443089898835841,
Tyler Wilson,35,,1,6.0,,0,4,-0.5446134900544682,-0.7307611454267572,
Tyrone Howard,34,3.0,1,10.0,8.0,0,4,-0.6668839208988218,-0.7434843006200239,
Tyrone Lamb,56,,1,,,0,3,-0.5584289906290888,0.3485765216214991,
Tyrone Rodriguez,58,,1,,,0,3,-0.5600232777078641,0.3998492891456799,
Valerie Burke,26,,1,,,0,4,-0.5345146844474594,-0.42051499124121344,
Valerie Burnett,69,,1,18.0,,0,0,-0.5651362144504782,1.3580665205841214,Low Engagement Customers
Valerie Cooper,34,,1,,,0,4,-0.5408918327625606,-0.21542392114449005,
Valerie Diaz,54,5.0,1,3.0,6.0,0,2,-0.7875083550880517,-2.3707520699131166,Frequent Support Users
Valerie Guerrero,67,3.0,1,16.0,7.0,0,3,-0.7316532329597396,0.5801726800907138,
Valerie Jackson,40,4.0,1,2.0,15.0,0,6,-0.39244589645289174,-1.0685982621971732,
Valerie Jimenez,56,,1,5.0,,0,3,-0.5619018507102063,-0.29382963793117545,
Valerie Kane,69,,1,,,0,3,-0.5687918566411282,0.6818495105286746,
Valerie Larsen,28,,1,11.0,,0,4,-0.5362917536357672,-0.4030530742198049,
Valerie Perez,38,,1,8.0,,0,4,-0.5459082280154361,-0.450986891123852,
Valerie Peterson MD,62,,1,,,0,3,-0.5632118518654147,0.5023948241940417,
Valerie Salazar,51,4.0,1,12.0,14.0,0,6,-0.4374846653328913,0.09678848178084337,
Valerie Wells,45,2.0,1,2.0,21.0,0,7,-0.1285738621176938,1.0133072105425536,
Vanessa Bates,63,,1,,,0,3,-0.5640089954048023,0.5280312079561321,
Vanessa Bell,52,2.0,1,5.0,2.0,1,1,0.6056113592516066,-1.2853007050627787,High Value Satisfied Customers
Vanessa Casey,33,,1,17.0,,0,0,-0.5369873933611204,0.3337241536405493,Low Engagement Customers
Vanessa Cochran,64,2.0,1,13.0,12.0,0,3,-0.5134706588458803,1.4377056362204248,
Vanessa Cox,62,,1,10.0,,0,3,-0.5639429803035447,0.36715142218295216,
Vanessa Hayes,31,,1,,,0,4,-0.5385004021443976,-0.29233307243076134,
Vanessa Hill,40,4.0,1,5.0,8.0,1,1,0.848363168484647,-1.97539295427936,High Value Satisfied Customers
Vanessa Kennedy,27,,1,,,0,4,-0.5353118279868471,-0.39487860747912296,
Vanessa Martinez,40,,1,6.0,,1,1,0.9828403908293126,-0.8970986258064059,High Value Satisfied Customers
Vanessa Medina,43,,1,21.0,,0,0,-0.542765443440607,0.9958181972947215,Low Engagement Customers
Vanessa Mercado,40,,1,,,1,1,0.9857649045818326,-0.3561250177620483,High Value Satisfied Customers
Vanessa Pace,50,,1,15.0,,0,0,-0.5516355261879055,0.5666775745794524,Low Engagement Customers
Vanessa Smith,54,,1,,,0,3,-0.5568347035503135,0.29730375409731824,
Vanessa Tate,54,,1,2.0,,0,3,-0.5619526026172235,-0.6494000599803074,
Vanessa Townsend,22,,1,10.0,,0,4,-0.5320572387280388,-0.6583039283006644,
Vanessa White,19,,1,0.0,,0,4,-0.5351492713958509,-1.7495385946701059,
Veronica Bentley,53,3.0,1,18.0,11.0,0,0,-0.5523819178202759,0.9478843803906746,Low Engagement Customers
Veronica Black,39,2.0,1,12.0,19.0,0,7,-0.20181484406081382,1.6119364380768848,
Veronica Carr,33,,1,2.0,,0,4,-0.5452125882900829,-1.1877641189842059,
Veronica Chapman,60,1.0,1,19.0,13.0,0,7,-0.45657043716609746,2.6587392022103065,
Veronica Jackson,66,,1,,,1,1,0.9650391725577538,0.3104209600523025,High Value Satisfied Customers
Veronica Maxwell,29,5.0,1,6.0,11.0,0,2,-0.557166461454016,-2.052669046999685,Frequent Support Users
Veronica Moore,65,,1,,,0,3,-0.5656032824835776,0.5793039754803129,
Veronica Moreno,34,,1,6.0,,0,4,-0.5438163465150806,-0.7563975291888476,
Veronica Morgan,60,,1,2.0,,0,3,-0.5667354638535493,-0.49558175740776483,
Veronica Thomas,70,,1,0.0,,0,3,-0.5758035919046208,-0.4420830228034948,
Veronica White,36,3.0,1,5.0,12.0,0,4,-0.5042053266897429,-0.6756183206848356,
Vicki Blankenship,60,,1,,,1,1,0.9698220337940797,0.15660265747976004,High Value Satisfied Customers
Vicki Hayes,55,,1,,,0,3,-0.5576318470897011,0.32294013785940867,
Vicki Lopez,51,5.0,1,21.0,10.0,0,2,-0.6082320776242922,-0.09811932409708889,Frequent Support Users
Vickie Day,65,4.0,1,5.0,14.0,0,3,-0.45248309918450086,-0.25433000610811,
Vickie Johnson,47,1.0,1,16.0,17.0,1,7,1.25060160137171,2.2504051295406717,
Vickie Kent,26,,1,11.0,,0,4,-0.5346974665569919,-0.4543258417439859,
Vickie Nash,24,,1,12.0,,1,1,0.9988847654310999,-0.6986854569499503,High Value Satisfied Customers
Victor Ford,66,,1,,,0,3,-0.5664004260229653,0.6049403592424033,
Victor Franklin,49,4.0,1,5.0,8.0,0,2,-0.6902507219505608,-1.4501461012304455,Frequent Support Users
Victor Gibbs,47,,1,11.0,,0,3,-0.5514374808841325,0.08403821725991292,
Victor Hart,18,1.0,1,21.0,7.0,0,0,-0.6725156352508836,0.9992422322902538,Low Engagement Customers
Victor Le,23,,1,18.0,,0,0,-0.5284676116386465,0.17879286752796217,Low Engagement Customers
Victor Moses,36,,1,,,0,4,-0.5424861198413359,-0.16415115362030927,
Victor Ramirez,26,,1,,,0,4,-0.5345146844474594,-0.42051499124121344,
Victor Scott,27,,1,,,1,1,0.996127770593872,-0.6893980066692237,High Value Satisfied Customers
Victor Todd,41,2.0,1,5.0,23.0,1,7,1.491206656071789,1.1824179158053383,
Victoria Allison,61,2.0,1,11.0,1.0,0,3,-0.9714661064447268,-0.2823975354521102,
Victoria Arroyo,69,,1,19.0,,0,0,-0.5645878681218808,1.4594990720924383,Low Engagement Customers
Victoria Burnett,29,,1,8.0,,1,1,0.9927056624197718,-0.9762337441727663,High Value Satisfied Customers
Victoria Chapman,56,,1,,,1,1,0.9730106079516303,0.054057122431398374,High Value Satisfied Customers
Victoria Colon,57,3.0,1,8.0,11.0,0,3,-0.5610539552638014,0.036104400355866074,
Victoria Daniels,23,,1,,,1,1,0.9993163447514226,-0.7919435417175853,High Value Satisfied Customers
Victoria Duran,55,1.0,1,10.0,2.0,1,1,0.614629576594368,-0.11718399673472955,High Value Satisfied Customers
Victoria Gibbs,44,1.0,1,10.0,16.0,0,7,-0.32349029779514143,1.728481075906451,
Victoria Green,41,3.0,1,17.0,20.0,0,7,-0.16758166258182805,1.7172661561306062,
Victoria Hansen,65,4.0,1,9.0,14.0,1,1,1.0811498847106082,-0.14311919926494265,High Value Satisfied Customers
Victoria Hatfield,20,2.0,1,21.0,9.0,0,0,-0.599270532182175,0.7283481852905384,Low Engagement Customers
Victoria Holt,38,,1,,,0,4,-0.5440804069201112,-0.11287838609612842,
Victoria Johnson,28,2.0,1,21.0,17.0,0,7,-0.27161845463559303,1.980951195292447,
Victoria Lee,55,,1,,,1,1,0.973807751491018,0.028420738669307916,High Value Satisfied Customers
Victoria Lowe,61,3.0,1,13.0,14.0,0,3,-0.4362398380802334,1.0386296704102576,
Victoria Martinez,23,2.0,1,7.0,18.0,0,7,-0.23355593230630933,0.5636525478537049,
Victoria Melton,23,,1,,,0,4,-0.5321232538292965,-0.4974241425274846,
Victoria Nguyen,56,1.0,1,7.0,22.0,0,7,-0.08417913985732313,2.5174539814554744,
Victoria Parker,57,,1,7.0,,1,1,0.9698372969883201,-0.3598475503425517,High Value Satisfied Customers
Victoria Ramos,49,,1,17.0,,1,1,0.9816979085893962,0.4493868946438952,High Value Satisfied Customers
Victoria Sawyer,37,5.0,1,15.0,23.0,0,6,-0.05756465401921493,0.6365828965296693,
Victoria Simmons,70,2.0,1,4.0,11.0,1,1,0.9664973083084251,0.2531725835398653,High Value Satisfied Customers
Victoria Smith,59,5.0,1,16.0,8.0,0,2,-0.7008582640478017,-0.6620689965182469,Frequent Support Users
Victoria Warren,33,,1,2.0,,0,4,-0.5452125882900829,-1.1877641189842059,
Victoria Wright,68,,1,2.0,,0,3,-0.5731126121686505,-0.2904906873110415,
Vincent Allen,49,4.0,1,14.0,5.0,0,2,-0.8105765646913146,-0.9300701151200368,Frequent Support Users
Vincent Barron,49,2.0,1,3.0,19.0,0,7,-0.21472139641206775,0.9554073121229356,
Vincent Brown,57,,1,19.0,,0,0,-0.555022145649229,1.1518624669473534,Low Engagement Customers
Vincent Cisneros,61,2.0,1,8.0,2.0,0,3,-0.9313574921978088,-0.4557561974889132,
Vincent Daniels,44,,1,21.0,,0,0,-0.5435625869799946,1.021454581056812,Low Engagement Customers
Vincent Glenn,19,,1,,,0,4,-0.5289346796717459,-0.5999696775758463,
Vincent Jones,56,,2,0.0,,2,5,5.127959256403614,-1.3713361253721643,
Vincent Morton,41,,1,,,0,4,-0.5464718375382741,-0.03596923480985717,
Vincent Nichols,55,,1,,,0,3,-0.5576318470897011,0.32294013785940867,
Vincent Pace,32,,1,,,1,1,0.9921420528969338,-0.5612160878587716,High Value Satisfied Customers
Vincent Santiago,45,,1,,,1,1,0.9817791868848944,-0.22794309895159623,High Value Satisfied Customers
Vincent Thompson,69,5.0,1,8.0,14.0,0,6,-0.4626945506741958,-0.43153161603498996,
Virginia Crosby,19,,1,6.0,,0,4,-0.5318591934242659,-1.1409432856202038,
Virginia Miller,56,,1,2.0,,0,3,-0.5635468896959988,-0.5981272924561265,
Virginia Schwartz,18,5.0,1,4.0,10.0,0,2,-0.5912482284106574,-2.6684733638874616,Frequent Support Users
Virginia Smith,44,1.0,2,7.5,3.0,1,5,3.293504584534218,-0.5031315359195707,
Virginia Suarez,49,,1,,,0,3,-0.5528489858533753,0.16912183528686617,
Walter Berry,57,,1,,,0,3,-0.5592261341684764,0.37421290538358953,
Walter Booth,31,3.0,1,15.0,2.0,0,0,-0.9122726780339339,-1.0988646492935992,Low Engagement Customers
Walter Davis,47,1.0,1,3.0,13.0,0,7,-0.45498111241161804,0.7025453891700585,
Walter Delacruz,19,1.0,1,11.0,3.0,0,4,-0.845810855007088,-0.5132028689834186,
Walter Fox,20,4.0,1,18.0,15.0,1,1,1.16371011417314,-0.25292451249601,High Value Satisfied Customers
Walter Frazier,32,2.0,2,8.5,14.0,1,5,3.754240922577345,0.14694852831309835,
Walter Hartman,37,2.0,1,8.0,10.0,1,1,0.953242777189897,-0.3180368670639985,High Value Satisfied Customers
Walter Johnson,53,,1,,,0,3,-0.5560375600109259,0.2716673703352278,
Walter Kirk,36,,1,6.0,,0,4,-0.5454106335938559,-0.7051247616646668,
Walter Thornton,53,2.0,1,15.0,3.0,0,0,-0.8793882663498147,0.18011958546073098,Low Engagement Customers
Walter Trujillo,59,,1,21.0,,0,0,-0.5555197400708093,1.4060003374881682,Low Engagement Customers
Walter Young,47,1.0,1,21.0,5.0,0,0,-0.7791401043585462,1.4808193764145796,Low Engagement Customers
Wanda Graham,53,,1,23.0,,0,0,-0.5496401861772884,1.4550471379322598,Low Engagement Customers
Wanda Hughes,32,4.0,1,23.0,12.0,1,1,1.0316251636453446,0.16905787272621564,High Value Satisfied Customers
Wanda Martinez,70,,1,1.0,,0,3,-0.5752552455760234,-0.34065047129517784,
Wanda Mendez,29,5.0,1,0.0,19.0,1,6,1.305012285016801,-1.9082718153345029,
Wanda Moreno,33,,1,8.0,,0,4,-0.5419225103184979,-0.579168809934304,
Wanda Orr,59,4.0,1,0.0,22.0,0,6,-0.11641274372947914,0.13220087368294786,
Wanda Smith,70,,1,,,0,3,-0.5695890001805158,0.7074858942907649,
Warren Gallagher,69,,1,18.0,,1,1,0.9663033841302409,1.0635471213940206,High Value Satisfied Customers
Warren Sutton,53,,1,,,0,3,-0.5560375600109259,0.2716673703352278,
Wayne Black,20,,1,,,0,4,-0.5297318232111335,-0.5743332938137559,
Wayne Bradley,39,,1,,,0,4,-0.5448775504594988,-0.08724200233403799,
Wayne Crawford,19,,1,,,0,4,-0.5289346796717459,-0.5999696775758463,
Wayne Jefferson,51,,1,11.0,,0,3,-0.554626055041683,0.1865837523082746,
Wayne Mann,67,3.0,1,18.0,17.0,0,3,-0.3130200079754406,2.0924277079888296,
Wayne Miller,20,5.0,1,20.0,5.0,1,2,0.7386023581852944,-1.9434941338610503,Frequent Support Users
Wayne Rodriguez,50,5.0,1,11.0,3.0,0,2,-0.9051939699998525,-2.0546541703593864,Frequent Support Users
Wayne Shaw,38,1.0,1,21.0,0.0,1,1,0.5507055199131097,0.3008775609249242,High Value Satisfied Customers
Wendy Bowman MD,65,,1,8.0,,0,3,-0.5674311035789026,0.24119547045258935,
Wendy Davis,19,,1,,,1,1,1.002504918908973,-0.894489076765947,High Value Satisfied Customers
Wendy Garcia,61,3.0,1,2.0,4.0,0,3,-0.8598081800219098,-1.3865183210627114,
Wendy Gentry,39,,1,5.0,,0,4,-0.5483504105406163,-0.7296481618867126,
Wendy Jackson,18,,1,11.0,,0,4,-0.5283203182418907,-0.6594169118407092,
Wendy Lara,58,,1,,,0,3,-0.5600232777078641,0.3998492891456799,
Wendy Roberts,22,,1,,,0,4,-0.5313261102899088,-0.523060526289575,
Wendy Shaw,66,,1,,,0,3,-0.5664004260229653,0.6049403592424033,
Wendy Singleton,21,2.0,1,9.0,15.0,0,4,-0.35612591226847023,0.3224279058817135,
Wendy Smith,44,,1,21.0,,1,1,0.9878770116007245,0.7269351818667112,High Value Satisfied Customers
Wendy Snyder,35,2.0,1,18.0,21.0,0,7,-0.11182888546625737,2.379864197054722,
Wendy Soto,26,,1,,,0,4,-0.5345146844474594,-0.42051499124121344,
Wendy Townsend,20,1.0,1,8.0,0.0,0,4,-0.9735139972303993,-1.1846811172107237,
Wendy Tran,34,,1,,,1,1,0.9905477658181585,-0.5099433203345908,High Value Satisfied Customers
Wendy Watson,57,,1,,,1,1,0.9722134644122427,0.0796935061934888,High Value Satisfied Customers
Wesley Henry,40,,1,,,0,4,-0.5456746939988865,-0.06160561857194756,
Wesley Lewis,30,,1,3.0,,1,1,0.9891667872373966,-1.457760117952261,High Value Satisfied Customers
Wesley Mclaughlin,42,,1,5.0,,0,4,-0.5507418411587792,-0.6527390106004413,
Wesley Morales,41,,1,,,0,4,-0.5464718375382741,-0.03596923480985717,
Wesley Randall,20,,1,17.0,,1,1,1.004815071231638,-0.2940682344567269,High Value Satisfied Customers
Wesley Rollins,46,3.0,1,18.0,10.0,1,1,0.9428840323034463,0.3429713023777929,High Value Satisfied Customers
Wesley Smith DVM,39,,1,,,1,1,0.9865620481212203,-0.38176140152413873,High Value Satisfied Customers
Wesley Wilson,35,,1,,,0,4,-0.5416889763019482,-0.18978753738239967,
Whitney Anderson,45,,1,20.0,,0,0,-0.5449080768479797,0.9456584133105854,Low Engagement Customers
Whitney Cox,24,,1,,,0,4,-0.5329203973686841,-0.4717877587653943,
Whitney Jackson,41,,1,6.0,,1,1,0.982043247289925,-0.8714622420443154,High Value Satisfied Customers
Whitney Martinez,58,4.0,1,14.0,3.0,0,2,-0.9012581630112242,-0.9612206462375195,Frequent Support Users
Whitney Mitchell,33,,1,,,0,4,-0.5400946892231729,-0.24106030490658048,
Whitney Richards,34,2.0,1,15.0,10.0,0,0,-0.5719669664724767,0.6096012413980503,Low Engagement Customers
Whitney Watkins,24,,1,18.0,,1,1,1.002174843402685,-0.09009014790004824,High Value Satisfied Customers
William Adkins,52,,1,13.0,,0,3,-0.5543265059238758,0.41508523908699907,
William Aguilar,70,,1,,,0,3,-0.5695890001805158,0.7074858942907649,
William Aguirre,34,2.0,1,3.0,17.0,0,7,-0.2862715497866739,0.308983570715283,
William Allen,49,,1,6.0,,0,3,-0.5557734996058953,-0.3718517727574914,
William Anderson,37,,1,,,0,4,-0.5432832633807235,-0.13851476985821884,
William Avery,67,,1,6.0,,0,3,-0.5701220833148729,0.08960313496013614,
William Barr,32,,1,,,0,4,-0.5392975456837853,-0.2666966886686709,
William Bennett,26,,1,11.0,,0,4,-0.5346974665569919,-0.4543258417439859,
William Benton,28,,1,,,0,4,-0.5361089715262347,-0.3692422237170325,
William Brown,46,,1,13.0,,0,3,-0.5495436446875499,0.2612669365144566,
William Butler,51,4.0,3,14.666666666666666,22.0,1,5,6.68889369917651,1.1576579634797022,
William Byrd,28,1.0,1,10.0,6.0,1,1,0.803167065088676,-0.2856103883585781,High Value Satisfied Customers
William Callahan,45,,1,8.0,,1,1,0.9799513657895693,-0.5660516039793196,High Value Satisfied Customers
William Campbell,25,,1,,,0,4,-0.5337175409080718,-0.4461513750033039,
William Cannon,23,4.0,1,6.0,23.0,0,6,-0.04267184510722852,-0.05117464021425687,
William Carter,58,,1,,,0,3,-0.5600232777078641,0.3998492891456799,
William Charles DVM,58,,1,0.0,,0,3,-0.5662378694319691,-0.7497196279485797,
William Cook,41,4.0,1,17.0,7.0,0,2,-0.7190470709250001,-0.5689855457155129,Frequent Support Users
William Cruz,51,,1,,,0,3,-0.5544432729321506,0.220394602811047,
William Dawson,27,,1,9.0,,0,4,-0.5365913027535746,-0.6315545609985294,
William Drake,39,,1,,,1,1,0.9865620481212203,-0.38176140152413873,High Value Satisfied Customers
William Evans,20,,1,,,0,4,-0.5297318232111335,-0.5743332938137559,
William Flores,25,,1,,,0,4,-0.5337175409080718,-0.4461513750033039,
William Foster II,54,2.0,1,2.0,21.0,1,7,1.3956914446085364,0.9495152652112664,
William Fry,47,2.0,1,15.0,13.0,0,0,-0.4570688727863849,1.33569120776967,Low Engagement Customers
William Gallagher,44,,1,,,0,3,-0.548863268156437,0.04093991647641409,
William Garcia,39,,1,16.0,,0,0,-0.5423186009260438,0.38610990470477474,Low Engagement Customers
William Glenn,44,,1,11.0,,0,3,-0.5490460502659695,0.007129065973641683,
William Glover,32,,1,16.0,,0,0,-0.5367385961503303,0.2066552183701418,Low Engagement Customers
William Gomez,34,3.0,1,20.0,0.0,0,0,-0.9954296834745301,-0.7766707254420391,Low Engagement Customers
William Gordon,52,2.0,1,2.0,6.0,0,3,-0.7604586653840634,-0.7713229904450363,
William Hall,51,,1,,,1,1,0.9769963256485685,-0.07412479637905373,High Value Satisfied Customers
William Harding,32,,1,17.0,,0,0,-0.5361902498217328,0.3080877698784589,Low Engagement Customers
William Hawkins,45,,1,,,0,3,-0.5496604116958247,0.0665763002385045,
William Henderson,19,4.0,1,2.0,17.0,0,4,-0.29219857566033036,-1.3450843362247755,
William Hendricks,35,3.0,1,8.0,10.0,0,4,-0.5852704506299836,-0.6588350348982712,
William Hensley MD,42,1.0,1,3.0,7.0,1,1,0.8299222844697769,-0.5057898837593834,High Value Satisfied Customers
William Hernandez,22,,1,,,0,4,-0.5313261102899088,-0.523060526289575,
William Hicks,59,,1,17.0,,0,0,-0.5577131253851992,1.0002701314549,Low Engagement Customers
William Huerta,29,3.0,1,3.0,15.0,1,1,1.1569785437076257,-0.9596405317617587,High Value Satisfied Customers
William Johnson,64,,3,0.0,,2,5,7.7513057496838815,-1.1475499867946433,
William Johnston,47,3.0,1,18.0,8.0,0,0,-0.6728600162820813,0.40124910035368755,Low Engagement Customers
William Jones IV,41,2.0,1,14.0,7.0,0,0,-0.7033562772749189,0.2948063987599215,Low Engagement Customers
William Kennedy,70,,1,,,0,3,-0.5695890001805158,0.7074858942907649,
William Kim,45,,1,14.0,,1,1,0.9832414437611543,0.04254370507058247,High Value Satisfied Customers
William King,49,2.0,1,13.0,1.0,1,1,0.5706359072658391,-0.6816884367706618,High Value Satisfied Customers
William Klein,41,,1,20.0,,0,0,-0.5417195026904291,0.8431128782622237,Low Engagement Customers
William Lane,43,3.0,1,13.0,17.0,0,7,-0.2966302946731246,0.9699917401570743,
William Long,36,,1,13.0,,1,1,0.9898673892870457,-0.28961630029654833,High Value Satisfied Customers
William Lozano,41,,1,,,0,4,-0.5464718375382741,-0.03596923480985717,
William Malone,55,,1,,,0,3,-0.5576318470897011,0.32294013785940867,
William Marsh,31,,1,,,0,4,-0.5385004021443976,-0.29233307243076134,
William Martinez,48,4.0,1,12.0,15.0,0,6,-0.393339581482018,0.15081832298272033,
William Matthews,36,,1,,,0,4,-0.5424861198413359,-0.16415115362030927,
William Mccann,58,,1,,,0,3,-0.5600232777078641,0.3998492891456799,
William Mcdonald,52,1.0,2,3.0,23.0,1,5,4.119732942394636,1.8642929021526895,
William Mckinney,63,,1,,,0,3,-0.5640089954048023,0.5280312079561321,
William Meza,21,,1,,,0,4,-0.5305289667505212,-0.5486969100516654,
William Moore,65,2.0,1,19.0,6.0,1,1,0.7699399547707737,0.9917839749134276,High Value Satisfied Customers
William Mueller,44,,1,,,1,1,0.982576330424282,-0.25357948271368663,High Value Satisfied Customers
William Nelson,46,,1,15.0,,0,0,-0.5484469520303549,0.4641320395310906,Low Engagement Customers
William Norman,39,3.0,1,5.0,9.0,0,4,-0.6318577170060371,-0.9915261468630088,
William Oconnor,50,5.0,1,3.0,16.0,0,6,-0.3667832486033972,-1.1639076800799968,
William Pacheco,56,1.0,1,3.0,2.0,0,3,-0.9214455898259213,-0.5070560743407576,
William Price,60,3.0,1,19.0,13.0,0,0,-0.4739062698019712,1.4906496032099208,Low Engagement Customers
William Roberts,55,,1,,,0,3,-0.5576318470897011,0.32294013785940867,
William Romero,21,,1,8.0,,0,4,-0.5323567878458462,-0.8868054150793889,
William Ross,35,,1,13.0,,1,1,0.9906645328264333,-0.31525268405863877,High Value Satisfied Customers
William Rush,32,,1,,,0,4,-0.5392975456837853,-0.2666966886686709,
William Sanchez,28,,1,19.0,,1,1,0.9995346155737318,0.11388793865663055,High Value Satisfied Customers
William Santos,42,,1,20.0,,1,1,0.9889229523509023,0.5742298628342134,High Value Satisfied Customers
William Shaw,62,,2,23.0,,0,5,2.072909163563592,1.7044696602718714,
William Smith,52,4.0,1,9.0,16.0,0,6,-0.35641954139265064,0.08000519599427908,
William Stein,29,4.0,1,23.0,19.0,1,6,1.3262921668924805,1.0087216688569816,
William Stevens,39,,1,8.0,,0,4,-0.5467053715548238,-0.42535050736176144,
William Stewart,50,,1,,,0,3,-0.5536461293927629,0.19475821904895657,
William Stokes,36,4.0,1,17.0,14.0,0,6,-0.4227857805990891,0.2194054828910722,
William Thomas,69,,1,13.0,,1,1,0.9635616524872533,0.5563843638524355,High Value Satisfied Customers
William Torres,54,4.0,1,21.0,7.0,0,0,-0.7272165516226495,0.17001764922493062,Low Engagement Customers
William Velasquez,50,,1,13.0,,0,3,-0.5527322188451005,0.36381247156281826,
William White,29,,1,5.0,,0,4,-0.5403789751467398,-0.9860119995076166,
William Williams,35,,1,,,0,4,-0.5416889763019482,-0.18978753738239967,
William Wood,49,,1,,,1,1,0.9785906127273438,-0.12539756390323456,High Value Satisfied Customers
William York,30,,1,,,0,4,-0.53770325860501,-0.3179694561928517,
Willie Chambers,23,,1,,,0,4,-0.5321232538292965,-0.4974241425274846,
Willie Harmon,58,5.0,1,19.0,19.0,0,6,-0.23912589596280717,1.0569211916142436,
Willie Miller,68,,1,,,0,3,-0.5679947131017405,0.6562131267665842,
Wyatt Morgan,65,,1,,,0,3,-0.5656032824835776,0.5793039754803129,
Yesenia Gomez,60,4.0,1,10.0,13.0,0,3,-0.4875093030772855,-0.006288159865125086,
Yesenia Kelly,45,,1,8.0,,1,1,0.9799513657895693,-0.5660516039793196,High Value Satisfied Customers
Yesenia Miles,39,2.0,1,22.0,7.0,0,0,-0.6973752195673636,1.054994043302277,Low Engagement Customers
Yesenia Thompson,58,3.0,1,21.0,6.0,0,0,-0.7634908626949737,0.725668991285337,Low Engagement Customers
Yolanda Davidson,56,,1,23.0,,0,0,-0.5520316167954513,1.5319562892185312,Low Engagement Customers
Yolanda Griffin,50,2.0,1,10.0,11.0,1,1,0.985730257067763,0.34904021734795915,High Value Satisfied Customers
Yolanda Gutierrez,19,4.0,1,17.0,0.0,0,2,-0.9937854856874447,-2.049558935898539,Frequent Support Users
Yolanda Jones,22,,1,7.0,,0,4,-0.5337022777138313,-0.9626015828256154,
Yolanda Miller,70,3.0,1,7.0,15.0,0,3,-0.4049505546735968,0.7917008077073171,
Yolanda Wilson,42,,1,,,0,4,-0.5472689810776618,-0.010332851047766755,
Yvette Randolph,41,,1,,,0,4,-0.5464718375382741,-0.03596923480985717,
Yvette Smith,38,3.0,1,0.0,23.0,0,7,-0.049251159851691345,0.30882060666738986,
Yvonne Aguilar,50,,1,5.0,,0,3,-0.5571189894738804,-0.4476479405037181,
Yvonne Garcia,66,,1,7.0,,0,3,-0.5687765934468878,0.16539930270636274,
Yvonne Reynolds,26,,1,19.0,,0,0,-0.5303106959282119,0.35713457032255036,Low Engagement Customers
Zachary Brandt,69,,1,,,1,1,0.9626477419395909,0.3873301113385738,High Value Satisfied Customers
Zachary Brown,45,2.0,1,14.0,10.0,0,0,-0.5812838917343383,0.7901689112727278,Low Engagement Customers
Zachary Caldwell,24,,1,,,0,4,-0.5329203973686841,-0.4717877587653943,
Zachary Campbell,41,,1,,,1,1,0.984967761042445,-0.3304886339999579,High Value Satisfied Customers
Zachary Castro,36,,1,9.0,,0,4,-0.5437655946080634,-0.4008271071397157,
Zachary Contreras,33,,1,2.0,,1,1,0.9862270102906362,-1.4822835181743066,High Value Satisfied Customers
Zachary Cooper,48,,1,,,0,3,-0.5520518423139876,0.14348545152477576,
Zachary Costa,20,,1,,,0,4,-0.5297318232111335,-0.5743332938137559,
Zachary Flowers,41,2.0,1,1.0,4.0,0,4,-0.8357457392448175,-1.4166337483126443,
Zachary Gallagher,42,,1,19.0,,0,0,-0.5430649925584142,0.767316710515997,Low Engagement Customers
Zachary Hill,25,2.0,1,15.0,8.0,0,4,-0.6482999810834087,0.11699580256294008,
Zachary Jimenez,56,,1,20.0,,0,0,-0.5536766557812438,1.22765863469358,Low Engagement Customers
Zachary King,48,,1,8.0,,1,1,0.9775599351714064,-0.4891424526930484,High Value Satisfied Customers
Zachary Medina,36,1.0,1,21.0,13.0,1,1,1.09509729901712,1.9518116957466696,High Value Satisfied Customers
Zachary Murphy,19,4.0,2,21.0,6.5,2,5,4.972409484396371,-1.3630690085917117,
Zachary Sandoval,66,,1,4.0,,0,3,-0.5704216324326803,-0.1388983518185883,
Zachary Swanson,38,,1,,,0,4,-0.5440804069201112,-0.11287838609612842,
Zachary Vasquez,27,,1,12.0,,1,1,0.996493334812937,-0.621776305663679,High Value Satisfied Customers
Zachary Weiss,19,2.0,1,3.0,8.0,0,4,-0.6500972757902528,-1.2540131181094067,
Zoe Roberts,21,3.0,1,22.0,8.0,0,0,-0.6499408989436124,0.14043332857260496,Low Engagement Customers
Zoe White,35,1.0,1,4.0,23.0,0,7,-0.02733051128326472,1.8057312604147722,
